accession	file_name	file_type	url	local_relative_path	dataset_license	dataset_license_url	license_status	redistribution_status	download_status
MTBLS10129	a_MTBLS10129_exo_LC-MS_negative_hilic_metabolite_profiling.txt	metadata_assay	https://ftp.ebi.ac.uk/pub/databases/metabolights/studies/public/MTBLS10129/a_MTBLS10129_exo_LC-MS_negative_hilic_metabolite_profiling.txt	raw/metabolomics/MetaboLights/MTBLS10129/a_MTBLS10129_exo_LC-MS_negative_hilic_metabolite_profiling.txt	EMBL-EBI Terms of Use	https://www.ebi.ac.uk/about/terms-of-use/	per_study_terms	conditional_until_reviewed	pending
MTBLS10129	a_MTBLS10129_exo_LC-MS_negative_reverse-phase_metabolite_profiling.txt	metadata_assay	https://ftp.ebi.ac.uk/pub/databases/metabolights/studies/public/MTBLS10129/a_MTBLS10129_exo_LC-MS_negative_reverse-phase_metabolite_profiling.txt	raw/metabolomics/MetaboLights/MTBLS10129/a_MTBLS10129_exo_LC-MS_negative_reverse-phase_metabolite_profiling.txt	EMBL-EBI Terms of Use	https://www.ebi.ac.uk/about/terms-of-use/	per_study_terms	conditional_until_reviewed	pending
MTBLS10129	a_MTBLS10129_exo_LC-MS_positive_hilic_metabolite_profiling.txt	metadata_assay	https://ftp.ebi.ac.uk/pub/databases/metabolights/studies/public/MTBLS10129/a_MTBLS10129_exo_LC-MS_positive_hilic_metabolite_profiling.txt	raw/metabolomics/MetaboLights/MTBLS10129/a_MTBLS10129_exo_LC-MS_positive_hilic_metabolite_profiling.txt	EMBL-EBI Terms of Use	https://www.ebi.ac.uk/about/terms-of-use/	per_study_terms	conditional_until_reviewed	pending
MTBLS10129	a_MTBLS10129_exo_LC-MS_positive_reverse-phase_metabolite_profiling.txt	metadata_assay	https://ftp.ebi.ac.uk/pub/databases/metabolights/studies/public/MTBLS10129/a_MTBLS10129_exo_LC-MS_positive_reverse-phase_metabolite_profiling.txt	raw/metabolomics/MetaboLights/MTBLS10129/a_MTBLS10129_exo_LC-MS_positive_reverse-phase_metabolite_profiling.txt	EMBL-EBI Terms of Use	https://www.ebi.ac.uk/about/terms-of-use/	per_study_terms	conditional_until_reviewed	pending
MTBLS10129	a_MTBLS10129_non-polar_endo_LC-MS_negative_reverse-phase_metabolite_profiling.txt	metadata_assay	https://ftp.ebi.ac.uk/pub/databases/metabolights/studies/public/MTBLS10129/a_MTBLS10129_non-polar_endo_LC-MS_negative_reverse-phase_metabolite_profiling.txt	raw/metabolomics/MetaboLights/MTBLS10129/a_MTBLS10129_non-polar_endo_LC-MS_negative_reverse-phase_metabolite_profiling.txt	EMBL-EBI Terms of Use	https://www.ebi.ac.uk/about/terms-of-use/	per_study_terms	conditional_until_reviewed	pending
MTBLS10129	a_MTBLS10129_non-polar_endo_LC-MS_positive_reverse-phase_metabolite_profiling.txt	metadata_assay	https://ftp.ebi.ac.uk/pub/databases/metabolights/studies/public/MTBLS10129/a_MTBLS10129_non-polar_endo_LC-MS_positive_reverse-phase_metabolite_profiling.txt	raw/metabolomics/MetaboLights/MTBLS10129/a_MTBLS10129_non-polar_endo_LC-MS_positive_reverse-phase_metabolite_profiling.txt	EMBL-EBI Terms of Use	https://www.ebi.ac.uk/about/terms-of-use/	per_study_terms	conditional_until_reviewed	pending
MTBLS10129	a_MTBLS10129_polar_endo_LC-MS_negative_hilic_metabolite_profiling.txt	metadata_assay	https://ftp.ebi.ac.uk/pub/databases/metabolights/studies/public/MTBLS10129/a_MTBLS10129_polar_endo_LC-MS_negative_hilic_metabolite_profiling.txt	raw/metabolomics/MetaboLights/MTBLS10129/a_MTBLS10129_polar_endo_LC-MS_negative_hilic_metabolite_profiling.txt	EMBL-EBI Terms of Use	https://www.ebi.ac.uk/about/terms-of-use/	per_study_terms	conditional_until_reviewed	pending
MTBLS10129	a_MTBLS10129_polar_endo_LC-MS_positive_hilic_metabolite_profiling.txt	metadata_assay	https://ftp.ebi.ac.uk/pub/databases/metabolights/studies/public/MTBLS10129/a_MTBLS10129_polar_endo_LC-MS_positive_hilic_metabolite_profiling.txt	raw/metabolomics/MetaboLights/MTBLS10129/a_MTBLS10129_polar_endo_LC-MS_positive_hilic_metabolite_profiling.txt	EMBL-EBI Terms of Use	https://www.ebi.ac.uk/about/terms-of-use/	per_study_terms	conditional_until_reviewed	pending
MTBLS10129	i_Investigation.txt	metadata_investigation	https://ftp.ebi.ac.uk/pub/databases/metabolights/studies/public/MTBLS10129/i_Investigation.txt	raw/metabolomics/MetaboLights/MTBLS10129/i_Investigation.txt	EMBL-EBI Terms of Use	https://www.ebi.ac.uk/about/terms-of-use/	per_study_terms	conditional_until_reviewed	pending
MTBLS10129	m_MTBLS10129_exo_LC-MS_negative_hilic_metabolite_profiling_v2_maf.tsv	metadata_maf	https://ftp.ebi.ac.uk/pub/databases/metabolights/studies/public/MTBLS10129/m_MTBLS10129_exo_LC-MS_negative_hilic_metabolite_profiling_v2_maf.tsv	raw/metabolomics/MetaboLights/MTBLS10129/m_MTBLS10129_exo_LC-MS_negative_hilic_metabolite_profiling_v2_maf.tsv	EMBL-EBI Terms of Use	https://www.ebi.ac.uk/about/terms-of-use/	per_study_terms	conditional_until_reviewed	pending
MTBLS10129	m_MTBLS10129_exo_LC-MS_negative_reverse-phase_metabolite_profiling_v2_maf.tsv	metadata_maf	https://ftp.ebi.ac.uk/pub/databases/metabolights/studies/public/MTBLS10129/m_MTBLS10129_exo_LC-MS_negative_reverse-phase_metabolite_profiling_v2_maf.tsv	raw/metabolomics/MetaboLights/MTBLS10129/m_MTBLS10129_exo_LC-MS_negative_reverse-phase_metabolite_profiling_v2_maf.tsv	EMBL-EBI Terms of Use	https://www.ebi.ac.uk/about/terms-of-use/	per_study_terms	conditional_until_reviewed	pending
MTBLS10129	m_MTBLS10129_exo_LC-MS_positive_hilic_metabolite_profiling_v2_maf.tsv	metadata_maf	https://ftp.ebi.ac.uk/pub/databases/metabolights/studies/public/MTBLS10129/m_MTBLS10129_exo_LC-MS_positive_hilic_metabolite_profiling_v2_maf.tsv	raw/metabolomics/MetaboLights/MTBLS10129/m_MTBLS10129_exo_LC-MS_positive_hilic_metabolite_profiling_v2_maf.tsv	EMBL-EBI Terms of Use	https://www.ebi.ac.uk/about/terms-of-use/	per_study_terms	conditional_until_reviewed	pending
MTBLS10129	m_MTBLS10129_exo_LC-MS_positive_reverse-phase_metabolite_profiling_v2_maf.tsv	metadata_maf	https://ftp.ebi.ac.uk/pub/databases/metabolights/studies/public/MTBLS10129/m_MTBLS10129_exo_LC-MS_positive_reverse-phase_metabolite_profiling_v2_maf.tsv	raw/metabolomics/MetaboLights/MTBLS10129/m_MTBLS10129_exo_LC-MS_positive_reverse-phase_metabolite_profiling_v2_maf.tsv	EMBL-EBI Terms of Use	https://www.ebi.ac.uk/about/terms-of-use/	per_study_terms	conditional_until_reviewed	pending
MTBLS10129	m_MTBLS10129_non-polar_endo_LC-MS_negative_reverse-phase_metabolite_profiling_v2_maf.tsv	metadata_maf	https://ftp.ebi.ac.uk/pub/databases/metabolights/studies/public/MTBLS10129/m_MTBLS10129_non-polar_endo_LC-MS_negative_reverse-phase_metabolite_profiling_v2_maf.tsv	raw/metabolomics/MetaboLights/MTBLS10129/m_MTBLS10129_non-polar_endo_LC-MS_negative_reverse-phase_metabolite_profiling_v2_maf.tsv	EMBL-EBI Terms of Use	https://www.ebi.ac.uk/about/terms-of-use/	per_study_terms	conditional_until_reviewed	pending
MTBLS10129	m_MTBLS10129_non-polar_endo_LC-MS_positive_reverse-phase_metabolite_profiling_v2_maf.tsv	metadata_maf	https://ftp.ebi.ac.uk/pub/databases/metabolights/studies/public/MTBLS10129/m_MTBLS10129_non-polar_endo_LC-MS_positive_reverse-phase_metabolite_profiling_v2_maf.tsv	raw/metabolomics/MetaboLights/MTBLS10129/m_MTBLS10129_non-polar_endo_LC-MS_positive_reverse-phase_metabolite_profiling_v2_maf.tsv	EMBL-EBI Terms of Use	https://www.ebi.ac.uk/about/terms-of-use/	per_study_terms	conditional_until_reviewed	pending
MTBLS10129	m_MTBLS10129_polar_endo_LC-MS_negative_hilic_metabolite_profiling_v2_maf.tsv	metadata_maf	https://ftp.ebi.ac.uk/pub/databases/metabolights/studies/public/MTBLS10129/m_MTBLS10129_polar_endo_LC-MS_negative_hilic_metabolite_profiling_v2_maf.tsv	raw/metabolomics/MetaboLights/MTBLS10129/m_MTBLS10129_polar_endo_LC-MS_negative_hilic_metabolite_profiling_v2_maf.tsv	EMBL-EBI Terms of Use	https://www.ebi.ac.uk/about/terms-of-use/	per_study_terms	conditional_until_reviewed	pending
MTBLS10129	m_MTBLS10129_polar_endo_LC-MS_positive_hilic_metabolite_profiling_v2_maf.tsv	metadata_maf	https://ftp.ebi.ac.uk/pub/databases/metabolights/studies/public/MTBLS10129/m_MTBLS10129_polar_endo_LC-MS_positive_hilic_metabolite_profiling_v2_maf.tsv	raw/metabolomics/MetaboLights/MTBLS10129/m_MTBLS10129_polar_endo_LC-MS_positive_hilic_metabolite_profiling_v2_maf.tsv	EMBL-EBI Terms of Use	https://www.ebi.ac.uk/about/terms-of-use/	per_study_terms	conditional_until_reviewed	pending
MTBLS10129	s_MTBLS10129.txt	metadata_sample	https://ftp.ebi.ac.uk/pub/databases/metabolights/studies/public/MTBLS10129/s_MTBLS10129.txt	raw/metabolomics/MetaboLights/MTBLS10129/s_MTBLS10129.txt	EMBL-EBI Terms of Use	https://www.ebi.ac.uk/about/terms-of-use/	per_study_terms	conditional_until_reviewed	pending
MTBLS1044	a_MTBLS1044_BEH_mass_spectrometry.txt	metadata_assay	https://ftp.ebi.ac.uk/pub/databases/metabolights/studies/public/MTBLS1044/a_MTBLS1044_BEH_mass_spectrometry.txt	raw/metabolomics/MetaboLights/MTBLS1044/a_MTBLS1044_BEH_mass_spectrometry.txt	EMBL-EBI Terms of Use	https://www.ebi.ac.uk/about/terms-of-use/	per_study_terms	conditional_until_reviewed	pending
MTBLS1044	a_MTBLS1044_iHILIC_mass_spectrometry.txt	metadata_assay	https://ftp.ebi.ac.uk/pub/databases/metabolights/studies/public/MTBLS1044/a_MTBLS1044_iHILIC_mass_spectrometry.txt	raw/metabolomics/MetaboLights/MTBLS1044/a_MTBLS1044_iHILIC_mass_spectrometry.txt	EMBL-EBI Terms of Use	https://www.ebi.ac.uk/about/terms-of-use/	per_study_terms	conditional_until_reviewed	pending
MTBLS1044	i_Investigation.txt	metadata_investigation	https://ftp.ebi.ac.uk/pub/databases/metabolights/studies/public/MTBLS1044/i_Investigation.txt	raw/metabolomics/MetaboLights/MTBLS1044/i_Investigation.txt	EMBL-EBI Terms of Use	https://www.ebi.ac.uk/about/terms-of-use/	per_study_terms	conditional_until_reviewed	pending
MTBLS1044	m_MTBLS1044_mass_spectrometry_v2_maf.tsv	metadata_maf	https://ftp.ebi.ac.uk/pub/databases/metabolights/studies/public/MTBLS1044/m_MTBLS1044_mass_spectrometry_v2_maf.tsv	raw/metabolomics/MetaboLights/MTBLS1044/m_MTBLS1044_mass_spectrometry_v2_maf.tsv	EMBL-EBI Terms of Use	https://www.ebi.ac.uk/about/terms-of-use/	per_study_terms	conditional_until_reviewed	pending
MTBLS1044	s_MTBLS1044.txt	metadata_sample	https://ftp.ebi.ac.uk/pub/databases/metabolights/studies/public/MTBLS1044/s_MTBLS1044.txt	raw/metabolomics/MetaboLights/MTBLS1044/s_MTBLS1044.txt	EMBL-EBI Terms of Use	https://www.ebi.ac.uk/about/terms-of-use/	per_study_terms	conditional_until_reviewed	pending
MTBLS10647	a_MTBLS10647_FIA-MS_negative__metabolite_profiling-1.txt	metadata_assay	https://ftp.ebi.ac.uk/pub/databases/metabolights/studies/public/MTBLS10647/a_MTBLS10647_FIA-MS_negative__metabolite_profiling-1.txt	raw/metabolomics/MetaboLights/MTBLS10647/a_MTBLS10647_FIA-MS_negative__metabolite_profiling-1.txt	EMBL-EBI Terms of Use	https://www.ebi.ac.uk/about/terms-of-use/	per_study_terms	conditional_until_reviewed	pending
MTBLS10647	i_Investigation.txt	metadata_investigation	https://ftp.ebi.ac.uk/pub/databases/metabolights/studies/public/MTBLS10647/i_Investigation.txt	raw/metabolomics/MetaboLights/MTBLS10647/i_Investigation.txt	EMBL-EBI Terms of Use	https://www.ebi.ac.uk/about/terms-of-use/	per_study_terms	conditional_until_reviewed	pending
MTBLS10647	m_MTBLS10647_FIA-MS_negative__metabolite_profiling-1_v2_maf.tsv	metadata_maf	https://ftp.ebi.ac.uk/pub/databases/metabolights/studies/public/MTBLS10647/m_MTBLS10647_FIA-MS_negative__metabolite_profiling-1_v2_maf.tsv	raw/metabolomics/MetaboLights/MTBLS10647/m_MTBLS10647_FIA-MS_negative__metabolite_profiling-1_v2_maf.tsv	EMBL-EBI Terms of Use	https://www.ebi.ac.uk/about/terms-of-use/	per_study_terms	conditional_until_reviewed	pending
MTBLS10647	s_MTBLS10647.txt	metadata_sample	https://ftp.ebi.ac.uk/pub/databases/metabolights/studies/public/MTBLS10647/s_MTBLS10647.txt	raw/metabolomics/MetaboLights/MTBLS10647/s_MTBLS10647.txt	EMBL-EBI Terms of Use	https://www.ebi.ac.uk/about/terms-of-use/	per_study_terms	conditional_until_reviewed	pending
MTBLS10720	a_MTBLS10720_LC-MS_alternating_hilic_metabolite_profiling.txt	metadata_assay	https://ftp.ebi.ac.uk/pub/databases/metabolights/studies/public/MTBLS10720/a_MTBLS10720_LC-MS_alternating_hilic_metabolite_profiling.txt	raw/metabolomics/MetaboLights/MTBLS10720/a_MTBLS10720_LC-MS_alternating_hilic_metabolite_profiling.txt	EMBL-EBI Terms of Use	https://www.ebi.ac.uk/about/terms-of-use/	per_study_terms	conditional_until_reviewed	pending
MTBLS10720	a_MTBLS10720_LC-MS_alternating_reverse-phase_metabolite_profiling.txt	metadata_assay	https://ftp.ebi.ac.uk/pub/databases/metabolights/studies/public/MTBLS10720/a_MTBLS10720_LC-MS_alternating_reverse-phase_metabolite_profiling.txt	raw/metabolomics/MetaboLights/MTBLS10720/a_MTBLS10720_LC-MS_alternating_reverse-phase_metabolite_profiling.txt	EMBL-EBI Terms of Use	https://www.ebi.ac.uk/about/terms-of-use/	per_study_terms	conditional_until_reviewed	pending
MTBLS10720	i_Investigation.txt	metadata_investigation	https://ftp.ebi.ac.uk/pub/databases/metabolights/studies/public/MTBLS10720/i_Investigation.txt	raw/metabolomics/MetaboLights/MTBLS10720/i_Investigation.txt	EMBL-EBI Terms of Use	https://www.ebi.ac.uk/about/terms-of-use/	per_study_terms	conditional_until_reviewed	pending
MTBLS10720	m_MTBLS10720_LC-MS_alternating_metabolite_profiling_v2_maf.tsv	metadata_maf	https://ftp.ebi.ac.uk/pub/databases/metabolights/studies/public/MTBLS10720/m_MTBLS10720_LC-MS_alternating_metabolite_profiling_v2_maf.tsv	raw/metabolomics/MetaboLights/MTBLS10720/m_MTBLS10720_LC-MS_alternating_metabolite_profiling_v2_maf.tsv	EMBL-EBI Terms of Use	https://www.ebi.ac.uk/about/terms-of-use/	per_study_terms	conditional_until_reviewed	pending
MTBLS10720	s_MTBLS10720.txt	metadata_sample	https://ftp.ebi.ac.uk/pub/databases/metabolights/studies/public/MTBLS10720/s_MTBLS10720.txt	raw/metabolomics/MetaboLights/MTBLS10720/s_MTBLS10720.txt	EMBL-EBI Terms of Use	https://www.ebi.ac.uk/about/terms-of-use/	per_study_terms	conditional_until_reviewed	pending
MTBLS10724	a_MTBLS10724_LC-DAD_alternating_reverse-phase_metabolite_profiling.txt	metadata_assay	https://ftp.ebi.ac.uk/pub/databases/metabolights/studies/public/MTBLS10724/a_MTBLS10724_LC-DAD_alternating_reverse-phase_metabolite_profiling.txt	raw/metabolomics/MetaboLights/MTBLS10724/a_MTBLS10724_LC-DAD_alternating_reverse-phase_metabolite_profiling.txt	EMBL-EBI Terms of Use	https://www.ebi.ac.uk/about/terms-of-use/	per_study_terms	conditional_until_reviewed	pending
MTBLS10724	i_Investigation.txt	metadata_investigation	https://ftp.ebi.ac.uk/pub/databases/metabolights/studies/public/MTBLS10724/i_Investigation.txt	raw/metabolomics/MetaboLights/MTBLS10724/i_Investigation.txt	EMBL-EBI Terms of Use	https://www.ebi.ac.uk/about/terms-of-use/	per_study_terms	conditional_until_reviewed	pending
MTBLS10724	m_MTBLS10724_LC-DAD_alternating_reverse-phase_metabolite_profiling_v2_maf.tsv	metadata_maf	https://ftp.ebi.ac.uk/pub/databases/metabolights/studies/public/MTBLS10724/m_MTBLS10724_LC-DAD_alternating_reverse-phase_metabolite_profiling_v2_maf.tsv	raw/metabolomics/MetaboLights/MTBLS10724/m_MTBLS10724_LC-DAD_alternating_reverse-phase_metabolite_profiling_v2_maf.tsv	EMBL-EBI Terms of Use	https://www.ebi.ac.uk/about/terms-of-use/	per_study_terms	conditional_until_reviewed	pending
MTBLS10724	s_MTBLS10724.txt	metadata_sample	https://ftp.ebi.ac.uk/pub/databases/metabolights/studies/public/MTBLS10724/s_MTBLS10724.txt	raw/metabolomics/MetaboLights/MTBLS10724/s_MTBLS10724.txt	EMBL-EBI Terms of Use	https://www.ebi.ac.uk/about/terms-of-use/	per_study_terms	conditional_until_reviewed	pending
MTBLS1079	a_MTBLS1079_Exp1_GCxGC-MS.txt	metadata_assay	https://ftp.ebi.ac.uk/pub/databases/metabolights/studies/public/MTBLS1079/a_MTBLS1079_Exp1_GCxGC-MS.txt	raw/metabolomics/MetaboLights/MTBLS1079/a_MTBLS1079_Exp1_GCxGC-MS.txt	EMBL-EBI Terms of Use	https://www.ebi.ac.uk/about/terms-of-use/	per_study_terms	conditional_until_reviewed	pending
MTBLS1079	a_MTBLS1079_Exp2_GCxGC-MS.txt	metadata_assay	https://ftp.ebi.ac.uk/pub/databases/metabolights/studies/public/MTBLS1079/a_MTBLS1079_Exp2_GCxGC-MS.txt	raw/metabolomics/MetaboLights/MTBLS1079/a_MTBLS1079_Exp2_GCxGC-MS.txt	EMBL-EBI Terms of Use	https://www.ebi.ac.uk/about/terms-of-use/	per_study_terms	conditional_until_reviewed	pending
MTBLS1079	a_MTBLS1079_Exp3_GCxGC-MS.txt	metadata_assay	https://ftp.ebi.ac.uk/pub/databases/metabolights/studies/public/MTBLS1079/a_MTBLS1079_Exp3_GCxGC-MS.txt	raw/metabolomics/MetaboLights/MTBLS1079/a_MTBLS1079_Exp3_GCxGC-MS.txt	EMBL-EBI Terms of Use	https://www.ebi.ac.uk/about/terms-of-use/	per_study_terms	conditional_until_reviewed	pending
MTBLS1079	a_MTBLS1079_Exp4_GCxGC-MS.txt	metadata_assay	https://ftp.ebi.ac.uk/pub/databases/metabolights/studies/public/MTBLS1079/a_MTBLS1079_Exp4_GCxGC-MS.txt	raw/metabolomics/MetaboLights/MTBLS1079/a_MTBLS1079_Exp4_GCxGC-MS.txt	EMBL-EBI Terms of Use	https://www.ebi.ac.uk/about/terms-of-use/	per_study_terms	conditional_until_reviewed	pending
MTBLS1079	i_Investigation.txt	metadata_investigation	https://ftp.ebi.ac.uk/pub/databases/metabolights/studies/public/MTBLS1079/i_Investigation.txt	raw/metabolomics/MetaboLights/MTBLS1079/i_Investigation.txt	EMBL-EBI Terms of Use	https://www.ebi.ac.uk/about/terms-of-use/	per_study_terms	conditional_until_reviewed	pending
MTBLS1079	m_MTBLS1079_Exp1_GCxGC-MS_v2_maf.tsv	metadata_maf	https://ftp.ebi.ac.uk/pub/databases/metabolights/studies/public/MTBLS1079/m_MTBLS1079_Exp1_GCxGC-MS_v2_maf.tsv	raw/metabolomics/MetaboLights/MTBLS1079/m_MTBLS1079_Exp1_GCxGC-MS_v2_maf.tsv	EMBL-EBI Terms of Use	https://www.ebi.ac.uk/about/terms-of-use/	per_study_terms	conditional_until_reviewed	pending
MTBLS1079	m_MTBLS1079_Exp2_GCxGC-MS_v2_maf.tsv	metadata_maf	https://ftp.ebi.ac.uk/pub/databases/metabolights/studies/public/MTBLS1079/m_MTBLS1079_Exp2_GCxGC-MS_v2_maf.tsv	raw/metabolomics/MetaboLights/MTBLS1079/m_MTBLS1079_Exp2_GCxGC-MS_v2_maf.tsv	EMBL-EBI Terms of Use	https://www.ebi.ac.uk/about/terms-of-use/	per_study_terms	conditional_until_reviewed	pending
MTBLS1079	m_MTBLS1079_Exp3_GCxGC-MS_v2_maf.tsv	metadata_maf	https://ftp.ebi.ac.uk/pub/databases/metabolights/studies/public/MTBLS1079/m_MTBLS1079_Exp3_GCxGC-MS_v2_maf.tsv	raw/metabolomics/MetaboLights/MTBLS1079/m_MTBLS1079_Exp3_GCxGC-MS_v2_maf.tsv	EMBL-EBI Terms of Use	https://www.ebi.ac.uk/about/terms-of-use/	per_study_terms	conditional_until_reviewed	pending
MTBLS1079	m_MTBLS1079_Exp4_GCxGC-MS_v2_maf.tsv	metadata_maf	https://ftp.ebi.ac.uk/pub/databases/metabolights/studies/public/MTBLS1079/m_MTBLS1079_Exp4_GCxGC-MS_v2_maf.tsv	raw/metabolomics/MetaboLights/MTBLS1079/m_MTBLS1079_Exp4_GCxGC-MS_v2_maf.tsv	EMBL-EBI Terms of Use	https://www.ebi.ac.uk/about/terms-of-use/	per_study_terms	conditional_until_reviewed	pending
MTBLS1079	s_MTBLS1079.txt	metadata_sample	https://ftp.ebi.ac.uk/pub/databases/metabolights/studies/public/MTBLS1079/s_MTBLS1079.txt	raw/metabolomics/MetaboLights/MTBLS1079/s_MTBLS1079.txt	EMBL-EBI Terms of Use	https://www.ebi.ac.uk/about/terms-of-use/	per_study_terms	conditional_until_reviewed	pending
MTBLS11049	a_MTBLS11049_LC-MS_negative__metabolite_profiling.txt	metadata_assay	https://ftp.ebi.ac.uk/pub/databases/metabolights/studies/public/MTBLS11049/a_MTBLS11049_LC-MS_negative__metabolite_profiling.txt	raw/metabolomics/MetaboLights/MTBLS11049/a_MTBLS11049_LC-MS_negative__metabolite_profiling.txt	EMBL-EBI Terms of Use	https://www.ebi.ac.uk/about/terms-of-use/	per_study_terms	conditional_until_reviewed	pending
MTBLS11049	a_MTBLS11049_LC-MS_positive__metabolite_profiling.txt	metadata_assay	https://ftp.ebi.ac.uk/pub/databases/metabolights/studies/public/MTBLS11049/a_MTBLS11049_LC-MS_positive__metabolite_profiling.txt	raw/metabolomics/MetaboLights/MTBLS11049/a_MTBLS11049_LC-MS_positive__metabolite_profiling.txt	EMBL-EBI Terms of Use	https://www.ebi.ac.uk/about/terms-of-use/	per_study_terms	conditional_until_reviewed	pending
MTBLS11049	i_Investigation.txt	metadata_investigation	https://ftp.ebi.ac.uk/pub/databases/metabolights/studies/public/MTBLS11049/i_Investigation.txt	raw/metabolomics/MetaboLights/MTBLS11049/i_Investigation.txt	EMBL-EBI Terms of Use	https://www.ebi.ac.uk/about/terms-of-use/	per_study_terms	conditional_until_reviewed	pending
MTBLS11049	m_MTBLS11049_LC-MS_negative__metabolite_profiling_v2_maf.tsv	metadata_maf	https://ftp.ebi.ac.uk/pub/databases/metabolights/studies/public/MTBLS11049/m_MTBLS11049_LC-MS_negative__metabolite_profiling_v2_maf.tsv	raw/metabolomics/MetaboLights/MTBLS11049/m_MTBLS11049_LC-MS_negative__metabolite_profiling_v2_maf.tsv	EMBL-EBI Terms of Use	https://www.ebi.ac.uk/about/terms-of-use/	per_study_terms	conditional_until_reviewed	pending
MTBLS11049	m_MTBLS11049_LC-MS_positive__metabolite_profiling_v2_maf.tsv	metadata_maf	https://ftp.ebi.ac.uk/pub/databases/metabolights/studies/public/MTBLS11049/m_MTBLS11049_LC-MS_positive__metabolite_profiling_v2_maf.tsv	raw/metabolomics/MetaboLights/MTBLS11049/m_MTBLS11049_LC-MS_positive__metabolite_profiling_v2_maf.tsv	EMBL-EBI Terms of Use	https://www.ebi.ac.uk/about/terms-of-use/	per_study_terms	conditional_until_reviewed	pending
MTBLS11049	s_MTBLS11049.txt	metadata_sample	https://ftp.ebi.ac.uk/pub/databases/metabolights/studies/public/MTBLS11049/s_MTBLS11049.txt	raw/metabolomics/MetaboLights/MTBLS11049/s_MTBLS11049.txt	EMBL-EBI Terms of Use	https://www.ebi.ac.uk/about/terms-of-use/	per_study_terms	conditional_until_reviewed	pending
MTBLS11078	a_MTBLS11078_LC-MS__hilic_metabolite_profiling.txt	metadata_assay	https://ftp.ebi.ac.uk/pub/databases/metabolights/studies/public/MTBLS11078/a_MTBLS11078_LC-MS__hilic_metabolite_profiling.txt	raw/metabolomics/MetaboLights/MTBLS11078/a_MTBLS11078_LC-MS__hilic_metabolite_profiling.txt	EMBL-EBI Terms of Use	https://www.ebi.ac.uk/about/terms-of-use/	per_study_terms	conditional_until_reviewed	pending
MTBLS11078	i_Investigation.txt	metadata_investigation	https://ftp.ebi.ac.uk/pub/databases/metabolights/studies/public/MTBLS11078/i_Investigation.txt	raw/metabolomics/MetaboLights/MTBLS11078/i_Investigation.txt	EMBL-EBI Terms of Use	https://www.ebi.ac.uk/about/terms-of-use/	per_study_terms	conditional_until_reviewed	pending
MTBLS11078	m_MTBLS11078_LC-MS__hilic_metabolite_profiling_v2_maf.tsv	metadata_maf	https://ftp.ebi.ac.uk/pub/databases/metabolights/studies/public/MTBLS11078/m_MTBLS11078_LC-MS__hilic_metabolite_profiling_v2_maf.tsv	raw/metabolomics/MetaboLights/MTBLS11078/m_MTBLS11078_LC-MS__hilic_metabolite_profiling_v2_maf.tsv	EMBL-EBI Terms of Use	https://www.ebi.ac.uk/about/terms-of-use/	per_study_terms	conditional_until_reviewed	pending
MTBLS11078	s_MTBLS11078.txt	metadata_sample	https://ftp.ebi.ac.uk/pub/databases/metabolights/studies/public/MTBLS11078/s_MTBLS11078.txt	raw/metabolomics/MetaboLights/MTBLS11078/s_MTBLS11078.txt	EMBL-EBI Terms of Use	https://www.ebi.ac.uk/about/terms-of-use/	per_study_terms	conditional_until_reviewed	pending
MTBLS11212	a_MTBLS11212_LC-MS_negative_metabolite_profiling.txt	metadata_assay	https://ftp.ebi.ac.uk/pub/databases/metabolights/studies/public/MTBLS11212/a_MTBLS11212_LC-MS_negative_metabolite_profiling.txt	raw/metabolomics/MetaboLights/MTBLS11212/a_MTBLS11212_LC-MS_negative_metabolite_profiling.txt	EMBL-EBI Terms of Use	https://www.ebi.ac.uk/about/terms-of-use/	per_study_terms	conditional_until_reviewed	pending
MTBLS11212	a_MTBLS11212_LC-MS_positive_metabolite_profiling.txt	metadata_assay	https://ftp.ebi.ac.uk/pub/databases/metabolights/studies/public/MTBLS11212/a_MTBLS11212_LC-MS_positive_metabolite_profiling.txt	raw/metabolomics/MetaboLights/MTBLS11212/a_MTBLS11212_LC-MS_positive_metabolite_profiling.txt	EMBL-EBI Terms of Use	https://www.ebi.ac.uk/about/terms-of-use/	per_study_terms	conditional_until_reviewed	pending
MTBLS11212	i_Investigation.txt	metadata_investigation	https://ftp.ebi.ac.uk/pub/databases/metabolights/studies/public/MTBLS11212/i_Investigation.txt	raw/metabolomics/MetaboLights/MTBLS11212/i_Investigation.txt	EMBL-EBI Terms of Use	https://www.ebi.ac.uk/about/terms-of-use/	per_study_terms	conditional_until_reviewed	pending
MTBLS11212	m_MTBLS11212_LC-MS_negative_metabolite_profiling_v2_maf.tsv	metadata_maf	https://ftp.ebi.ac.uk/pub/databases/metabolights/studies/public/MTBLS11212/m_MTBLS11212_LC-MS_negative_metabolite_profiling_v2_maf.tsv	raw/metabolomics/MetaboLights/MTBLS11212/m_MTBLS11212_LC-MS_negative_metabolite_profiling_v2_maf.tsv	EMBL-EBI Terms of Use	https://www.ebi.ac.uk/about/terms-of-use/	per_study_terms	conditional_until_reviewed	pending
MTBLS11212	m_MTBLS11212_LC-MS_positive_metabolite_profiling_v2_maf.tsv	metadata_maf	https://ftp.ebi.ac.uk/pub/databases/metabolights/studies/public/MTBLS11212/m_MTBLS11212_LC-MS_positive_metabolite_profiling_v2_maf.tsv	raw/metabolomics/MetaboLights/MTBLS11212/m_MTBLS11212_LC-MS_positive_metabolite_profiling_v2_maf.tsv	EMBL-EBI Terms of Use	https://www.ebi.ac.uk/about/terms-of-use/	per_study_terms	conditional_until_reviewed	pending
MTBLS11212	s_MTBLS11212.txt	metadata_sample	https://ftp.ebi.ac.uk/pub/databases/metabolights/studies/public/MTBLS11212/s_MTBLS11212.txt	raw/metabolomics/MetaboLights/MTBLS11212/s_MTBLS11212.txt	EMBL-EBI Terms of Use	https://www.ebi.ac.uk/about/terms-of-use/	per_study_terms	conditional_until_reviewed	pending
MTBLS11336	a_MTBLS11336_LC-MS_negative_reverse-phase_metabolite_profiling.txt	metadata_assay	https://ftp.ebi.ac.uk/pub/databases/metabolights/studies/public/MTBLS11336/a_MTBLS11336_LC-MS_negative_reverse-phase_metabolite_profiling.txt	raw/metabolomics/MetaboLights/MTBLS11336/a_MTBLS11336_LC-MS_negative_reverse-phase_metabolite_profiling.txt	EMBL-EBI Terms of Use	https://www.ebi.ac.uk/about/terms-of-use/	per_study_terms	conditional_until_reviewed	pending
MTBLS11336	a_MTBLS11336_LC-MS_positive_reverse-phase_metabolite_profiling.txt	metadata_assay	https://ftp.ebi.ac.uk/pub/databases/metabolights/studies/public/MTBLS11336/a_MTBLS11336_LC-MS_positive_reverse-phase_metabolite_profiling.txt	raw/metabolomics/MetaboLights/MTBLS11336/a_MTBLS11336_LC-MS_positive_reverse-phase_metabolite_profiling.txt	EMBL-EBI Terms of Use	https://www.ebi.ac.uk/about/terms-of-use/	per_study_terms	conditional_until_reviewed	pending
MTBLS11336	i_Investigation.txt	metadata_investigation	https://ftp.ebi.ac.uk/pub/databases/metabolights/studies/public/MTBLS11336/i_Investigation.txt	raw/metabolomics/MetaboLights/MTBLS11336/i_Investigation.txt	EMBL-EBI Terms of Use	https://www.ebi.ac.uk/about/terms-of-use/	per_study_terms	conditional_until_reviewed	pending
MTBLS11336	m_MTBLS11336_LC-MS_negative_reverse-phase_metabolite_profiling_v2_maf.tsv	metadata_maf	https://ftp.ebi.ac.uk/pub/databases/metabolights/studies/public/MTBLS11336/m_MTBLS11336_LC-MS_negative_reverse-phase_metabolite_profiling_v2_maf.tsv	raw/metabolomics/MetaboLights/MTBLS11336/m_MTBLS11336_LC-MS_negative_reverse-phase_metabolite_profiling_v2_maf.tsv	EMBL-EBI Terms of Use	https://www.ebi.ac.uk/about/terms-of-use/	per_study_terms	conditional_until_reviewed	pending
MTBLS11336	m_MTBLS11336_LC-MS_positive_reverse-phase_metabolite_profiling_v2_maf.tsv	metadata_maf	https://ftp.ebi.ac.uk/pub/databases/metabolights/studies/public/MTBLS11336/m_MTBLS11336_LC-MS_positive_reverse-phase_metabolite_profiling_v2_maf.tsv	raw/metabolomics/MetaboLights/MTBLS11336/m_MTBLS11336_LC-MS_positive_reverse-phase_metabolite_profiling_v2_maf.tsv	EMBL-EBI Terms of Use	https://www.ebi.ac.uk/about/terms-of-use/	per_study_terms	conditional_until_reviewed	pending
MTBLS11336	s_MTBLS11336.txt	metadata_sample	https://ftp.ebi.ac.uk/pub/databases/metabolights/studies/public/MTBLS11336/s_MTBLS11336.txt	raw/metabolomics/MetaboLights/MTBLS11336/s_MTBLS11336.txt	EMBL-EBI Terms of Use	https://www.ebi.ac.uk/about/terms-of-use/	per_study_terms	conditional_until_reviewed	pending
MTBLS11719	a_MTBLS11719_LC-MS_negative__metabolite_profiling.txt	metadata_assay	https://ftp.ebi.ac.uk/pub/databases/metabolights/studies/public/MTBLS11719/a_MTBLS11719_LC-MS_negative__metabolite_profiling.txt	raw/metabolomics/MetaboLights/MTBLS11719/a_MTBLS11719_LC-MS_negative__metabolite_profiling.txt	EMBL-EBI Terms of Use	https://www.ebi.ac.uk/about/terms-of-use/	per_study_terms	conditional_until_reviewed	pending
MTBLS11719	a_MTBLS11719_LC-MS_positive__metabolite_profiling.txt	metadata_assay	https://ftp.ebi.ac.uk/pub/databases/metabolights/studies/public/MTBLS11719/a_MTBLS11719_LC-MS_positive__metabolite_profiling.txt	raw/metabolomics/MetaboLights/MTBLS11719/a_MTBLS11719_LC-MS_positive__metabolite_profiling.txt	EMBL-EBI Terms of Use	https://www.ebi.ac.uk/about/terms-of-use/	per_study_terms	conditional_until_reviewed	pending
MTBLS11719	i_Investigation.txt	metadata_investigation	https://ftp.ebi.ac.uk/pub/databases/metabolights/studies/public/MTBLS11719/i_Investigation.txt	raw/metabolomics/MetaboLights/MTBLS11719/i_Investigation.txt	EMBL-EBI Terms of Use	https://www.ebi.ac.uk/about/terms-of-use/	per_study_terms	conditional_until_reviewed	pending
MTBLS11719	m_MTBLS11719_LC-MS_negative__metabolite_profiling_v2_maf.tsv	metadata_maf	https://ftp.ebi.ac.uk/pub/databases/metabolights/studies/public/MTBLS11719/m_MTBLS11719_LC-MS_negative__metabolite_profiling_v2_maf.tsv	raw/metabolomics/MetaboLights/MTBLS11719/m_MTBLS11719_LC-MS_negative__metabolite_profiling_v2_maf.tsv	EMBL-EBI Terms of Use	https://www.ebi.ac.uk/about/terms-of-use/	per_study_terms	conditional_until_reviewed	pending
MTBLS11719	m_MTBLS11719_LC-MS_positive__metabolite_profiling_v2_maf.tsv	metadata_maf	https://ftp.ebi.ac.uk/pub/databases/metabolights/studies/public/MTBLS11719/m_MTBLS11719_LC-MS_positive__metabolite_profiling_v2_maf.tsv	raw/metabolomics/MetaboLights/MTBLS11719/m_MTBLS11719_LC-MS_positive__metabolite_profiling_v2_maf.tsv	EMBL-EBI Terms of Use	https://www.ebi.ac.uk/about/terms-of-use/	per_study_terms	conditional_until_reviewed	pending
MTBLS11719	s_MTBLS11719.txt	metadata_sample	https://ftp.ebi.ac.uk/pub/databases/metabolights/studies/public/MTBLS11719/s_MTBLS11719.txt	raw/metabolomics/MetaboLights/MTBLS11719/s_MTBLS11719.txt	EMBL-EBI Terms of Use	https://www.ebi.ac.uk/about/terms-of-use/	per_study_terms	conditional_until_reviewed	pending
MTBLS11958	a_MTBLS11958_LC-MS_positive_reverse-phase_metabolite_profiling.txt	metadata_assay	https://ftp.ebi.ac.uk/pub/databases/metabolights/studies/public/MTBLS11958/a_MTBLS11958_LC-MS_positive_reverse-phase_metabolite_profiling.txt	raw/metabolomics/MetaboLights/MTBLS11958/a_MTBLS11958_LC-MS_positive_reverse-phase_metabolite_profiling.txt	EMBL-EBI Terms of Use	https://www.ebi.ac.uk/about/terms-of-use/	per_study_terms	conditional_until_reviewed	pending
MTBLS11958	i_Investigation.txt	metadata_investigation	https://ftp.ebi.ac.uk/pub/databases/metabolights/studies/public/MTBLS11958/i_Investigation.txt	raw/metabolomics/MetaboLights/MTBLS11958/i_Investigation.txt	EMBL-EBI Terms of Use	https://www.ebi.ac.uk/about/terms-of-use/	per_study_terms	conditional_until_reviewed	pending
MTBLS11958	m_MTBLS11958_LC-MS_positive_reverse-phase_metabolite_profiling_v2_maf.tsv	metadata_maf	https://ftp.ebi.ac.uk/pub/databases/metabolights/studies/public/MTBLS11958/m_MTBLS11958_LC-MS_positive_reverse-phase_metabolite_profiling_v2_maf.tsv	raw/metabolomics/MetaboLights/MTBLS11958/m_MTBLS11958_LC-MS_positive_reverse-phase_metabolite_profiling_v2_maf.tsv	EMBL-EBI Terms of Use	https://www.ebi.ac.uk/about/terms-of-use/	per_study_terms	conditional_until_reviewed	pending
MTBLS11958	s_MTBLS11958.txt	metadata_sample	https://ftp.ebi.ac.uk/pub/databases/metabolights/studies/public/MTBLS11958/s_MTBLS11958.txt	raw/metabolomics/MetaboLights/MTBLS11958/s_MTBLS11958.txt	EMBL-EBI Terms of Use	https://www.ebi.ac.uk/about/terms-of-use/	per_study_terms	conditional_until_reviewed	pending
MTBLS12422	a_MTBLS12422_LC-MS_alternating_hilic_metabolite_profiling.txt	metadata_assay	https://ftp.ebi.ac.uk/pub/databases/metabolights/studies/public/MTBLS12422/a_MTBLS12422_LC-MS_alternating_hilic_metabolite_profiling.txt	raw/metabolomics/MetaboLights/MTBLS12422/a_MTBLS12422_LC-MS_alternating_hilic_metabolite_profiling.txt	EMBL-EBI Terms of Use	https://www.ebi.ac.uk/about/terms-of-use/	per_study_terms	conditional_until_reviewed	pending
MTBLS12422	i_Investigation.txt	metadata_investigation	https://ftp.ebi.ac.uk/pub/databases/metabolights/studies/public/MTBLS12422/i_Investigation.txt	raw/metabolomics/MetaboLights/MTBLS12422/i_Investigation.txt	EMBL-EBI Terms of Use	https://www.ebi.ac.uk/about/terms-of-use/	per_study_terms	conditional_until_reviewed	pending
MTBLS12422	m_MTBLS12422_LC-MS_alternating_hilic_metabolite_profiling_v2_maf.tsv	metadata_maf	https://ftp.ebi.ac.uk/pub/databases/metabolights/studies/public/MTBLS12422/m_MTBLS12422_LC-MS_alternating_hilic_metabolite_profiling_v2_maf.tsv	raw/metabolomics/MetaboLights/MTBLS12422/m_MTBLS12422_LC-MS_alternating_hilic_metabolite_profiling_v2_maf.tsv	EMBL-EBI Terms of Use	https://www.ebi.ac.uk/about/terms-of-use/	per_study_terms	conditional_until_reviewed	pending
MTBLS12422	s_MTBLS12422.txt	metadata_sample	https://ftp.ebi.ac.uk/pub/databases/metabolights/studies/public/MTBLS12422/s_MTBLS12422.txt	raw/metabolomics/MetaboLights/MTBLS12422/s_MTBLS12422.txt	EMBL-EBI Terms of Use	https://www.ebi.ac.uk/about/terms-of-use/	per_study_terms	conditional_until_reviewed	pending
MTBLS12576	a_MTBLS12576_LC-MS_negative_reverse-phase_metabolite_profiling.txt	metadata_assay	https://ftp.ebi.ac.uk/pub/databases/metabolights/studies/public/MTBLS12576/a_MTBLS12576_LC-MS_negative_reverse-phase_metabolite_profiling.txt	raw/metabolomics/MetaboLights/MTBLS12576/a_MTBLS12576_LC-MS_negative_reverse-phase_metabolite_profiling.txt	EMBL-EBI Terms of Use	https://www.ebi.ac.uk/about/terms-of-use/	per_study_terms	conditional_until_reviewed	pending
MTBLS12576	a_MTBLS12576_LC-MS_positive_reverse-phase_metabolite_profiling.txt	metadata_assay	https://ftp.ebi.ac.uk/pub/databases/metabolights/studies/public/MTBLS12576/a_MTBLS12576_LC-MS_positive_reverse-phase_metabolite_profiling.txt	raw/metabolomics/MetaboLights/MTBLS12576/a_MTBLS12576_LC-MS_positive_reverse-phase_metabolite_profiling.txt	EMBL-EBI Terms of Use	https://www.ebi.ac.uk/about/terms-of-use/	per_study_terms	conditional_until_reviewed	pending
MTBLS12576	i_Investigation.txt	metadata_investigation	https://ftp.ebi.ac.uk/pub/databases/metabolights/studies/public/MTBLS12576/i_Investigation.txt	raw/metabolomics/MetaboLights/MTBLS12576/i_Investigation.txt	EMBL-EBI Terms of Use	https://www.ebi.ac.uk/about/terms-of-use/	per_study_terms	conditional_until_reviewed	pending
MTBLS12576	m_MTBLS12576_LC-MS_negative_reverse-phase_metabolite_profiling_v2_maf.tsv	metadata_maf	https://ftp.ebi.ac.uk/pub/databases/metabolights/studies/public/MTBLS12576/m_MTBLS12576_LC-MS_negative_reverse-phase_metabolite_profiling_v2_maf.tsv	raw/metabolomics/MetaboLights/MTBLS12576/m_MTBLS12576_LC-MS_negative_reverse-phase_metabolite_profiling_v2_maf.tsv	EMBL-EBI Terms of Use	https://www.ebi.ac.uk/about/terms-of-use/	per_study_terms	conditional_until_reviewed	pending
MTBLS12576	m_MTBLS12576_LC-MS_positive_reverse-phase_metabolite_profiling_v2_maf.tsv	metadata_maf	https://ftp.ebi.ac.uk/pub/databases/metabolights/studies/public/MTBLS12576/m_MTBLS12576_LC-MS_positive_reverse-phase_metabolite_profiling_v2_maf.tsv	raw/metabolomics/MetaboLights/MTBLS12576/m_MTBLS12576_LC-MS_positive_reverse-phase_metabolite_profiling_v2_maf.tsv	EMBL-EBI Terms of Use	https://www.ebi.ac.uk/about/terms-of-use/	per_study_terms	conditional_until_reviewed	pending
MTBLS12576	s_MTBLS12576.txt	metadata_sample	https://ftp.ebi.ac.uk/pub/databases/metabolights/studies/public/MTBLS12576/s_MTBLS12576.txt	raw/metabolomics/MetaboLights/MTBLS12576/s_MTBLS12576.txt	EMBL-EBI Terms of Use	https://www.ebi.ac.uk/about/terms-of-use/	per_study_terms	conditional_until_reviewed	pending
MTBLS12639	a_MTBLS12639_LC-MS___metabolite_profiling.txt	metadata_assay	https://ftp.ebi.ac.uk/pub/databases/metabolights/studies/public/MTBLS12639/a_MTBLS12639_LC-MS___metabolite_profiling.txt	raw/metabolomics/MetaboLights/MTBLS12639/a_MTBLS12639_LC-MS___metabolite_profiling.txt	CC0 1.0 Universal	https://creativecommons.org/publicdomain/zero/1.0/	per_study_terms	conditional_until_reviewed	pending
MTBLS12639	i_Investigation.txt	metadata_investigation	https://ftp.ebi.ac.uk/pub/databases/metabolights/studies/public/MTBLS12639/i_Investigation.txt	raw/metabolomics/MetaboLights/MTBLS12639/i_Investigation.txt	CC0 1.0 Universal	https://creativecommons.org/publicdomain/zero/1.0/	per_study_terms	conditional_until_reviewed	pending
MTBLS12639	m_MTBLS12639_LC-MS___metabolite_profiling_v2_maf.tsv	metadata_maf	https://ftp.ebi.ac.uk/pub/databases/metabolights/studies/public/MTBLS12639/m_MTBLS12639_LC-MS___metabolite_profiling_v2_maf.tsv	raw/metabolomics/MetaboLights/MTBLS12639/m_MTBLS12639_LC-MS___metabolite_profiling_v2_maf.tsv	CC0 1.0 Universal	https://creativecommons.org/publicdomain/zero/1.0/	per_study_terms	conditional_until_reviewed	pending
MTBLS12639	s_MTBLS12639.txt	metadata_sample	https://ftp.ebi.ac.uk/pub/databases/metabolights/studies/public/MTBLS12639/s_MTBLS12639.txt	raw/metabolomics/MetaboLights/MTBLS12639/s_MTBLS12639.txt	CC0 1.0 Universal	https://creativecommons.org/publicdomain/zero/1.0/	per_study_terms	conditional_until_reviewed	pending
MTBLS1264	a_MTBLS1264_LC-DAD_bioaccumulation__metabolite_profiling.txt	metadata_assay	https://ftp.ebi.ac.uk/pub/databases/metabolights/studies/public/MTBLS1264/a_MTBLS1264_LC-DAD_bioaccumulation__metabolite_profiling.txt	raw/metabolomics/MetaboLights/MTBLS1264/a_MTBLS1264_LC-DAD_bioaccumulation__metabolite_profiling.txt	EMBL-EBI Terms of Use	https://www.ebi.ac.uk/about/terms-of-use/	per_study_terms	conditional_until_reviewed	pending
MTBLS1264	a_MTBLS1264_LC-DAD_depletion__metabolite_profiling.txt	metadata_assay	https://ftp.ebi.ac.uk/pub/databases/metabolights/studies/public/MTBLS1264/a_MTBLS1264_LC-DAD_depletion__metabolite_profiling.txt	raw/metabolomics/MetaboLights/MTBLS1264/a_MTBLS1264_LC-DAD_depletion__metabolite_profiling.txt	EMBL-EBI Terms of Use	https://www.ebi.ac.uk/about/terms-of-use/	per_study_terms	conditional_until_reviewed	pending
MTBLS1264	i_Investigation.txt	metadata_investigation	https://ftp.ebi.ac.uk/pub/databases/metabolights/studies/public/MTBLS1264/i_Investigation.txt	raw/metabolomics/MetaboLights/MTBLS1264/i_Investigation.txt	EMBL-EBI Terms of Use	https://www.ebi.ac.uk/about/terms-of-use/	per_study_terms	conditional_until_reviewed	pending
MTBLS1264	m_MTBLS1264_LC-DAD___metabolite_profiling_v2_maf.tsv	metadata_maf	https://ftp.ebi.ac.uk/pub/databases/metabolights/studies/public/MTBLS1264/m_MTBLS1264_LC-DAD___metabolite_profiling_v2_maf.tsv	raw/metabolomics/MetaboLights/MTBLS1264/m_MTBLS1264_LC-DAD___metabolite_profiling_v2_maf.tsv	EMBL-EBI Terms of Use	https://www.ebi.ac.uk/about/terms-of-use/	per_study_terms	conditional_until_reviewed	pending
MTBLS1264	s_MTBLS1264.txt	metadata_sample	https://ftp.ebi.ac.uk/pub/databases/metabolights/studies/public/MTBLS1264/s_MTBLS1264.txt	raw/metabolomics/MetaboLights/MTBLS1264/s_MTBLS1264.txt	EMBL-EBI Terms of Use	https://www.ebi.ac.uk/about/terms-of-use/	per_study_terms	conditional_until_reviewed	pending
MTBLS12777	a_MTBLS12777_LC-MS_negative_hilic_metabolite_profiling.txt	metadata_assay	https://ftp.ebi.ac.uk/pub/databases/metabolights/studies/public/MTBLS12777/a_MTBLS12777_LC-MS_negative_hilic_metabolite_profiling.txt	raw/metabolomics/MetaboLights/MTBLS12777/a_MTBLS12777_LC-MS_negative_hilic_metabolite_profiling.txt	CC0 1.0 Universal	https://creativecommons.org/publicdomain/zero/1.0/	per_study_terms	conditional_until_reviewed	pending
MTBLS12777	a_MTBLS12777_LC-MS_positive_hilic_metabolite_profiling.txt	metadata_assay	https://ftp.ebi.ac.uk/pub/databases/metabolights/studies/public/MTBLS12777/a_MTBLS12777_LC-MS_positive_hilic_metabolite_profiling.txt	raw/metabolomics/MetaboLights/MTBLS12777/a_MTBLS12777_LC-MS_positive_hilic_metabolite_profiling.txt	CC0 1.0 Universal	https://creativecommons.org/publicdomain/zero/1.0/	per_study_terms	conditional_until_reviewed	pending
MTBLS12777	i_Investigation.txt	metadata_investigation	https://ftp.ebi.ac.uk/pub/databases/metabolights/studies/public/MTBLS12777/i_Investigation.txt	raw/metabolomics/MetaboLights/MTBLS12777/i_Investigation.txt	CC0 1.0 Universal	https://creativecommons.org/publicdomain/zero/1.0/	per_study_terms	conditional_until_reviewed	pending
MTBLS12777	m_MTBLS12777_LC-MS_negative_hilic_metabolite_profiling_v2_maf.tsv	metadata_maf	https://ftp.ebi.ac.uk/pub/databases/metabolights/studies/public/MTBLS12777/m_MTBLS12777_LC-MS_negative_hilic_metabolite_profiling_v2_maf.tsv	raw/metabolomics/MetaboLights/MTBLS12777/m_MTBLS12777_LC-MS_negative_hilic_metabolite_profiling_v2_maf.tsv	CC0 1.0 Universal	https://creativecommons.org/publicdomain/zero/1.0/	per_study_terms	conditional_until_reviewed	pending
MTBLS12777	m_MTBLS12777_LC-MS_positive_hilic_metabolite_profiling_v2_maf.tsv	metadata_maf	https://ftp.ebi.ac.uk/pub/databases/metabolights/studies/public/MTBLS12777/m_MTBLS12777_LC-MS_positive_hilic_metabolite_profiling_v2_maf.tsv	raw/metabolomics/MetaboLights/MTBLS12777/m_MTBLS12777_LC-MS_positive_hilic_metabolite_profiling_v2_maf.tsv	CC0 1.0 Universal	https://creativecommons.org/publicdomain/zero/1.0/	per_study_terms	conditional_until_reviewed	pending
MTBLS12777	s_MTBLS12777.txt	metadata_sample	https://ftp.ebi.ac.uk/pub/databases/metabolights/studies/public/MTBLS12777/s_MTBLS12777.txt	raw/metabolomics/MetaboLights/MTBLS12777/s_MTBLS12777.txt	CC0 1.0 Universal	https://creativecommons.org/publicdomain/zero/1.0/	per_study_terms	conditional_until_reviewed	pending
MTBLS12886	a_MTBLS12886_LC-MS_negative_direct-infusion_metabolite_profiling.txt	metadata_assay	https://ftp.ebi.ac.uk/pub/databases/metabolights/studies/public/MTBLS12886/a_MTBLS12886_LC-MS_negative_direct-infusion_metabolite_profiling.txt	raw/metabolomics/MetaboLights/MTBLS12886/a_MTBLS12886_LC-MS_negative_direct-infusion_metabolite_profiling.txt	CC0 1.0 Universal	https://creativecommons.org/publicdomain/zero/1.0/	per_study_terms	conditional_until_reviewed	pending
MTBLS12886	a_MTBLS12886_LC-MS_positive_direct-infusion_metabolite_profiling.txt	metadata_assay	https://ftp.ebi.ac.uk/pub/databases/metabolights/studies/public/MTBLS12886/a_MTBLS12886_LC-MS_positive_direct-infusion_metabolite_profiling.txt	raw/metabolomics/MetaboLights/MTBLS12886/a_MTBLS12886_LC-MS_positive_direct-infusion_metabolite_profiling.txt	CC0 1.0 Universal	https://creativecommons.org/publicdomain/zero/1.0/	per_study_terms	conditional_until_reviewed	pending
MTBLS12886	i_Investigation.txt	metadata_investigation	https://ftp.ebi.ac.uk/pub/databases/metabolights/studies/public/MTBLS12886/i_Investigation.txt	raw/metabolomics/MetaboLights/MTBLS12886/i_Investigation.txt	CC0 1.0 Universal	https://creativecommons.org/publicdomain/zero/1.0/	per_study_terms	conditional_until_reviewed	pending
MTBLS12886	m_MTBLS12886_LC-MS_negative_direct-infusion_metabolite_profiling_v2_maf.tsv	metadata_maf	https://ftp.ebi.ac.uk/pub/databases/metabolights/studies/public/MTBLS12886/m_MTBLS12886_LC-MS_negative_direct-infusion_metabolite_profiling_v2_maf.tsv	raw/metabolomics/MetaboLights/MTBLS12886/m_MTBLS12886_LC-MS_negative_direct-infusion_metabolite_profiling_v2_maf.tsv	CC0 1.0 Universal	https://creativecommons.org/publicdomain/zero/1.0/	per_study_terms	conditional_until_reviewed	pending
MTBLS12886	m_MTBLS12886_LC-MS_positive_direct-infusion_metabolite_profiling_v2_maf.tsv	metadata_maf	https://ftp.ebi.ac.uk/pub/databases/metabolights/studies/public/MTBLS12886/m_MTBLS12886_LC-MS_positive_direct-infusion_metabolite_profiling_v2_maf.tsv	raw/metabolomics/MetaboLights/MTBLS12886/m_MTBLS12886_LC-MS_positive_direct-infusion_metabolite_profiling_v2_maf.tsv	CC0 1.0 Universal	https://creativecommons.org/publicdomain/zero/1.0/	per_study_terms	conditional_until_reviewed	pending
MTBLS12886	s_MTBLS12886.txt	metadata_sample	https://ftp.ebi.ac.uk/pub/databases/metabolights/studies/public/MTBLS12886/s_MTBLS12886.txt	raw/metabolomics/MetaboLights/MTBLS12886/s_MTBLS12886.txt	CC0 1.0 Universal	https://creativecommons.org/publicdomain/zero/1.0/	per_study_terms	conditional_until_reviewed	pending
MTBLS12905	a_MTBLS12905_LC-MS_negative_reverse-phase_metabolite_profiling.txt	metadata_assay	https://ftp.ebi.ac.uk/pub/databases/metabolights/studies/public/MTBLS12905/a_MTBLS12905_LC-MS_negative_reverse-phase_metabolite_profiling.txt	raw/metabolomics/MetaboLights/MTBLS12905/a_MTBLS12905_LC-MS_negative_reverse-phase_metabolite_profiling.txt	CC0 1.0 Universal	https://creativecommons.org/publicdomain/zero/1.0/	per_study_terms	conditional_until_reviewed	pending
MTBLS12905	a_MTBLS12905_LC-MS_positive_reverse-phase_metabolite_profiling.txt	metadata_assay	https://ftp.ebi.ac.uk/pub/databases/metabolights/studies/public/MTBLS12905/a_MTBLS12905_LC-MS_positive_reverse-phase_metabolite_profiling.txt	raw/metabolomics/MetaboLights/MTBLS12905/a_MTBLS12905_LC-MS_positive_reverse-phase_metabolite_profiling.txt	CC0 1.0 Universal	https://creativecommons.org/publicdomain/zero/1.0/	per_study_terms	conditional_until_reviewed	pending
MTBLS12905	i_Investigation.txt	metadata_investigation	https://ftp.ebi.ac.uk/pub/databases/metabolights/studies/public/MTBLS12905/i_Investigation.txt	raw/metabolomics/MetaboLights/MTBLS12905/i_Investigation.txt	CC0 1.0 Universal	https://creativecommons.org/publicdomain/zero/1.0/	per_study_terms	conditional_until_reviewed	pending
MTBLS12905	m_MTBLS12905_LC-MS_negative_reverse-phase_metabolite_profiling_v2_maf.tsv	metadata_maf	https://ftp.ebi.ac.uk/pub/databases/metabolights/studies/public/MTBLS12905/m_MTBLS12905_LC-MS_negative_reverse-phase_metabolite_profiling_v2_maf.tsv	raw/metabolomics/MetaboLights/MTBLS12905/m_MTBLS12905_LC-MS_negative_reverse-phase_metabolite_profiling_v2_maf.tsv	CC0 1.0 Universal	https://creativecommons.org/publicdomain/zero/1.0/	per_study_terms	conditional_until_reviewed	pending
MTBLS12905	m_MTBLS12905_LC-MS_positive_reverse-phase_metabolite_profiling_v2_maf.tsv	metadata_maf	https://ftp.ebi.ac.uk/pub/databases/metabolights/studies/public/MTBLS12905/m_MTBLS12905_LC-MS_positive_reverse-phase_metabolite_profiling_v2_maf.tsv	raw/metabolomics/MetaboLights/MTBLS12905/m_MTBLS12905_LC-MS_positive_reverse-phase_metabolite_profiling_v2_maf.tsv	CC0 1.0 Universal	https://creativecommons.org/publicdomain/zero/1.0/	per_study_terms	conditional_until_reviewed	pending
MTBLS12905	s_MTBLS12905.txt	metadata_sample	https://ftp.ebi.ac.uk/pub/databases/metabolights/studies/public/MTBLS12905/s_MTBLS12905.txt	raw/metabolomics/MetaboLights/MTBLS12905/s_MTBLS12905.txt	CC0 1.0 Universal	https://creativecommons.org/publicdomain/zero/1.0/	per_study_terms	conditional_until_reviewed	pending
MTBLS13039	a_MTBLS13039_LC-MS_negative_hilic_metabolite_profiling.txt	metadata_assay	https://ftp.ebi.ac.uk/pub/databases/metabolights/studies/public/MTBLS13039/a_MTBLS13039_LC-MS_negative_hilic_metabolite_profiling.txt	raw/metabolomics/MetaboLights/MTBLS13039/a_MTBLS13039_LC-MS_negative_hilic_metabolite_profiling.txt	CC0 1.0 Universal	https://creativecommons.org/publicdomain/zero/1.0/	per_study_terms	conditional_until_reviewed	pending
MTBLS13039	a_MTBLS13039_LC-MS_positive_hilic_metabolite_profiling.txt	metadata_assay	https://ftp.ebi.ac.uk/pub/databases/metabolights/studies/public/MTBLS13039/a_MTBLS13039_LC-MS_positive_hilic_metabolite_profiling.txt	raw/metabolomics/MetaboLights/MTBLS13039/a_MTBLS13039_LC-MS_positive_hilic_metabolite_profiling.txt	CC0 1.0 Universal	https://creativecommons.org/publicdomain/zero/1.0/	per_study_terms	conditional_until_reviewed	pending
MTBLS13039	i_Investigation.txt	metadata_investigation	https://ftp.ebi.ac.uk/pub/databases/metabolights/studies/public/MTBLS13039/i_Investigation.txt	raw/metabolomics/MetaboLights/MTBLS13039/i_Investigation.txt	CC0 1.0 Universal	https://creativecommons.org/publicdomain/zero/1.0/	per_study_terms	conditional_until_reviewed	pending
MTBLS13039	m_MTBLS13039_LC-MS_negative_hilic_metabolite_profiling_v2_maf.tsv	metadata_maf	https://ftp.ebi.ac.uk/pub/databases/metabolights/studies/public/MTBLS13039/m_MTBLS13039_LC-MS_negative_hilic_metabolite_profiling_v2_maf.tsv	raw/metabolomics/MetaboLights/MTBLS13039/m_MTBLS13039_LC-MS_negative_hilic_metabolite_profiling_v2_maf.tsv	CC0 1.0 Universal	https://creativecommons.org/publicdomain/zero/1.0/	per_study_terms	conditional_until_reviewed	pending
MTBLS13039	m_MTBLS13039_LC-MS_positive_hilic_metabolite_profiling_v2_maf.tsv	metadata_maf	https://ftp.ebi.ac.uk/pub/databases/metabolights/studies/public/MTBLS13039/m_MTBLS13039_LC-MS_positive_hilic_metabolite_profiling_v2_maf.tsv	raw/metabolomics/MetaboLights/MTBLS13039/m_MTBLS13039_LC-MS_positive_hilic_metabolite_profiling_v2_maf.tsv	CC0 1.0 Universal	https://creativecommons.org/publicdomain/zero/1.0/	per_study_terms	conditional_until_reviewed	pending
MTBLS13039	s_MTBLS13039.txt	metadata_sample	https://ftp.ebi.ac.uk/pub/databases/metabolights/studies/public/MTBLS13039/s_MTBLS13039.txt	raw/metabolomics/MetaboLights/MTBLS13039/s_MTBLS13039.txt	CC0 1.0 Universal	https://creativecommons.org/publicdomain/zero/1.0/	per_study_terms	conditional_until_reviewed	pending
MTBLS13050	a_MTBLS13050_LC-MS_negative_reverse-phase_metabolite_profiling.txt	metadata_assay	https://ftp.ebi.ac.uk/pub/databases/metabolights/studies/public/MTBLS13050/a_MTBLS13050_LC-MS_negative_reverse-phase_metabolite_profiling.txt	raw/metabolomics/MetaboLights/MTBLS13050/a_MTBLS13050_LC-MS_negative_reverse-phase_metabolite_profiling.txt	CC0 1.0 Universal	https://creativecommons.org/publicdomain/zero/1.0/	per_study_terms	conditional_until_reviewed	pending
MTBLS13050	i_Investigation.txt	metadata_investigation	https://ftp.ebi.ac.uk/pub/databases/metabolights/studies/public/MTBLS13050/i_Investigation.txt	raw/metabolomics/MetaboLights/MTBLS13050/i_Investigation.txt	CC0 1.0 Universal	https://creativecommons.org/publicdomain/zero/1.0/	per_study_terms	conditional_until_reviewed	pending
MTBLS13050	m_MTBLS13050_LC-MS_negative_reverse-phase_metabolite_profiling_v2_maf.tsv	metadata_maf	https://ftp.ebi.ac.uk/pub/databases/metabolights/studies/public/MTBLS13050/m_MTBLS13050_LC-MS_negative_reverse-phase_metabolite_profiling_v2_maf.tsv	raw/metabolomics/MetaboLights/MTBLS13050/m_MTBLS13050_LC-MS_negative_reverse-phase_metabolite_profiling_v2_maf.tsv	CC0 1.0 Universal	https://creativecommons.org/publicdomain/zero/1.0/	per_study_terms	conditional_until_reviewed	pending
MTBLS13050	s_MTBLS13050.txt	metadata_sample	https://ftp.ebi.ac.uk/pub/databases/metabolights/studies/public/MTBLS13050/s_MTBLS13050.txt	raw/metabolomics/MetaboLights/MTBLS13050/s_MTBLS13050.txt	CC0 1.0 Universal	https://creativecommons.org/publicdomain/zero/1.0/	per_study_terms	conditional_until_reviewed	pending
MTBLS1319	a_MTBLS1319_LC-MS_positive_reverse-phase_metabolite_profiling.txt	metadata_assay	https://ftp.ebi.ac.uk/pub/databases/metabolights/studies/public/MTBLS1319/a_MTBLS1319_LC-MS_positive_reverse-phase_metabolite_profiling.txt	raw/metabolomics/MetaboLights/MTBLS1319/a_MTBLS1319_LC-MS_positive_reverse-phase_metabolite_profiling.txt	EMBL-EBI Terms of Use	https://www.ebi.ac.uk/about/terms-of-use/	per_study_terms	conditional_until_reviewed	pending
MTBLS1319	i_Investigation.txt	metadata_investigation	https://ftp.ebi.ac.uk/pub/databases/metabolights/studies/public/MTBLS1319/i_Investigation.txt	raw/metabolomics/MetaboLights/MTBLS1319/i_Investigation.txt	EMBL-EBI Terms of Use	https://www.ebi.ac.uk/about/terms-of-use/	per_study_terms	conditional_until_reviewed	pending
MTBLS1319	m_MTBLS1319_LC-MS_positive_reverse-phase_metabolite_profiling_v2_maf.tsv	metadata_maf	https://ftp.ebi.ac.uk/pub/databases/metabolights/studies/public/MTBLS1319/m_MTBLS1319_LC-MS_positive_reverse-phase_metabolite_profiling_v2_maf.tsv	raw/metabolomics/MetaboLights/MTBLS1319/m_MTBLS1319_LC-MS_positive_reverse-phase_metabolite_profiling_v2_maf.tsv	EMBL-EBI Terms of Use	https://www.ebi.ac.uk/about/terms-of-use/	per_study_terms	conditional_until_reviewed	pending
MTBLS1319	s_MTBLS1319.txt	metadata_sample	https://ftp.ebi.ac.uk/pub/databases/metabolights/studies/public/MTBLS1319/s_MTBLS1319.txt	raw/metabolomics/MetaboLights/MTBLS1319/s_MTBLS1319.txt	EMBL-EBI Terms of Use	https://www.ebi.ac.uk/about/terms-of-use/	per_study_terms	conditional_until_reviewed	pending
MTBLS1320	a_MTBLS1320_NMR_metabolite_profiling.txt	metadata_assay	https://ftp.ebi.ac.uk/pub/databases/metabolights/studies/public/MTBLS1320/a_MTBLS1320_NMR_metabolite_profiling.txt	raw/metabolomics/MetaboLights/MTBLS1320/a_MTBLS1320_NMR_metabolite_profiling.txt	EMBL-EBI Terms of Use	https://www.ebi.ac.uk/about/terms-of-use/	per_study_terms	conditional_until_reviewed	pending
MTBLS1320	i_Investigation.txt	metadata_investigation	https://ftp.ebi.ac.uk/pub/databases/metabolights/studies/public/MTBLS1320/i_Investigation.txt	raw/metabolomics/MetaboLights/MTBLS1320/i_Investigation.txt	EMBL-EBI Terms of Use	https://www.ebi.ac.uk/about/terms-of-use/	per_study_terms	conditional_until_reviewed	pending
MTBLS1320	m_MTBLS1320_NMR_metabolite_profiling_v2_maf.tsv	metadata_maf	https://ftp.ebi.ac.uk/pub/databases/metabolights/studies/public/MTBLS1320/m_MTBLS1320_NMR_metabolite_profiling_v2_maf.tsv	raw/metabolomics/MetaboLights/MTBLS1320/m_MTBLS1320_NMR_metabolite_profiling_v2_maf.tsv	EMBL-EBI Terms of Use	https://www.ebi.ac.uk/about/terms-of-use/	per_study_terms	conditional_until_reviewed	pending
MTBLS1320	s_MTBLS1320.txt	metadata_sample	https://ftp.ebi.ac.uk/pub/databases/metabolights/studies/public/MTBLS1320/s_MTBLS1320.txt	raw/metabolomics/MetaboLights/MTBLS1320/s_MTBLS1320.txt	EMBL-EBI Terms of Use	https://www.ebi.ac.uk/about/terms-of-use/	per_study_terms	conditional_until_reviewed	pending
MTBLS13292	a_MTBLS13292_LC-MS_negative_hilic_metabolite_profiling.txt	metadata_assay	https://ftp.ebi.ac.uk/pub/databases/metabolights/studies/public/MTBLS13292/a_MTBLS13292_LC-MS_negative_hilic_metabolite_profiling.txt	raw/metabolomics/MetaboLights/MTBLS13292/a_MTBLS13292_LC-MS_negative_hilic_metabolite_profiling.txt	CC0 1.0 Universal	https://creativecommons.org/publicdomain/zero/1.0/	per_study_terms	conditional_until_reviewed	pending
MTBLS13292	a_MTBLS13292_LC-MS_positive_hilic_metabolite_profiling.txt	metadata_assay	https://ftp.ebi.ac.uk/pub/databases/metabolights/studies/public/MTBLS13292/a_MTBLS13292_LC-MS_positive_hilic_metabolite_profiling.txt	raw/metabolomics/MetaboLights/MTBLS13292/a_MTBLS13292_LC-MS_positive_hilic_metabolite_profiling.txt	CC0 1.0 Universal	https://creativecommons.org/publicdomain/zero/1.0/	per_study_terms	conditional_until_reviewed	pending
MTBLS13292	i_Investigation.txt	metadata_investigation	https://ftp.ebi.ac.uk/pub/databases/metabolights/studies/public/MTBLS13292/i_Investigation.txt	raw/metabolomics/MetaboLights/MTBLS13292/i_Investigation.txt	CC0 1.0 Universal	https://creativecommons.org/publicdomain/zero/1.0/	per_study_terms	conditional_until_reviewed	pending
MTBLS13292	m_MTBLS13292_LC-MS_negative_hilic_metabolite_profiling_v2_maf.tsv	metadata_maf	https://ftp.ebi.ac.uk/pub/databases/metabolights/studies/public/MTBLS13292/m_MTBLS13292_LC-MS_negative_hilic_metabolite_profiling_v2_maf.tsv	raw/metabolomics/MetaboLights/MTBLS13292/m_MTBLS13292_LC-MS_negative_hilic_metabolite_profiling_v2_maf.tsv	CC0 1.0 Universal	https://creativecommons.org/publicdomain/zero/1.0/	per_study_terms	conditional_until_reviewed	pending
MTBLS13292	m_MTBLS13292_LC-MS_positive_hilic_metabolite_profiling_v2_maf.tsv	metadata_maf	https://ftp.ebi.ac.uk/pub/databases/metabolights/studies/public/MTBLS13292/m_MTBLS13292_LC-MS_positive_hilic_metabolite_profiling_v2_maf.tsv	raw/metabolomics/MetaboLights/MTBLS13292/m_MTBLS13292_LC-MS_positive_hilic_metabolite_profiling_v2_maf.tsv	CC0 1.0 Universal	https://creativecommons.org/publicdomain/zero/1.0/	per_study_terms	conditional_until_reviewed	pending
MTBLS13292	s_MTBLS13292.txt	metadata_sample	https://ftp.ebi.ac.uk/pub/databases/metabolights/studies/public/MTBLS13292/s_MTBLS13292.txt	raw/metabolomics/MetaboLights/MTBLS13292/s_MTBLS13292.txt	CC0 1.0 Universal	https://creativecommons.org/publicdomain/zero/1.0/	per_study_terms	conditional_until_reviewed	pending
MTBLS13411	a_MTBLS13411_LC-MS_alternating_hilic_metabolite_profiling.txt	metadata_assay	https://ftp.ebi.ac.uk/pub/databases/metabolights/studies/public/MTBLS13411/a_MTBLS13411_LC-MS_alternating_hilic_metabolite_profiling.txt	raw/metabolomics/MetaboLights/MTBLS13411/a_MTBLS13411_LC-MS_alternating_hilic_metabolite_profiling.txt	CC0 1.0 Universal	https://creativecommons.org/publicdomain/zero/1.0/	per_study_terms	conditional_until_reviewed	pending
MTBLS13411	a_MTBLS13411_LC-MS_alternating_reverse-phase_metabolite_profiling.txt	metadata_assay	https://ftp.ebi.ac.uk/pub/databases/metabolights/studies/public/MTBLS13411/a_MTBLS13411_LC-MS_alternating_reverse-phase_metabolite_profiling.txt	raw/metabolomics/MetaboLights/MTBLS13411/a_MTBLS13411_LC-MS_alternating_reverse-phase_metabolite_profiling.txt	CC0 1.0 Universal	https://creativecommons.org/publicdomain/zero/1.0/	per_study_terms	conditional_until_reviewed	pending
MTBLS13411	i_Investigation.txt	metadata_investigation	https://ftp.ebi.ac.uk/pub/databases/metabolights/studies/public/MTBLS13411/i_Investigation.txt	raw/metabolomics/MetaboLights/MTBLS13411/i_Investigation.txt	CC0 1.0 Universal	https://creativecommons.org/publicdomain/zero/1.0/	per_study_terms	conditional_until_reviewed	pending
MTBLS13411	m_MTBLS13411_LC-MS_alternating_hilic_metabolite_profiling_v2_maf.tsv	metadata_maf	https://ftp.ebi.ac.uk/pub/databases/metabolights/studies/public/MTBLS13411/m_MTBLS13411_LC-MS_alternating_hilic_metabolite_profiling_v2_maf.tsv	raw/metabolomics/MetaboLights/MTBLS13411/m_MTBLS13411_LC-MS_alternating_hilic_metabolite_profiling_v2_maf.tsv	CC0 1.0 Universal	https://creativecommons.org/publicdomain/zero/1.0/	per_study_terms	conditional_until_reviewed	pending
MTBLS13411	m_MTBLS13411_LC-MS_alternating_reverse-phase_metabolite_profiling_v2_maf.tsv	metadata_maf	https://ftp.ebi.ac.uk/pub/databases/metabolights/studies/public/MTBLS13411/m_MTBLS13411_LC-MS_alternating_reverse-phase_metabolite_profiling_v2_maf.tsv	raw/metabolomics/MetaboLights/MTBLS13411/m_MTBLS13411_LC-MS_alternating_reverse-phase_metabolite_profiling_v2_maf.tsv	CC0 1.0 Universal	https://creativecommons.org/publicdomain/zero/1.0/	per_study_terms	conditional_until_reviewed	pending
MTBLS13411	s_MTBLS13411.txt	metadata_sample	https://ftp.ebi.ac.uk/pub/databases/metabolights/studies/public/MTBLS13411/s_MTBLS13411.txt	raw/metabolomics/MetaboLights/MTBLS13411/s_MTBLS13411.txt	CC0 1.0 Universal	https://creativecommons.org/publicdomain/zero/1.0/	per_study_terms	conditional_until_reviewed	pending
MTBLS13478	a_MTBLS13478_LC-MS_negative_reverse-phase_metabolite_profiling.txt	metadata_assay	https://ftp.ebi.ac.uk/pub/databases/metabolights/studies/public/MTBLS13478/a_MTBLS13478_LC-MS_negative_reverse-phase_metabolite_profiling.txt	raw/metabolomics/MetaboLights/MTBLS13478/a_MTBLS13478_LC-MS_negative_reverse-phase_metabolite_profiling.txt	CC0 1.0 Universal	https://creativecommons.org/publicdomain/zero/1.0/	per_study_terms	conditional_until_reviewed	pending
MTBLS13478	a_MTBLS13478_LC-MS_positive_reverse-phase_metabolite_profiling.txt	metadata_assay	https://ftp.ebi.ac.uk/pub/databases/metabolights/studies/public/MTBLS13478/a_MTBLS13478_LC-MS_positive_reverse-phase_metabolite_profiling.txt	raw/metabolomics/MetaboLights/MTBLS13478/a_MTBLS13478_LC-MS_positive_reverse-phase_metabolite_profiling.txt	CC0 1.0 Universal	https://creativecommons.org/publicdomain/zero/1.0/	per_study_terms	conditional_until_reviewed	pending
MTBLS13478	i_Investigation.txt	metadata_investigation	https://ftp.ebi.ac.uk/pub/databases/metabolights/studies/public/MTBLS13478/i_Investigation.txt	raw/metabolomics/MetaboLights/MTBLS13478/i_Investigation.txt	CC0 1.0 Universal	https://creativecommons.org/publicdomain/zero/1.0/	per_study_terms	conditional_until_reviewed	pending
MTBLS13478	m_MTBLS13478_LC-MS_negative_reverse-phase_metabolite_profiling_v2_maf.tsv	metadata_maf	https://ftp.ebi.ac.uk/pub/databases/metabolights/studies/public/MTBLS13478/m_MTBLS13478_LC-MS_negative_reverse-phase_metabolite_profiling_v2_maf.tsv	raw/metabolomics/MetaboLights/MTBLS13478/m_MTBLS13478_LC-MS_negative_reverse-phase_metabolite_profiling_v2_maf.tsv	CC0 1.0 Universal	https://creativecommons.org/publicdomain/zero/1.0/	per_study_terms	conditional_until_reviewed	pending
MTBLS13478	m_MTBLS13478_LC-MS_positive_reverse-phase_metabolite_profiling_v2_maf.tsv	metadata_maf	https://ftp.ebi.ac.uk/pub/databases/metabolights/studies/public/MTBLS13478/m_MTBLS13478_LC-MS_positive_reverse-phase_metabolite_profiling_v2_maf.tsv	raw/metabolomics/MetaboLights/MTBLS13478/m_MTBLS13478_LC-MS_positive_reverse-phase_metabolite_profiling_v2_maf.tsv	CC0 1.0 Universal	https://creativecommons.org/publicdomain/zero/1.0/	per_study_terms	conditional_until_reviewed	pending
MTBLS13478	s_MTBLS13478.txt	metadata_sample	https://ftp.ebi.ac.uk/pub/databases/metabolights/studies/public/MTBLS13478/s_MTBLS13478.txt	raw/metabolomics/MetaboLights/MTBLS13478/s_MTBLS13478.txt	CC0 1.0 Universal	https://creativecommons.org/publicdomain/zero/1.0/	per_study_terms	conditional_until_reviewed	pending
MTBLS13550	a_MTBLS13550_LC-MS_negative_reverse-phase_metabolite_profiling.txt	metadata_assay	https://ftp.ebi.ac.uk/pub/databases/metabolights/studies/public/MTBLS13550/a_MTBLS13550_LC-MS_negative_reverse-phase_metabolite_profiling.txt	raw/metabolomics/MetaboLights/MTBLS13550/a_MTBLS13550_LC-MS_negative_reverse-phase_metabolite_profiling.txt	CC0 1.0 Universal	https://creativecommons.org/publicdomain/zero/1.0/	per_study_terms	conditional_until_reviewed	pending
MTBLS13550	a_MTBLS13550_LC-MS_positive_reverse-phase_metabolite_profiling.txt	metadata_assay	https://ftp.ebi.ac.uk/pub/databases/metabolights/studies/public/MTBLS13550/a_MTBLS13550_LC-MS_positive_reverse-phase_metabolite_profiling.txt	raw/metabolomics/MetaboLights/MTBLS13550/a_MTBLS13550_LC-MS_positive_reverse-phase_metabolite_profiling.txt	CC0 1.0 Universal	https://creativecommons.org/publicdomain/zero/1.0/	per_study_terms	conditional_until_reviewed	pending
MTBLS13550	i_Investigation.txt	metadata_investigation	https://ftp.ebi.ac.uk/pub/databases/metabolights/studies/public/MTBLS13550/i_Investigation.txt	raw/metabolomics/MetaboLights/MTBLS13550/i_Investigation.txt	CC0 1.0 Universal	https://creativecommons.org/publicdomain/zero/1.0/	per_study_terms	conditional_until_reviewed	pending
MTBLS13550	m_MTBLS13550_LC-MS_negative_reverse-phase_metabolite_profiling_v2_maf.tsv	metadata_maf	https://ftp.ebi.ac.uk/pub/databases/metabolights/studies/public/MTBLS13550/m_MTBLS13550_LC-MS_negative_reverse-phase_metabolite_profiling_v2_maf.tsv	raw/metabolomics/MetaboLights/MTBLS13550/m_MTBLS13550_LC-MS_negative_reverse-phase_metabolite_profiling_v2_maf.tsv	CC0 1.0 Universal	https://creativecommons.org/publicdomain/zero/1.0/	per_study_terms	conditional_until_reviewed	pending
MTBLS13550	m_MTBLS13550_LC-MS_positive_reverse-phase_metabolite_profiling_v2_maf.tsv	metadata_maf	https://ftp.ebi.ac.uk/pub/databases/metabolights/studies/public/MTBLS13550/m_MTBLS13550_LC-MS_positive_reverse-phase_metabolite_profiling_v2_maf.tsv	raw/metabolomics/MetaboLights/MTBLS13550/m_MTBLS13550_LC-MS_positive_reverse-phase_metabolite_profiling_v2_maf.tsv	CC0 1.0 Universal	https://creativecommons.org/publicdomain/zero/1.0/	per_study_terms	conditional_until_reviewed	pending
MTBLS13550	s_MTBLS13550.txt	metadata_sample	https://ftp.ebi.ac.uk/pub/databases/metabolights/studies/public/MTBLS13550/s_MTBLS13550.txt	raw/metabolomics/MetaboLights/MTBLS13550/s_MTBLS13550.txt	CC0 1.0 Universal	https://creativecommons.org/publicdomain/zero/1.0/	per_study_terms	conditional_until_reviewed	pending
MTBLS13592	a_MTBLS13592_LC-MS_negative_reverse-phase_metabolite_profiling.txt	metadata_assay	https://ftp.ebi.ac.uk/pub/databases/metabolights/studies/public/MTBLS13592/a_MTBLS13592_LC-MS_negative_reverse-phase_metabolite_profiling.txt	raw/metabolomics/MetaboLights/MTBLS13592/a_MTBLS13592_LC-MS_negative_reverse-phase_metabolite_profiling.txt	CC0 1.0 Universal	https://creativecommons.org/publicdomain/zero/1.0/	per_study_terms	conditional_until_reviewed	pending
MTBLS13592	a_MTBLS13592_LC-MS_positive_reverse-phase_metabolite_profiling.txt	metadata_assay	https://ftp.ebi.ac.uk/pub/databases/metabolights/studies/public/MTBLS13592/a_MTBLS13592_LC-MS_positive_reverse-phase_metabolite_profiling.txt	raw/metabolomics/MetaboLights/MTBLS13592/a_MTBLS13592_LC-MS_positive_reverse-phase_metabolite_profiling.txt	CC0 1.0 Universal	https://creativecommons.org/publicdomain/zero/1.0/	per_study_terms	conditional_until_reviewed	pending
MTBLS13592	i_Investigation.txt	metadata_investigation	https://ftp.ebi.ac.uk/pub/databases/metabolights/studies/public/MTBLS13592/i_Investigation.txt	raw/metabolomics/MetaboLights/MTBLS13592/i_Investigation.txt	CC0 1.0 Universal	https://creativecommons.org/publicdomain/zero/1.0/	per_study_terms	conditional_until_reviewed	pending
MTBLS13592	m_MTBLS13592_LC-MS_negative_reverse-phase_metabolite_profiling_v2_maf.tsv	metadata_maf	https://ftp.ebi.ac.uk/pub/databases/metabolights/studies/public/MTBLS13592/m_MTBLS13592_LC-MS_negative_reverse-phase_metabolite_profiling_v2_maf.tsv	raw/metabolomics/MetaboLights/MTBLS13592/m_MTBLS13592_LC-MS_negative_reverse-phase_metabolite_profiling_v2_maf.tsv	CC0 1.0 Universal	https://creativecommons.org/publicdomain/zero/1.0/	per_study_terms	conditional_until_reviewed	pending
MTBLS13592	m_MTBLS13592_LC-MS_positive_reverse-phase_metabolite_profiling_v2_maf.tsv	metadata_maf	https://ftp.ebi.ac.uk/pub/databases/metabolights/studies/public/MTBLS13592/m_MTBLS13592_LC-MS_positive_reverse-phase_metabolite_profiling_v2_maf.tsv	raw/metabolomics/MetaboLights/MTBLS13592/m_MTBLS13592_LC-MS_positive_reverse-phase_metabolite_profiling_v2_maf.tsv	CC0 1.0 Universal	https://creativecommons.org/publicdomain/zero/1.0/	per_study_terms	conditional_until_reviewed	pending
MTBLS13592	s_MTBLS13592.txt	metadata_sample	https://ftp.ebi.ac.uk/pub/databases/metabolights/studies/public/MTBLS13592/s_MTBLS13592.txt	raw/metabolomics/MetaboLights/MTBLS13592/s_MTBLS13592.txt	CC0 1.0 Universal	https://creativecommons.org/publicdomain/zero/1.0/	per_study_terms	conditional_until_reviewed	pending
MTBLS13677	a_MTBLS13677_LC-MS_negative_reverse-phase_metabolite_profiling.txt	metadata_assay	https://ftp.ebi.ac.uk/pub/databases/metabolights/studies/public/MTBLS13677/a_MTBLS13677_LC-MS_negative_reverse-phase_metabolite_profiling.txt	raw/metabolomics/MetaboLights/MTBLS13677/a_MTBLS13677_LC-MS_negative_reverse-phase_metabolite_profiling.txt	CC0 1.0 Universal	https://creativecommons.org/publicdomain/zero/1.0/	per_study_terms	conditional_until_reviewed	pending
MTBLS13677	a_MTBLS13677_LC-MS_positive_reverse-phase_metabolite_profiling.txt	metadata_assay	https://ftp.ebi.ac.uk/pub/databases/metabolights/studies/public/MTBLS13677/a_MTBLS13677_LC-MS_positive_reverse-phase_metabolite_profiling.txt	raw/metabolomics/MetaboLights/MTBLS13677/a_MTBLS13677_LC-MS_positive_reverse-phase_metabolite_profiling.txt	CC0 1.0 Universal	https://creativecommons.org/publicdomain/zero/1.0/	per_study_terms	conditional_until_reviewed	pending
MTBLS13677	i_Investigation.txt	metadata_investigation	https://ftp.ebi.ac.uk/pub/databases/metabolights/studies/public/MTBLS13677/i_Investigation.txt	raw/metabolomics/MetaboLights/MTBLS13677/i_Investigation.txt	CC0 1.0 Universal	https://creativecommons.org/publicdomain/zero/1.0/	per_study_terms	conditional_until_reviewed	pending
MTBLS13677	m_MTBLS13677_LC-MS_negative_reverse-phase_metabolite_profiling_v2_maf.tsv	metadata_maf	https://ftp.ebi.ac.uk/pub/databases/metabolights/studies/public/MTBLS13677/m_MTBLS13677_LC-MS_negative_reverse-phase_metabolite_profiling_v2_maf.tsv	raw/metabolomics/MetaboLights/MTBLS13677/m_MTBLS13677_LC-MS_negative_reverse-phase_metabolite_profiling_v2_maf.tsv	CC0 1.0 Universal	https://creativecommons.org/publicdomain/zero/1.0/	per_study_terms	conditional_until_reviewed	pending
MTBLS13677	m_MTBLS13677_LC-MS_positive_reverse-phase_metabolite_profiling_v2_maf.tsv	metadata_maf	https://ftp.ebi.ac.uk/pub/databases/metabolights/studies/public/MTBLS13677/m_MTBLS13677_LC-MS_positive_reverse-phase_metabolite_profiling_v2_maf.tsv	raw/metabolomics/MetaboLights/MTBLS13677/m_MTBLS13677_LC-MS_positive_reverse-phase_metabolite_profiling_v2_maf.tsv	CC0 1.0 Universal	https://creativecommons.org/publicdomain/zero/1.0/	per_study_terms	conditional_until_reviewed	pending
MTBLS13677	s_MTBLS13677.txt	metadata_sample	https://ftp.ebi.ac.uk/pub/databases/metabolights/studies/public/MTBLS13677/s_MTBLS13677.txt	raw/metabolomics/MetaboLights/MTBLS13677/s_MTBLS13677.txt	CC0 1.0 Universal	https://creativecommons.org/publicdomain/zero/1.0/	per_study_terms	conditional_until_reviewed	pending
MTBLS13713	a_MTBLS13713_LC-MS_negative_reverse-phase_metabolite_profiling.txt	metadata_assay	https://ftp.ebi.ac.uk/pub/databases/metabolights/studies/public/MTBLS13713/a_MTBLS13713_LC-MS_negative_reverse-phase_metabolite_profiling.txt	raw/metabolomics/MetaboLights/MTBLS13713/a_MTBLS13713_LC-MS_negative_reverse-phase_metabolite_profiling.txt	CC0 1.0 Universal	https://creativecommons.org/publicdomain/zero/1.0/	per_study_terms	conditional_until_reviewed	pending
MTBLS13713	a_MTBLS13713_LC-MS_positive_reverse-phase_metabolite_profiling.txt	metadata_assay	https://ftp.ebi.ac.uk/pub/databases/metabolights/studies/public/MTBLS13713/a_MTBLS13713_LC-MS_positive_reverse-phase_metabolite_profiling.txt	raw/metabolomics/MetaboLights/MTBLS13713/a_MTBLS13713_LC-MS_positive_reverse-phase_metabolite_profiling.txt	CC0 1.0 Universal	https://creativecommons.org/publicdomain/zero/1.0/	per_study_terms	conditional_until_reviewed	pending
MTBLS13713	i_Investigation.txt	metadata_investigation	https://ftp.ebi.ac.uk/pub/databases/metabolights/studies/public/MTBLS13713/i_Investigation.txt	raw/metabolomics/MetaboLights/MTBLS13713/i_Investigation.txt	CC0 1.0 Universal	https://creativecommons.org/publicdomain/zero/1.0/	per_study_terms	conditional_until_reviewed	pending
MTBLS13713	m_MTBLS13713_LC-MS_negative_reverse-phase_metabolite_profiling_v2_maf.tsv	metadata_maf	https://ftp.ebi.ac.uk/pub/databases/metabolights/studies/public/MTBLS13713/m_MTBLS13713_LC-MS_negative_reverse-phase_metabolite_profiling_v2_maf.tsv	raw/metabolomics/MetaboLights/MTBLS13713/m_MTBLS13713_LC-MS_negative_reverse-phase_metabolite_profiling_v2_maf.tsv	CC0 1.0 Universal	https://creativecommons.org/publicdomain/zero/1.0/	per_study_terms	conditional_until_reviewed	pending
MTBLS13713	m_MTBLS13713_LC-MS_positive_reverse-phase_metabolite_profiling_v2_maf.tsv	metadata_maf	https://ftp.ebi.ac.uk/pub/databases/metabolights/studies/public/MTBLS13713/m_MTBLS13713_LC-MS_positive_reverse-phase_metabolite_profiling_v2_maf.tsv	raw/metabolomics/MetaboLights/MTBLS13713/m_MTBLS13713_LC-MS_positive_reverse-phase_metabolite_profiling_v2_maf.tsv	CC0 1.0 Universal	https://creativecommons.org/publicdomain/zero/1.0/	per_study_terms	conditional_until_reviewed	pending
MTBLS13713	s_MTBLS13713.txt	metadata_sample	https://ftp.ebi.ac.uk/pub/databases/metabolights/studies/public/MTBLS13713/s_MTBLS13713.txt	raw/metabolomics/MetaboLights/MTBLS13713/s_MTBLS13713.txt	CC0 1.0 Universal	https://creativecommons.org/publicdomain/zero/1.0/	per_study_terms	conditional_until_reviewed	pending
MTBLS13732	a_MTBLS13732_GC-MS_positive__metabolite_profiling.txt	metadata_assay	https://ftp.ebi.ac.uk/pub/databases/metabolights/studies/public/MTBLS13732/a_MTBLS13732_GC-MS_positive__metabolite_profiling.txt	raw/metabolomics/MetaboLights/MTBLS13732/a_MTBLS13732_GC-MS_positive__metabolite_profiling.txt	CC0 1.0 Universal	https://creativecommons.org/publicdomain/zero/1.0/	per_study_terms	conditional_until_reviewed	pending
MTBLS13732	i_Investigation.txt	metadata_investigation	https://ftp.ebi.ac.uk/pub/databases/metabolights/studies/public/MTBLS13732/i_Investigation.txt	raw/metabolomics/MetaboLights/MTBLS13732/i_Investigation.txt	CC0 1.0 Universal	https://creativecommons.org/publicdomain/zero/1.0/	per_study_terms	conditional_until_reviewed	pending
MTBLS13732	m_MTBLS13732_GC-MS_positive__metabolite_profiling_v2_maf.tsv	metadata_maf	https://ftp.ebi.ac.uk/pub/databases/metabolights/studies/public/MTBLS13732/m_MTBLS13732_GC-MS_positive__metabolite_profiling_v2_maf.tsv	raw/metabolomics/MetaboLights/MTBLS13732/m_MTBLS13732_GC-MS_positive__metabolite_profiling_v2_maf.tsv	CC0 1.0 Universal	https://creativecommons.org/publicdomain/zero/1.0/	per_study_terms	conditional_until_reviewed	pending
MTBLS13732	s_MTBLS13732.txt	metadata_sample	https://ftp.ebi.ac.uk/pub/databases/metabolights/studies/public/MTBLS13732/s_MTBLS13732.txt	raw/metabolomics/MetaboLights/MTBLS13732/s_MTBLS13732.txt	CC0 1.0 Universal	https://creativecommons.org/publicdomain/zero/1.0/	per_study_terms	conditional_until_reviewed	pending
MTBLS13764	a_MTBLS13764_LC-MS_positive_reverse-phase_metabolite_profiling (1).txt	metadata_assay	https://ftp.ebi.ac.uk/pub/databases/metabolights/studies/public/MTBLS13764/a_MTBLS13764_LC-MS_positive_reverse-phase_metabolite_profiling%20%281%29.txt	raw/metabolomics/MetaboLights/MTBLS13764/a_MTBLS13764_LC-MS_positive_reverse-phase_metabolite_profiling (1).txt	CC0 1.0 Universal	https://creativecommons.org/publicdomain/zero/1.0/	per_study_terms	conditional_until_reviewed	pending
MTBLS13764	a_MTBLS13764_LC-MS_positive_reverse-phase_metabolite_profiling (2).txt	metadata_assay	https://ftp.ebi.ac.uk/pub/databases/metabolights/studies/public/MTBLS13764/a_MTBLS13764_LC-MS_positive_reverse-phase_metabolite_profiling%20%282%29.txt	raw/metabolomics/MetaboLights/MTBLS13764/a_MTBLS13764_LC-MS_positive_reverse-phase_metabolite_profiling (2).txt	CC0 1.0 Universal	https://creativecommons.org/publicdomain/zero/1.0/	per_study_terms	conditional_until_reviewed	pending
MTBLS13764	a_MTBLS13764_LC-MS_positive_reverse-phase_metabolite_profiling .txt	metadata_assay	https://ftp.ebi.ac.uk/pub/databases/metabolights/studies/public/MTBLS13764/a_MTBLS13764_LC-MS_positive_reverse-phase_metabolite_profiling%20.txt	raw/metabolomics/MetaboLights/MTBLS13764/a_MTBLS13764_LC-MS_positive_reverse-phase_metabolite_profiling .txt	CC0 1.0 Universal	https://creativecommons.org/publicdomain/zero/1.0/	per_study_terms	conditional_until_reviewed	pending
MTBLS13764	a_MTBLS13764_LC-MS_positive_reverse-phase_metabolite_profiling-1 (1).txt	metadata_assay	https://ftp.ebi.ac.uk/pub/databases/metabolights/studies/public/MTBLS13764/a_MTBLS13764_LC-MS_positive_reverse-phase_metabolite_profiling-1%20%281%29.txt	raw/metabolomics/MetaboLights/MTBLS13764/a_MTBLS13764_LC-MS_positive_reverse-phase_metabolite_profiling-1 (1).txt	CC0 1.0 Universal	https://creativecommons.org/publicdomain/zero/1.0/	per_study_terms	conditional_until_reviewed	pending
MTBLS13764	a_MTBLS13764_LC-MS_positive_reverse-phase_metabolite_profiling-1 copy.txt	metadata_assay	https://ftp.ebi.ac.uk/pub/databases/metabolights/studies/public/MTBLS13764/a_MTBLS13764_LC-MS_positive_reverse-phase_metabolite_profiling-1%20copy.txt	raw/metabolomics/MetaboLights/MTBLS13764/a_MTBLS13764_LC-MS_positive_reverse-phase_metabolite_profiling-1 copy.txt	CC0 1.0 Universal	https://creativecommons.org/publicdomain/zero/1.0/	per_study_terms	conditional_until_reviewed	pending
MTBLS13764	a_MTBLS13764_LC-MS_positive_reverse-phase_metabolite_profiling.txt	metadata_assay	https://ftp.ebi.ac.uk/pub/databases/metabolights/studies/public/MTBLS13764/a_MTBLS13764_LC-MS_positive_reverse-phase_metabolite_profiling.txt	raw/metabolomics/MetaboLights/MTBLS13764/a_MTBLS13764_LC-MS_positive_reverse-phase_metabolite_profiling.txt	CC0 1.0 Universal	https://creativecommons.org/publicdomain/zero/1.0/	per_study_terms	conditional_until_reviewed	pending
MTBLS13764	i_Investigation (1).txt	metadata_investigation	https://ftp.ebi.ac.uk/pub/databases/metabolights/studies/public/MTBLS13764/i_Investigation%20%281%29.txt	raw/metabolomics/MetaboLights/MTBLS13764/i_Investigation (1).txt	CC0 1.0 Universal	https://creativecommons.org/publicdomain/zero/1.0/	per_study_terms	conditional_until_reviewed	pending
MTBLS13764	i_Investigation.txt	metadata_investigation	https://ftp.ebi.ac.uk/pub/databases/metabolights/studies/public/MTBLS13764/i_Investigation.txt	raw/metabolomics/MetaboLights/MTBLS13764/i_Investigation.txt	CC0 1.0 Universal	https://creativecommons.org/publicdomain/zero/1.0/	per_study_terms	conditional_until_reviewed	pending
MTBLS13764	m_Filt-Norm-reps-Blood.tsv	metadata_maf	https://ftp.ebi.ac.uk/pub/databases/metabolights/studies/public/MTBLS13764/m_Filt-Norm-reps-Blood.tsv	raw/metabolomics/MetaboLights/MTBLS13764/m_Filt-Norm-reps-Blood.tsv	CC0 1.0 Universal	https://creativecommons.org/publicdomain/zero/1.0/	per_study_terms	conditional_until_reviewed	pending
MTBLS13764	m_Filt-Norm-reps-Stool.tsv	metadata_maf	https://ftp.ebi.ac.uk/pub/databases/metabolights/studies/public/MTBLS13764/m_Filt-Norm-reps-Stool.tsv	raw/metabolomics/MetaboLights/MTBLS13764/m_Filt-Norm-reps-Stool.tsv	CC0 1.0 Universal	https://creativecommons.org/publicdomain/zero/1.0/	per_study_terms	conditional_until_reviewed	pending
MTBLS13764	m_MTBLS13764_LC-MS_positive_reverse-phase_metabolite_profiling_v2_maf.tsv	metadata_maf	https://ftp.ebi.ac.uk/pub/databases/metabolights/studies/public/MTBLS13764/m_MTBLS13764_LC-MS_positive_reverse-phase_metabolite_profiling_v2_maf.tsv	raw/metabolomics/MetaboLights/MTBLS13764/m_MTBLS13764_LC-MS_positive_reverse-phase_metabolite_profiling_v2_maf.tsv	CC0 1.0 Universal	https://creativecommons.org/publicdomain/zero/1.0/	per_study_terms	conditional_until_reviewed	pending
MTBLS13764	m_empty_final.tsv	metadata_maf	https://ftp.ebi.ac.uk/pub/databases/metabolights/studies/public/MTBLS13764/m_empty_final.tsv	raw/metabolomics/MetaboLights/MTBLS13764/m_empty_final.tsv	CC0 1.0 Universal	https://creativecommons.org/publicdomain/zero/1.0/	per_study_terms	conditional_until_reviewed	pending
MTBLS13764	s_MTBLS13764.txt	metadata_sample	https://ftp.ebi.ac.uk/pub/databases/metabolights/studies/public/MTBLS13764/s_MTBLS13764.txt	raw/metabolomics/MetaboLights/MTBLS13764/s_MTBLS13764.txt	CC0 1.0 Universal	https://creativecommons.org/publicdomain/zero/1.0/	per_study_terms	conditional_until_reviewed	pending
MTBLS13996	a_MTBLS13996_GC-MS_positive__metabolite_profiling.txt	metadata_assay	https://ftp.ebi.ac.uk/pub/databases/metabolights/studies/public/MTBLS13996/a_MTBLS13996_GC-MS_positive__metabolite_profiling.txt	raw/metabolomics/MetaboLights/MTBLS13996/a_MTBLS13996_GC-MS_positive__metabolite_profiling.txt	CC0 1.0 Universal	https://creativecommons.org/publicdomain/zero/1.0/	per_study_terms	conditional_until_reviewed	pending
MTBLS13996	i_Investigation.txt	metadata_investigation	https://ftp.ebi.ac.uk/pub/databases/metabolights/studies/public/MTBLS13996/i_Investigation.txt	raw/metabolomics/MetaboLights/MTBLS13996/i_Investigation.txt	CC0 1.0 Universal	https://creativecommons.org/publicdomain/zero/1.0/	per_study_terms	conditional_until_reviewed	pending
MTBLS13996	m_MTBLS13996_60LVE_SCFA.tsv	metadata_maf	https://ftp.ebi.ac.uk/pub/databases/metabolights/studies/public/MTBLS13996/m_MTBLS13996_60LVE_SCFA.tsv	raw/metabolomics/MetaboLights/MTBLS13996/m_MTBLS13996_60LVE_SCFA.tsv	CC0 1.0 Universal	https://creativecommons.org/publicdomain/zero/1.0/	per_study_terms	conditional_until_reviewed	pending
MTBLS13996	s_MTBLS13996.txt	metadata_sample	https://ftp.ebi.ac.uk/pub/databases/metabolights/studies/public/MTBLS13996/s_MTBLS13996.txt	raw/metabolomics/MetaboLights/MTBLS13996/s_MTBLS13996.txt	CC0 1.0 Universal	https://creativecommons.org/publicdomain/zero/1.0/	per_study_terms	conditional_until_reviewed	pending
MTBLS1402	a_MTBLS1402_microbore_LC-MS___metabolite_profiling.txt	metadata_assay	https://ftp.ebi.ac.uk/pub/databases/metabolights/studies/public/MTBLS1402/a_MTBLS1402_microbore_LC-MS___metabolite_profiling.txt	raw/metabolomics/MetaboLights/MTBLS1402/a_MTBLS1402_microbore_LC-MS___metabolite_profiling.txt	EMBL-EBI Terms of Use	https://www.ebi.ac.uk/about/terms-of-use/	per_study_terms	conditional_until_reviewed	pending
MTBLS1402	a_MTBLS1402_nano_LC-MS___metabolite_profiling.txt	metadata_assay	https://ftp.ebi.ac.uk/pub/databases/metabolights/studies/public/MTBLS1402/a_MTBLS1402_nano_LC-MS___metabolite_profiling.txt	raw/metabolomics/MetaboLights/MTBLS1402/a_MTBLS1402_nano_LC-MS___metabolite_profiling.txt	EMBL-EBI Terms of Use	https://www.ebi.ac.uk/about/terms-of-use/	per_study_terms	conditional_until_reviewed	pending
MTBLS1402	i_Investigation.txt	metadata_investigation	https://ftp.ebi.ac.uk/pub/databases/metabolights/studies/public/MTBLS1402/i_Investigation.txt	raw/metabolomics/MetaboLights/MTBLS1402/i_Investigation.txt	EMBL-EBI Terms of Use	https://www.ebi.ac.uk/about/terms-of-use/	per_study_terms	conditional_until_reviewed	pending
MTBLS1402	m_MTBLS1402_microbore_LC-MS___metabolite_profiling_v2_maf.tsv	metadata_maf	https://ftp.ebi.ac.uk/pub/databases/metabolights/studies/public/MTBLS1402/m_MTBLS1402_microbore_LC-MS___metabolite_profiling_v2_maf.tsv	raw/metabolomics/MetaboLights/MTBLS1402/m_MTBLS1402_microbore_LC-MS___metabolite_profiling_v2_maf.tsv	EMBL-EBI Terms of Use	https://www.ebi.ac.uk/about/terms-of-use/	per_study_terms	conditional_until_reviewed	pending
MTBLS1402	m_MTBLS1402_nano_LC-MS___metabolite_profiling_v2_maf.tsv	metadata_maf	https://ftp.ebi.ac.uk/pub/databases/metabolights/studies/public/MTBLS1402/m_MTBLS1402_nano_LC-MS___metabolite_profiling_v2_maf.tsv	raw/metabolomics/MetaboLights/MTBLS1402/m_MTBLS1402_nano_LC-MS___metabolite_profiling_v2_maf.tsv	EMBL-EBI Terms of Use	https://www.ebi.ac.uk/about/terms-of-use/	per_study_terms	conditional_until_reviewed	pending
MTBLS1402	s_MTBLS1402.txt	metadata_sample	https://ftp.ebi.ac.uk/pub/databases/metabolights/studies/public/MTBLS1402/s_MTBLS1402.txt	raw/metabolomics/MetaboLights/MTBLS1402/s_MTBLS1402.txt	EMBL-EBI Terms of Use	https://www.ebi.ac.uk/about/terms-of-use/	per_study_terms	conditional_until_reviewed	pending
MTBLS14048	a_MTBLS14048_LC-MS_negative_reverse-phase_metabolite_profiling-1.txt	metadata_assay	https://ftp.ebi.ac.uk/pub/databases/metabolights/studies/public/MTBLS14048/a_MTBLS14048_LC-MS_negative_reverse-phase_metabolite_profiling-1.txt	raw/metabolomics/MetaboLights/MTBLS14048/a_MTBLS14048_LC-MS_negative_reverse-phase_metabolite_profiling-1.txt	CC0 1.0 Universal	https://creativecommons.org/publicdomain/zero/1.0/	per_study_terms	conditional_until_reviewed	pending
MTBLS14048	a_MTBLS14048_LC-MS_negative_reverse-phase_metabolite_profiling.txt	metadata_assay	https://ftp.ebi.ac.uk/pub/databases/metabolights/studies/public/MTBLS14048/a_MTBLS14048_LC-MS_negative_reverse-phase_metabolite_profiling.txt	raw/metabolomics/MetaboLights/MTBLS14048/a_MTBLS14048_LC-MS_negative_reverse-phase_metabolite_profiling.txt	CC0 1.0 Universal	https://creativecommons.org/publicdomain/zero/1.0/	per_study_terms	conditional_until_reviewed	pending
MTBLS14048	a_MTBLS14048_LC-MS_positive_hilic_metabolite_profiling.txt	metadata_assay	https://ftp.ebi.ac.uk/pub/databases/metabolights/studies/public/MTBLS14048/a_MTBLS14048_LC-MS_positive_hilic_metabolite_profiling.txt	raw/metabolomics/MetaboLights/MTBLS14048/a_MTBLS14048_LC-MS_positive_hilic_metabolite_profiling.txt	CC0 1.0 Universal	https://creativecommons.org/publicdomain/zero/1.0/	per_study_terms	conditional_until_reviewed	pending
MTBLS14048	a_MTBLS14048_LC-MS_positive_reverse-phase_metabolite_profiling-1.txt	metadata_assay	https://ftp.ebi.ac.uk/pub/databases/metabolights/studies/public/MTBLS14048/a_MTBLS14048_LC-MS_positive_reverse-phase_metabolite_profiling-1.txt	raw/metabolomics/MetaboLights/MTBLS14048/a_MTBLS14048_LC-MS_positive_reverse-phase_metabolite_profiling-1.txt	CC0 1.0 Universal	https://creativecommons.org/publicdomain/zero/1.0/	per_study_terms	conditional_until_reviewed	pending
MTBLS14048	a_MTBLS14048_LC-MS_positive_reverse-phase_metabolite_profiling.txt	metadata_assay	https://ftp.ebi.ac.uk/pub/databases/metabolights/studies/public/MTBLS14048/a_MTBLS14048_LC-MS_positive_reverse-phase_metabolite_profiling.txt	raw/metabolomics/MetaboLights/MTBLS14048/a_MTBLS14048_LC-MS_positive_reverse-phase_metabolite_profiling.txt	CC0 1.0 Universal	https://creativecommons.org/publicdomain/zero/1.0/	per_study_terms	conditional_until_reviewed	pending
MTBLS14048	i_Investigation.txt	metadata_investigation	https://ftp.ebi.ac.uk/pub/databases/metabolights/studies/public/MTBLS14048/i_Investigation.txt	raw/metabolomics/MetaboLights/MTBLS14048/i_Investigation.txt	CC0 1.0 Universal	https://creativecommons.org/publicdomain/zero/1.0/	per_study_terms	conditional_until_reviewed	pending
MTBLS14048	m_MTBLS14048_LC-MS_negative_reverse-phase_metabolite_profiling-1_v2_maf.tsv	metadata_maf	https://ftp.ebi.ac.uk/pub/databases/metabolights/studies/public/MTBLS14048/m_MTBLS14048_LC-MS_negative_reverse-phase_metabolite_profiling-1_v2_maf.tsv	raw/metabolomics/MetaboLights/MTBLS14048/m_MTBLS14048_LC-MS_negative_reverse-phase_metabolite_profiling-1_v2_maf.tsv	CC0 1.0 Universal	https://creativecommons.org/publicdomain/zero/1.0/	per_study_terms	conditional_until_reviewed	pending
MTBLS14048	m_MTBLS14048_LC-MS_negative_reverse-phase_metabolite_profiling_v2_maf.tsv	metadata_maf	https://ftp.ebi.ac.uk/pub/databases/metabolights/studies/public/MTBLS14048/m_MTBLS14048_LC-MS_negative_reverse-phase_metabolite_profiling_v2_maf.tsv	raw/metabolomics/MetaboLights/MTBLS14048/m_MTBLS14048_LC-MS_negative_reverse-phase_metabolite_profiling_v2_maf.tsv	CC0 1.0 Universal	https://creativecommons.org/publicdomain/zero/1.0/	per_study_terms	conditional_until_reviewed	pending
MTBLS14048	m_MTBLS14048_LC-MS_positive_hilic_metabolite_profiling_v2_maf.tsv	metadata_maf	https://ftp.ebi.ac.uk/pub/databases/metabolights/studies/public/MTBLS14048/m_MTBLS14048_LC-MS_positive_hilic_metabolite_profiling_v2_maf.tsv	raw/metabolomics/MetaboLights/MTBLS14048/m_MTBLS14048_LC-MS_positive_hilic_metabolite_profiling_v2_maf.tsv	CC0 1.0 Universal	https://creativecommons.org/publicdomain/zero/1.0/	per_study_terms	conditional_until_reviewed	pending
MTBLS14048	m_MTBLS14048_LC-MS_positive_reverse-phase_metabolite_profiling-1_v2_maf.tsv	metadata_maf	https://ftp.ebi.ac.uk/pub/databases/metabolights/studies/public/MTBLS14048/m_MTBLS14048_LC-MS_positive_reverse-phase_metabolite_profiling-1_v2_maf.tsv	raw/metabolomics/MetaboLights/MTBLS14048/m_MTBLS14048_LC-MS_positive_reverse-phase_metabolite_profiling-1_v2_maf.tsv	CC0 1.0 Universal	https://creativecommons.org/publicdomain/zero/1.0/	per_study_terms	conditional_until_reviewed	pending
MTBLS14048	m_MTBLS14048_LC-MS_positive_reverse-phase_metabolite_profiling_v2_maf.tsv	metadata_maf	https://ftp.ebi.ac.uk/pub/databases/metabolights/studies/public/MTBLS14048/m_MTBLS14048_LC-MS_positive_reverse-phase_metabolite_profiling_v2_maf.tsv	raw/metabolomics/MetaboLights/MTBLS14048/m_MTBLS14048_LC-MS_positive_reverse-phase_metabolite_profiling_v2_maf.tsv	CC0 1.0 Universal	https://creativecommons.org/publicdomain/zero/1.0/	per_study_terms	conditional_until_reviewed	pending
MTBLS14048	s_MTBLS14048.txt	metadata_sample	https://ftp.ebi.ac.uk/pub/databases/metabolights/studies/public/MTBLS14048/s_MTBLS14048.txt	raw/metabolomics/MetaboLights/MTBLS14048/s_MTBLS14048.txt	CC0 1.0 Universal	https://creativecommons.org/publicdomain/zero/1.0/	per_study_terms	conditional_until_reviewed	pending
MTBLS14081	a_MTBLS14081_LC-MS_negative_reverse-phase_metabolite_profiling-1.txt	metadata_assay	https://ftp.ebi.ac.uk/pub/databases/metabolights/studies/public/MTBLS14081/a_MTBLS14081_LC-MS_negative_reverse-phase_metabolite_profiling-1.txt	raw/metabolomics/MetaboLights/MTBLS14081/a_MTBLS14081_LC-MS_negative_reverse-phase_metabolite_profiling-1.txt	CC0 1.0 Universal	https://creativecommons.org/publicdomain/zero/1.0/	per_study_terms	conditional_until_reviewed	pending
MTBLS14081	a_MTBLS14081_LC-MS_negative_reverse-phase_metabolite_profiling.txt	metadata_assay	https://ftp.ebi.ac.uk/pub/databases/metabolights/studies/public/MTBLS14081/a_MTBLS14081_LC-MS_negative_reverse-phase_metabolite_profiling.txt	raw/metabolomics/MetaboLights/MTBLS14081/a_MTBLS14081_LC-MS_negative_reverse-phase_metabolite_profiling.txt	CC0 1.0 Universal	https://creativecommons.org/publicdomain/zero/1.0/	per_study_terms	conditional_until_reviewed	pending
MTBLS14081	a_MTBLS14081_LC-MS_positive_reverse-phase_metabolite_profiling.txt	metadata_assay	https://ftp.ebi.ac.uk/pub/databases/metabolights/studies/public/MTBLS14081/a_MTBLS14081_LC-MS_positive_reverse-phase_metabolite_profiling.txt	raw/metabolomics/MetaboLights/MTBLS14081/a_MTBLS14081_LC-MS_positive_reverse-phase_metabolite_profiling.txt	CC0 1.0 Universal	https://creativecommons.org/publicdomain/zero/1.0/	per_study_terms	conditional_until_reviewed	pending
MTBLS14081	i_Investigation.txt	metadata_investigation	https://ftp.ebi.ac.uk/pub/databases/metabolights/studies/public/MTBLS14081/i_Investigation.txt	raw/metabolomics/MetaboLights/MTBLS14081/i_Investigation.txt	CC0 1.0 Universal	https://creativecommons.org/publicdomain/zero/1.0/	per_study_terms	conditional_until_reviewed	pending
MTBLS14081	m_MTBLS14081_LC-MS_negative_reverse-phase_metabolite_profiling-1_v2_maf.tsv	metadata_maf	https://ftp.ebi.ac.uk/pub/databases/metabolights/studies/public/MTBLS14081/m_MTBLS14081_LC-MS_negative_reverse-phase_metabolite_profiling-1_v2_maf.tsv	raw/metabolomics/MetaboLights/MTBLS14081/m_MTBLS14081_LC-MS_negative_reverse-phase_metabolite_profiling-1_v2_maf.tsv	CC0 1.0 Universal	https://creativecommons.org/publicdomain/zero/1.0/	per_study_terms	conditional_until_reviewed	pending
MTBLS14081	m_MTBLS14081_LC-MS_negative_reverse-phase_metabolite_profiling_v2_maf.tsv	metadata_maf	https://ftp.ebi.ac.uk/pub/databases/metabolights/studies/public/MTBLS14081/m_MTBLS14081_LC-MS_negative_reverse-phase_metabolite_profiling_v2_maf.tsv	raw/metabolomics/MetaboLights/MTBLS14081/m_MTBLS14081_LC-MS_negative_reverse-phase_metabolite_profiling_v2_maf.tsv	CC0 1.0 Universal	https://creativecommons.org/publicdomain/zero/1.0/	per_study_terms	conditional_until_reviewed	pending
MTBLS14081	m_MTBLS14081_LC-MS_positive_reverse-phase_metabolite_profiling_v2_maf.tsv	metadata_maf	https://ftp.ebi.ac.uk/pub/databases/metabolights/studies/public/MTBLS14081/m_MTBLS14081_LC-MS_positive_reverse-phase_metabolite_profiling_v2_maf.tsv	raw/metabolomics/MetaboLights/MTBLS14081/m_MTBLS14081_LC-MS_positive_reverse-phase_metabolite_profiling_v2_maf.tsv	CC0 1.0 Universal	https://creativecommons.org/publicdomain/zero/1.0/	per_study_terms	conditional_until_reviewed	pending
MTBLS14081	s_MTBLS14081.txt	metadata_sample	https://ftp.ebi.ac.uk/pub/databases/metabolights/studies/public/MTBLS14081/s_MTBLS14081.txt	raw/metabolomics/MetaboLights/MTBLS14081/s_MTBLS14081.txt	CC0 1.0 Universal	https://creativecommons.org/publicdomain/zero/1.0/	per_study_terms	conditional_until_reviewed	pending
MTBLS14091	a_MTBLS14091_LC-MS_negative_reverse-phase_metabolite_profiling.txt	metadata_assay	https://ftp.ebi.ac.uk/pub/databases/metabolights/studies/public/MTBLS14091/a_MTBLS14091_LC-MS_negative_reverse-phase_metabolite_profiling.txt	raw/metabolomics/MetaboLights/MTBLS14091/a_MTBLS14091_LC-MS_negative_reverse-phase_metabolite_profiling.txt	CC0 1.0 Universal	https://creativecommons.org/publicdomain/zero/1.0/	per_study_terms	conditional_until_reviewed	pending
MTBLS14091	a_MTBLS14091_LC-MS_positive_reverse-phase_metabolite_profiling.txt	metadata_assay	https://ftp.ebi.ac.uk/pub/databases/metabolights/studies/public/MTBLS14091/a_MTBLS14091_LC-MS_positive_reverse-phase_metabolite_profiling.txt	raw/metabolomics/MetaboLights/MTBLS14091/a_MTBLS14091_LC-MS_positive_reverse-phase_metabolite_profiling.txt	CC0 1.0 Universal	https://creativecommons.org/publicdomain/zero/1.0/	per_study_terms	conditional_until_reviewed	pending
MTBLS14091	i_Investigation.txt	metadata_investigation	https://ftp.ebi.ac.uk/pub/databases/metabolights/studies/public/MTBLS14091/i_Investigation.txt	raw/metabolomics/MetaboLights/MTBLS14091/i_Investigation.txt	CC0 1.0 Universal	https://creativecommons.org/publicdomain/zero/1.0/	per_study_terms	conditional_until_reviewed	pending
MTBLS14091	m_MTBLS14091_LC-MS_negative_reverse-phase_metabolite_profiling_v2_maf.tsv	metadata_maf	https://ftp.ebi.ac.uk/pub/databases/metabolights/studies/public/MTBLS14091/m_MTBLS14091_LC-MS_negative_reverse-phase_metabolite_profiling_v2_maf.tsv	raw/metabolomics/MetaboLights/MTBLS14091/m_MTBLS14091_LC-MS_negative_reverse-phase_metabolite_profiling_v2_maf.tsv	CC0 1.0 Universal	https://creativecommons.org/publicdomain/zero/1.0/	per_study_terms	conditional_until_reviewed	pending
MTBLS14091	m_MTBLS14091_LC-MS_positive_reverse-phase_metabolite_profiling_v2_maf.tsv	metadata_maf	https://ftp.ebi.ac.uk/pub/databases/metabolights/studies/public/MTBLS14091/m_MTBLS14091_LC-MS_positive_reverse-phase_metabolite_profiling_v2_maf.tsv	raw/metabolomics/MetaboLights/MTBLS14091/m_MTBLS14091_LC-MS_positive_reverse-phase_metabolite_profiling_v2_maf.tsv	CC0 1.0 Universal	https://creativecommons.org/publicdomain/zero/1.0/	per_study_terms	conditional_until_reviewed	pending
MTBLS14091	s_MTBLS14091.txt	metadata_sample	https://ftp.ebi.ac.uk/pub/databases/metabolights/studies/public/MTBLS14091/s_MTBLS14091.txt	raw/metabolomics/MetaboLights/MTBLS14091/s_MTBLS14091.txt	CC0 1.0 Universal	https://creativecommons.org/publicdomain/zero/1.0/	per_study_terms	conditional_until_reviewed	pending
MTBLS14382	a_MTBLS14382_LC-MS_positive_reverse-phase_metabolite_profiling.txt	metadata_assay	https://ftp.ebi.ac.uk/pub/databases/metabolights/studies/public/MTBLS14382/a_MTBLS14382_LC-MS_positive_reverse-phase_metabolite_profiling.txt	raw/metabolomics/MetaboLights/MTBLS14382/a_MTBLS14382_LC-MS_positive_reverse-phase_metabolite_profiling.txt	EMBL-EBI Terms of Use	https://www.ebi.ac.uk/about/terms-of-use/	per_study_terms	conditional_until_reviewed	pending
MTBLS14382	i_Investigation.txt	metadata_investigation	https://ftp.ebi.ac.uk/pub/databases/metabolights/studies/public/MTBLS14382/i_Investigation.txt	raw/metabolomics/MetaboLights/MTBLS14382/i_Investigation.txt	EMBL-EBI Terms of Use	https://www.ebi.ac.uk/about/terms-of-use/	per_study_terms	conditional_until_reviewed	pending
MTBLS14382	m_MTBLS14382_LC-MS_positive_reverse-phase_metabolite_profiling_v2_maf.tsv	metadata_maf	https://ftp.ebi.ac.uk/pub/databases/metabolights/studies/public/MTBLS14382/m_MTBLS14382_LC-MS_positive_reverse-phase_metabolite_profiling_v2_maf.tsv	raw/metabolomics/MetaboLights/MTBLS14382/m_MTBLS14382_LC-MS_positive_reverse-phase_metabolite_profiling_v2_maf.tsv	EMBL-EBI Terms of Use	https://www.ebi.ac.uk/about/terms-of-use/	per_study_terms	conditional_until_reviewed	pending
MTBLS14382	s_MTBLS14382.txt	metadata_sample	https://ftp.ebi.ac.uk/pub/databases/metabolights/studies/public/MTBLS14382/s_MTBLS14382.txt	raw/metabolomics/MetaboLights/MTBLS14382/s_MTBLS14382.txt	EMBL-EBI Terms of Use	https://www.ebi.ac.uk/about/terms-of-use/	per_study_terms	conditional_until_reviewed	pending
MTBLS144	a_MTBLS144_NEG2_metabolite_profiling_mass_spectrometry.txt	metadata_assay	https://ftp.ebi.ac.uk/pub/databases/metabolights/studies/public/MTBLS144/a_MTBLS144_NEG2_metabolite_profiling_mass_spectrometry.txt	raw/metabolomics/MetaboLights/MTBLS144/a_MTBLS144_NEG2_metabolite_profiling_mass_spectrometry.txt	EMBL-EBI Terms of Use	https://www.ebi.ac.uk/about/terms-of-use/	per_study_terms	conditional_until_reviewed	pending
MTBLS144	a_MTBLS144_NEG_metabolite_profiling_mass_spectrometry.txt	metadata_assay	https://ftp.ebi.ac.uk/pub/databases/metabolights/studies/public/MTBLS144/a_MTBLS144_NEG_metabolite_profiling_mass_spectrometry.txt	raw/metabolomics/MetaboLights/MTBLS144/a_MTBLS144_NEG_metabolite_profiling_mass_spectrometry.txt	EMBL-EBI Terms of Use	https://www.ebi.ac.uk/about/terms-of-use/	per_study_terms	conditional_until_reviewed	pending
MTBLS144	a_MTBLS144_POS2_metabolite_profiling_mass_spectrometry.txt	metadata_assay	https://ftp.ebi.ac.uk/pub/databases/metabolights/studies/public/MTBLS144/a_MTBLS144_POS2_metabolite_profiling_mass_spectrometry.txt	raw/metabolomics/MetaboLights/MTBLS144/a_MTBLS144_POS2_metabolite_profiling_mass_spectrometry.txt	EMBL-EBI Terms of Use	https://www.ebi.ac.uk/about/terms-of-use/	per_study_terms	conditional_until_reviewed	pending
MTBLS144	a_MTBLS144_POS_metabolite_profiling_mass_spectrometry.txt	metadata_assay	https://ftp.ebi.ac.uk/pub/databases/metabolights/studies/public/MTBLS144/a_MTBLS144_POS_metabolite_profiling_mass_spectrometry.txt	raw/metabolomics/MetaboLights/MTBLS144/a_MTBLS144_POS_metabolite_profiling_mass_spectrometry.txt	EMBL-EBI Terms of Use	https://www.ebi.ac.uk/about/terms-of-use/	per_study_terms	conditional_until_reviewed	pending
MTBLS144	i_Investigation.txt	metadata_investigation	https://ftp.ebi.ac.uk/pub/databases/metabolights/studies/public/MTBLS144/i_Investigation.txt	raw/metabolomics/MetaboLights/MTBLS144/i_Investigation.txt	EMBL-EBI Terms of Use	https://www.ebi.ac.uk/about/terms-of-use/	per_study_terms	conditional_until_reviewed	pending
MTBLS144	m_MTBLS144_metabolite_profiling_mass_spectrometry-1_v2_maf.tsv	metadata_maf	https://ftp.ebi.ac.uk/pub/databases/metabolights/studies/public/MTBLS144/m_MTBLS144_metabolite_profiling_mass_spectrometry-1_v2_maf.tsv	raw/metabolomics/MetaboLights/MTBLS144/m_MTBLS144_metabolite_profiling_mass_spectrometry-1_v2_maf.tsv	EMBL-EBI Terms of Use	https://www.ebi.ac.uk/about/terms-of-use/	per_study_terms	conditional_until_reviewed	pending
MTBLS144	m_MTBLS144_tps4_metabolite_profiling_mass_spectrometry_v2_maf.tsv	metadata_maf	https://ftp.ebi.ac.uk/pub/databases/metabolights/studies/public/MTBLS144/m_MTBLS144_tps4_metabolite_profiling_mass_spectrometry_v2_maf.tsv	raw/metabolomics/MetaboLights/MTBLS144/m_MTBLS144_tps4_metabolite_profiling_mass_spectrometry_v2_maf.tsv	EMBL-EBI Terms of Use	https://www.ebi.ac.uk/about/terms-of-use/	per_study_terms	conditional_until_reviewed	pending
MTBLS144	s_MTBLS144.txt	metadata_sample	https://ftp.ebi.ac.uk/pub/databases/metabolights/studies/public/MTBLS144/s_MTBLS144.txt	raw/metabolomics/MetaboLights/MTBLS144/s_MTBLS144.txt	EMBL-EBI Terms of Use	https://www.ebi.ac.uk/about/terms-of-use/	per_study_terms	conditional_until_reviewed	pending
MTBLS14421	a_MTBLS14421_LC-MS_negative_hilic.txt	metadata_assay	https://ftp.ebi.ac.uk/pub/databases/metabolights/studies/public/MTBLS14421/a_MTBLS14421_LC-MS_negative_hilic.txt	raw/metabolomics/MetaboLights/MTBLS14421/a_MTBLS14421_LC-MS_negative_hilic.txt	CC0 1.0 Universal	https://creativecommons.org/publicdomain/zero/1.0/	per_study_terms	conditional_until_reviewed	pending
MTBLS14421	a_MTBLS14421_LC-MS_positive_hilic.txt	metadata_assay	https://ftp.ebi.ac.uk/pub/databases/metabolights/studies/public/MTBLS14421/a_MTBLS14421_LC-MS_positive_hilic.txt	raw/metabolomics/MetaboLights/MTBLS14421/a_MTBLS14421_LC-MS_positive_hilic.txt	CC0 1.0 Universal	https://creativecommons.org/publicdomain/zero/1.0/	per_study_terms	conditional_until_reviewed	pending
MTBLS14421	i_Investigation.txt	metadata_investigation	https://ftp.ebi.ac.uk/pub/databases/metabolights/studies/public/MTBLS14421/i_Investigation.txt	raw/metabolomics/MetaboLights/MTBLS14421/i_Investigation.txt	CC0 1.0 Universal	https://creativecommons.org/publicdomain/zero/1.0/	per_study_terms	conditional_until_reviewed	pending
MTBLS14421	m_MTBLS14421_LC-MS_negative_hilic_v2_maf.tsv	metadata_maf	https://ftp.ebi.ac.uk/pub/databases/metabolights/studies/public/MTBLS14421/m_MTBLS14421_LC-MS_negative_hilic_v2_maf.tsv	raw/metabolomics/MetaboLights/MTBLS14421/m_MTBLS14421_LC-MS_negative_hilic_v2_maf.tsv	CC0 1.0 Universal	https://creativecommons.org/publicdomain/zero/1.0/	per_study_terms	conditional_until_reviewed	pending
MTBLS14421	m_MTBLS14421_LC-MS_positive_hilic_v2_maf.tsv	metadata_maf	https://ftp.ebi.ac.uk/pub/databases/metabolights/studies/public/MTBLS14421/m_MTBLS14421_LC-MS_positive_hilic_v2_maf.tsv	raw/metabolomics/MetaboLights/MTBLS14421/m_MTBLS14421_LC-MS_positive_hilic_v2_maf.tsv	CC0 1.0 Universal	https://creativecommons.org/publicdomain/zero/1.0/	per_study_terms	conditional_until_reviewed	pending
MTBLS14421	s_MTBLS14421.txt	metadata_sample	https://ftp.ebi.ac.uk/pub/databases/metabolights/studies/public/MTBLS14421/s_MTBLS14421.txt	raw/metabolomics/MetaboLights/MTBLS14421/s_MTBLS14421.txt	CC0 1.0 Universal	https://creativecommons.org/publicdomain/zero/1.0/	per_study_terms	conditional_until_reviewed	pending
MTBLS1446	a_MTBLS1446_LC-MS_negative_reverse-phase_metabolite_profiling.txt	metadata_assay	https://ftp.ebi.ac.uk/pub/databases/metabolights/studies/public/MTBLS1446/a_MTBLS1446_LC-MS_negative_reverse-phase_metabolite_profiling.txt	raw/metabolomics/MetaboLights/MTBLS1446/a_MTBLS1446_LC-MS_negative_reverse-phase_metabolite_profiling.txt	EMBL-EBI Terms of Use	https://www.ebi.ac.uk/about/terms-of-use/	per_study_terms	conditional_until_reviewed	pending
MTBLS1446	i_Investigation.txt	metadata_investigation	https://ftp.ebi.ac.uk/pub/databases/metabolights/studies/public/MTBLS1446/i_Investigation.txt	raw/metabolomics/MetaboLights/MTBLS1446/i_Investigation.txt	EMBL-EBI Terms of Use	https://www.ebi.ac.uk/about/terms-of-use/	per_study_terms	conditional_until_reviewed	pending
MTBLS1446	m_MTBLS1446_LC-MS_negative_reverse-phase_metabolite_profiling_v2_maf.tsv	metadata_maf	https://ftp.ebi.ac.uk/pub/databases/metabolights/studies/public/MTBLS1446/m_MTBLS1446_LC-MS_negative_reverse-phase_metabolite_profiling_v2_maf.tsv	raw/metabolomics/MetaboLights/MTBLS1446/m_MTBLS1446_LC-MS_negative_reverse-phase_metabolite_profiling_v2_maf.tsv	EMBL-EBI Terms of Use	https://www.ebi.ac.uk/about/terms-of-use/	per_study_terms	conditional_until_reviewed	pending
MTBLS1446	s_MTBLS1446.txt	metadata_sample	https://ftp.ebi.ac.uk/pub/databases/metabolights/studies/public/MTBLS1446/s_MTBLS1446.txt	raw/metabolomics/MetaboLights/MTBLS1446/s_MTBLS1446.txt	EMBL-EBI Terms of Use	https://www.ebi.ac.uk/about/terms-of-use/	per_study_terms	conditional_until_reviewed	pending
MTBLS14569	a_MTBLS14569_LC-MS___metabolite_profiling.txt	metadata_assay	https://ftp.ebi.ac.uk/pub/databases/metabolights/studies/public/MTBLS14569/a_MTBLS14569_LC-MS___metabolite_profiling.txt	raw/metabolomics/MetaboLights/MTBLS14569/a_MTBLS14569_LC-MS___metabolite_profiling.txt	CC0 1.0 Universal	https://creativecommons.org/publicdomain/zero/1.0/	per_study_terms	conditional_until_reviewed	pending
MTBLS14569	i_Investigation.txt	metadata_investigation	https://ftp.ebi.ac.uk/pub/databases/metabolights/studies/public/MTBLS14569/i_Investigation.txt	raw/metabolomics/MetaboLights/MTBLS14569/i_Investigation.txt	CC0 1.0 Universal	https://creativecommons.org/publicdomain/zero/1.0/	per_study_terms	conditional_until_reviewed	pending
MTBLS14569	m_MTBLS14569_LC-MS___metabolite_profiling_v2_maf.tsv	metadata_maf	https://ftp.ebi.ac.uk/pub/databases/metabolights/studies/public/MTBLS14569/m_MTBLS14569_LC-MS___metabolite_profiling_v2_maf.tsv	raw/metabolomics/MetaboLights/MTBLS14569/m_MTBLS14569_LC-MS___metabolite_profiling_v2_maf.tsv	CC0 1.0 Universal	https://creativecommons.org/publicdomain/zero/1.0/	per_study_terms	conditional_until_reviewed	pending
MTBLS14569	s_MTBLS14569.txt	metadata_sample	https://ftp.ebi.ac.uk/pub/databases/metabolights/studies/public/MTBLS14569/s_MTBLS14569.txt	raw/metabolomics/MetaboLights/MTBLS14569/s_MTBLS14569.txt	CC0 1.0 Universal	https://creativecommons.org/publicdomain/zero/1.0/	per_study_terms	conditional_until_reviewed	pending
MTBLS14653	a_MTBLS14653_GC-MS___metabolite_profiling.txt	metadata_assay	https://ftp.ebi.ac.uk/pub/databases/metabolights/studies/public/MTBLS14653/a_MTBLS14653_GC-MS___metabolite_profiling.txt	raw/metabolomics/MetaboLights/MTBLS14653/a_MTBLS14653_GC-MS___metabolite_profiling.txt	CC0 1.0 Universal	https://creativecommons.org/publicdomain/zero/1.0/	per_study_terms	conditional_until_reviewed	pending
MTBLS14653	a_MTBLS14653_LC-MS_negative_reverse-phase_metabolite_profiling.txt	metadata_assay	https://ftp.ebi.ac.uk/pub/databases/metabolights/studies/public/MTBLS14653/a_MTBLS14653_LC-MS_negative_reverse-phase_metabolite_profiling.txt	raw/metabolomics/MetaboLights/MTBLS14653/a_MTBLS14653_LC-MS_negative_reverse-phase_metabolite_profiling.txt	CC0 1.0 Universal	https://creativecommons.org/publicdomain/zero/1.0/	per_study_terms	conditional_until_reviewed	pending
MTBLS14653	a_MTBLS14653_LC-MS_positive_reverse-phase_metabolite_profiling.txt	metadata_assay	https://ftp.ebi.ac.uk/pub/databases/metabolights/studies/public/MTBLS14653/a_MTBLS14653_LC-MS_positive_reverse-phase_metabolite_profiling.txt	raw/metabolomics/MetaboLights/MTBLS14653/a_MTBLS14653_LC-MS_positive_reverse-phase_metabolite_profiling.txt	CC0 1.0 Universal	https://creativecommons.org/publicdomain/zero/1.0/	per_study_terms	conditional_until_reviewed	pending
MTBLS14653	i_Investigation.txt	metadata_investigation	https://ftp.ebi.ac.uk/pub/databases/metabolights/studies/public/MTBLS14653/i_Investigation.txt	raw/metabolomics/MetaboLights/MTBLS14653/i_Investigation.txt	CC0 1.0 Universal	https://creativecommons.org/publicdomain/zero/1.0/	per_study_terms	conditional_until_reviewed	pending
MTBLS14653	m_MTBLS14653_GC-MS___metabolite_profiling_v2_maf.tsv	metadata_maf	https://ftp.ebi.ac.uk/pub/databases/metabolights/studies/public/MTBLS14653/m_MTBLS14653_GC-MS___metabolite_profiling_v2_maf.tsv	raw/metabolomics/MetaboLights/MTBLS14653/m_MTBLS14653_GC-MS___metabolite_profiling_v2_maf.tsv	CC0 1.0 Universal	https://creativecommons.org/publicdomain/zero/1.0/	per_study_terms	conditional_until_reviewed	pending
MTBLS14653	m_MTBLS14653_LC-MS_negative_reverse-phase_metabolite_profiling_v2_maf.tsv	metadata_maf	https://ftp.ebi.ac.uk/pub/databases/metabolights/studies/public/MTBLS14653/m_MTBLS14653_LC-MS_negative_reverse-phase_metabolite_profiling_v2_maf.tsv	raw/metabolomics/MetaboLights/MTBLS14653/m_MTBLS14653_LC-MS_negative_reverse-phase_metabolite_profiling_v2_maf.tsv	CC0 1.0 Universal	https://creativecommons.org/publicdomain/zero/1.0/	per_study_terms	conditional_until_reviewed	pending
MTBLS14653	m_MTBLS14653_LC-MS_positive_reverse-phase_metabolite_profiling_v2_maf.tsv	metadata_maf	https://ftp.ebi.ac.uk/pub/databases/metabolights/studies/public/MTBLS14653/m_MTBLS14653_LC-MS_positive_reverse-phase_metabolite_profiling_v2_maf.tsv	raw/metabolomics/MetaboLights/MTBLS14653/m_MTBLS14653_LC-MS_positive_reverse-phase_metabolite_profiling_v2_maf.tsv	CC0 1.0 Universal	https://creativecommons.org/publicdomain/zero/1.0/	per_study_terms	conditional_until_reviewed	pending
MTBLS14653	s_MTBLS14653.txt	metadata_sample	https://ftp.ebi.ac.uk/pub/databases/metabolights/studies/public/MTBLS14653/s_MTBLS14653.txt	raw/metabolomics/MetaboLights/MTBLS14653/s_MTBLS14653.txt	CC0 1.0 Universal	https://creativecommons.org/publicdomain/zero/1.0/	per_study_terms	conditional_until_reviewed	pending
MTBLS14812	a_MTBLS14812_LC-MS_negative_hilic.txt	metadata_assay	https://ftp.ebi.ac.uk/pub/databases/metabolights/studies/public/MTBLS14812/a_MTBLS14812_LC-MS_negative_hilic.txt	raw/metabolomics/MetaboLights/MTBLS14812/a_MTBLS14812_LC-MS_negative_hilic.txt	CC0 1.0 Universal	https://creativecommons.org/publicdomain/zero/1.0/	per_study_terms	conditional_until_reviewed	pending
MTBLS14812	a_MTBLS14812_LC-MS_positive_hilic.txt	metadata_assay	https://ftp.ebi.ac.uk/pub/databases/metabolights/studies/public/MTBLS14812/a_MTBLS14812_LC-MS_positive_hilic.txt	raw/metabolomics/MetaboLights/MTBLS14812/a_MTBLS14812_LC-MS_positive_hilic.txt	CC0 1.0 Universal	https://creativecommons.org/publicdomain/zero/1.0/	per_study_terms	conditional_until_reviewed	pending
MTBLS14812	i_Investigation.txt	metadata_investigation	https://ftp.ebi.ac.uk/pub/databases/metabolights/studies/public/MTBLS14812/i_Investigation.txt	raw/metabolomics/MetaboLights/MTBLS14812/i_Investigation.txt	CC0 1.0 Universal	https://creativecommons.org/publicdomain/zero/1.0/	per_study_terms	conditional_until_reviewed	pending
MTBLS14812	m_MTBLS14812_LC-MS_negative_hilic_v2_maf.tsv	metadata_maf	https://ftp.ebi.ac.uk/pub/databases/metabolights/studies/public/MTBLS14812/m_MTBLS14812_LC-MS_negative_hilic_v2_maf.tsv	raw/metabolomics/MetaboLights/MTBLS14812/m_MTBLS14812_LC-MS_negative_hilic_v2_maf.tsv	CC0 1.0 Universal	https://creativecommons.org/publicdomain/zero/1.0/	per_study_terms	conditional_until_reviewed	pending
MTBLS14812	s_MTBLS14812.txt	metadata_sample	https://ftp.ebi.ac.uk/pub/databases/metabolights/studies/public/MTBLS14812/s_MTBLS14812.txt	raw/metabolomics/MetaboLights/MTBLS14812/s_MTBLS14812.txt	CC0 1.0 Universal	https://creativecommons.org/publicdomain/zero/1.0/	per_study_terms	conditional_until_reviewed	pending
MTBLS15050	a_MTBLS15050_LC-MS_negative_hilic.txt	metadata_assay	https://ftp.ebi.ac.uk/pub/databases/metabolights/studies/public/MTBLS15050/a_MTBLS15050_LC-MS_negative_hilic.txt	raw/metabolomics/MetaboLights/MTBLS15050/a_MTBLS15050_LC-MS_negative_hilic.txt	CC0 1.0 Universal	https://creativecommons.org/publicdomain/zero/1.0/	per_study_terms	conditional_until_reviewed	pending
MTBLS15050	i_Investigation.txt	metadata_investigation	https://ftp.ebi.ac.uk/pub/databases/metabolights/studies/public/MTBLS15050/i_Investigation.txt	raw/metabolomics/MetaboLights/MTBLS15050/i_Investigation.txt	CC0 1.0 Universal	https://creativecommons.org/publicdomain/zero/1.0/	per_study_terms	conditional_until_reviewed	pending
MTBLS15050	m_MTBLS15050_LC-MS_negative_hilic_v2_maf.tsv	metadata_maf	https://ftp.ebi.ac.uk/pub/databases/metabolights/studies/public/MTBLS15050/m_MTBLS15050_LC-MS_negative_hilic_v2_maf.tsv	raw/metabolomics/MetaboLights/MTBLS15050/m_MTBLS15050_LC-MS_negative_hilic_v2_maf.tsv	CC0 1.0 Universal	https://creativecommons.org/publicdomain/zero/1.0/	per_study_terms	conditional_until_reviewed	pending
MTBLS15050	s_MTBLS15050.txt	metadata_sample	https://ftp.ebi.ac.uk/pub/databases/metabolights/studies/public/MTBLS15050/s_MTBLS15050.txt	raw/metabolomics/MetaboLights/MTBLS15050/s_MTBLS15050.txt	CC0 1.0 Universal	https://creativecommons.org/publicdomain/zero/1.0/	per_study_terms	conditional_until_reviewed	pending
MTBLS154	a_MTBLS154_NEG2_metabolite_profiling_mass_spectrometry.txt	metadata_assay	https://ftp.ebi.ac.uk/pub/databases/metabolights/studies/public/MTBLS154/a_MTBLS154_NEG2_metabolite_profiling_mass_spectrometry.txt	raw/metabolomics/MetaboLights/MTBLS154/a_MTBLS154_NEG2_metabolite_profiling_mass_spectrometry.txt	EMBL-EBI Terms of Use	https://www.ebi.ac.uk/about/terms-of-use/	per_study_terms	conditional_until_reviewed	pending
MTBLS154	a_MTBLS154_NEG_metabolite_profiling_mass_spectrometry.txt	metadata_assay	https://ftp.ebi.ac.uk/pub/databases/metabolights/studies/public/MTBLS154/a_MTBLS154_NEG_metabolite_profiling_mass_spectrometry.txt	raw/metabolomics/MetaboLights/MTBLS154/a_MTBLS154_NEG_metabolite_profiling_mass_spectrometry.txt	EMBL-EBI Terms of Use	https://www.ebi.ac.uk/about/terms-of-use/	per_study_terms	conditional_until_reviewed	pending
MTBLS154	a_MTBLS154_POS2_metabolite_profiling_mass_spectrometry.txt	metadata_assay	https://ftp.ebi.ac.uk/pub/databases/metabolights/studies/public/MTBLS154/a_MTBLS154_POS2_metabolite_profiling_mass_spectrometry.txt	raw/metabolomics/MetaboLights/MTBLS154/a_MTBLS154_POS2_metabolite_profiling_mass_spectrometry.txt	EMBL-EBI Terms of Use	https://www.ebi.ac.uk/about/terms-of-use/	per_study_terms	conditional_until_reviewed	pending
MTBLS154	a_MTBLS154_POS_metabolite_profiling_mass_spectrometry.txt	metadata_assay	https://ftp.ebi.ac.uk/pub/databases/metabolights/studies/public/MTBLS154/a_MTBLS154_POS_metabolite_profiling_mass_spectrometry.txt	raw/metabolomics/MetaboLights/MTBLS154/a_MTBLS154_POS_metabolite_profiling_mass_spectrometry.txt	EMBL-EBI Terms of Use	https://www.ebi.ac.uk/about/terms-of-use/	per_study_terms	conditional_until_reviewed	pending
MTBLS154	a_MTBLS154_TAR_metabolite_profiling_mass_spectrometry.txt	metadata_assay	https://ftp.ebi.ac.uk/pub/databases/metabolights/studies/public/MTBLS154/a_MTBLS154_TAR_metabolite_profiling_mass_spectrometry.txt	raw/metabolomics/MetaboLights/MTBLS154/a_MTBLS154_TAR_metabolite_profiling_mass_spectrometry.txt	EMBL-EBI Terms of Use	https://www.ebi.ac.uk/about/terms-of-use/	per_study_terms	conditional_until_reviewed	pending
MTBLS154	i_Investigation.txt	metadata_investigation	https://ftp.ebi.ac.uk/pub/databases/metabolights/studies/public/MTBLS154/i_Investigation.txt	raw/metabolomics/MetaboLights/MTBLS154/i_Investigation.txt	EMBL-EBI Terms of Use	https://www.ebi.ac.uk/about/terms-of-use/	per_study_terms	conditional_until_reviewed	pending
MTBLS154	m_MTBLS154_NEG_metabolite_profiling_mass_spectrometry_v2_maf.tsv	metadata_maf	https://ftp.ebi.ac.uk/pub/databases/metabolights/studies/public/MTBLS154/m_MTBLS154_NEG_metabolite_profiling_mass_spectrometry_v2_maf.tsv	raw/metabolomics/MetaboLights/MTBLS154/m_MTBLS154_NEG_metabolite_profiling_mass_spectrometry_v2_maf.tsv	EMBL-EBI Terms of Use	https://www.ebi.ac.uk/about/terms-of-use/	per_study_terms	conditional_until_reviewed	pending
MTBLS154	m_MTBLS154_POS_metabolite_profiling_mass_spectrometry_v2_maf.tsv	metadata_maf	https://ftp.ebi.ac.uk/pub/databases/metabolights/studies/public/MTBLS154/m_MTBLS154_POS_metabolite_profiling_mass_spectrometry_v2_maf.tsv	raw/metabolomics/MetaboLights/MTBLS154/m_MTBLS154_POS_metabolite_profiling_mass_spectrometry_v2_maf.tsv	EMBL-EBI Terms of Use	https://www.ebi.ac.uk/about/terms-of-use/	per_study_terms	conditional_until_reviewed	pending
MTBLS154	m_MTBLS154_TAR_metabolite_profiling_mass_spectrometry_v2_maf.tsv	metadata_maf	https://ftp.ebi.ac.uk/pub/databases/metabolights/studies/public/MTBLS154/m_MTBLS154_TAR_metabolite_profiling_mass_spectrometry_v2_maf.tsv	raw/metabolomics/MetaboLights/MTBLS154/m_MTBLS154_TAR_metabolite_profiling_mass_spectrometry_v2_maf.tsv	EMBL-EBI Terms of Use	https://www.ebi.ac.uk/about/terms-of-use/	per_study_terms	conditional_until_reviewed	pending
MTBLS154	s_MTBLS154.txt	metadata_sample	https://ftp.ebi.ac.uk/pub/databases/metabolights/studies/public/MTBLS154/s_MTBLS154.txt	raw/metabolomics/MetaboLights/MTBLS154/s_MTBLS154.txt	EMBL-EBI Terms of Use	https://www.ebi.ac.uk/about/terms-of-use/	per_study_terms	conditional_until_reviewed	pending
MTBLS155	a_MTBLS155_NEG2_metabolite_profiling_mass_spectrometry.txt	metadata_assay	https://ftp.ebi.ac.uk/pub/databases/metabolights/studies/public/MTBLS155/a_MTBLS155_NEG2_metabolite_profiling_mass_spectrometry.txt	raw/metabolomics/MetaboLights/MTBLS155/a_MTBLS155_NEG2_metabolite_profiling_mass_spectrometry.txt	EMBL-EBI Terms of Use	https://www.ebi.ac.uk/about/terms-of-use/	per_study_terms	conditional_until_reviewed	pending
MTBLS155	a_MTBLS155_NEG_metabolite_profiling_mass_spectrometry.txt	metadata_assay	https://ftp.ebi.ac.uk/pub/databases/metabolights/studies/public/MTBLS155/a_MTBLS155_NEG_metabolite_profiling_mass_spectrometry.txt	raw/metabolomics/MetaboLights/MTBLS155/a_MTBLS155_NEG_metabolite_profiling_mass_spectrometry.txt	EMBL-EBI Terms of Use	https://www.ebi.ac.uk/about/terms-of-use/	per_study_terms	conditional_until_reviewed	pending
MTBLS155	a_MTBLS155_POS2_metabolite_profiling_mass_spectrometry.txt	metadata_assay	https://ftp.ebi.ac.uk/pub/databases/metabolights/studies/public/MTBLS155/a_MTBLS155_POS2_metabolite_profiling_mass_spectrometry.txt	raw/metabolomics/MetaboLights/MTBLS155/a_MTBLS155_POS2_metabolite_profiling_mass_spectrometry.txt	EMBL-EBI Terms of Use	https://www.ebi.ac.uk/about/terms-of-use/	per_study_terms	conditional_until_reviewed	pending
MTBLS155	a_MTBLS155_POS_metabolite_profiling_mass_spectrometry.txt	metadata_assay	https://ftp.ebi.ac.uk/pub/databases/metabolights/studies/public/MTBLS155/a_MTBLS155_POS_metabolite_profiling_mass_spectrometry.txt	raw/metabolomics/MetaboLights/MTBLS155/a_MTBLS155_POS_metabolite_profiling_mass_spectrometry.txt	EMBL-EBI Terms of Use	https://www.ebi.ac.uk/about/terms-of-use/	per_study_terms	conditional_until_reviewed	pending
MTBLS155	a_MTBLS155_TAR_metabolite_profiling_mass_spectrometry.txt	metadata_assay	https://ftp.ebi.ac.uk/pub/databases/metabolights/studies/public/MTBLS155/a_MTBLS155_TAR_metabolite_profiling_mass_spectrometry.txt	raw/metabolomics/MetaboLights/MTBLS155/a_MTBLS155_TAR_metabolite_profiling_mass_spectrometry.txt	EMBL-EBI Terms of Use	https://www.ebi.ac.uk/about/terms-of-use/	per_study_terms	conditional_until_reviewed	pending
MTBLS155	i_Investigation.txt	metadata_investigation	https://ftp.ebi.ac.uk/pub/databases/metabolights/studies/public/MTBLS155/i_Investigation.txt	raw/metabolomics/MetaboLights/MTBLS155/i_Investigation.txt	EMBL-EBI Terms of Use	https://www.ebi.ac.uk/about/terms-of-use/	per_study_terms	conditional_until_reviewed	pending
MTBLS155	m_MTBLS155_NEG_metabolite_profiling_mass_spectrometry_v2_maf.tsv	metadata_maf	https://ftp.ebi.ac.uk/pub/databases/metabolights/studies/public/MTBLS155/m_MTBLS155_NEG_metabolite_profiling_mass_spectrometry_v2_maf.tsv	raw/metabolomics/MetaboLights/MTBLS155/m_MTBLS155_NEG_metabolite_profiling_mass_spectrometry_v2_maf.tsv	EMBL-EBI Terms of Use	https://www.ebi.ac.uk/about/terms-of-use/	per_study_terms	conditional_until_reviewed	pending
MTBLS155	m_MTBLS155_POS_metabolite_profiling_mass_spectrometry_v2_maf.tsv	metadata_maf	https://ftp.ebi.ac.uk/pub/databases/metabolights/studies/public/MTBLS155/m_MTBLS155_POS_metabolite_profiling_mass_spectrometry_v2_maf.tsv	raw/metabolomics/MetaboLights/MTBLS155/m_MTBLS155_POS_metabolite_profiling_mass_spectrometry_v2_maf.tsv	EMBL-EBI Terms of Use	https://www.ebi.ac.uk/about/terms-of-use/	per_study_terms	conditional_until_reviewed	pending
MTBLS155	m_MTBLS155_TAR_metabolite_profiling_mass_spectrometry_v2_maf.tsv	metadata_maf	https://ftp.ebi.ac.uk/pub/databases/metabolights/studies/public/MTBLS155/m_MTBLS155_TAR_metabolite_profiling_mass_spectrometry_v2_maf.tsv	raw/metabolomics/MetaboLights/MTBLS155/m_MTBLS155_TAR_metabolite_profiling_mass_spectrometry_v2_maf.tsv	EMBL-EBI Terms of Use	https://www.ebi.ac.uk/about/terms-of-use/	per_study_terms	conditional_until_reviewed	pending
MTBLS155	s_MTBLS155.txt	metadata_sample	https://ftp.ebi.ac.uk/pub/databases/metabolights/studies/public/MTBLS155/s_MTBLS155.txt	raw/metabolomics/MetaboLights/MTBLS155/s_MTBLS155.txt	EMBL-EBI Terms of Use	https://www.ebi.ac.uk/about/terms-of-use/	per_study_terms	conditional_until_reviewed	pending
MTBLS157	a_MTBLS157_NEG2_ENDO_metabolite_profiling_mass_spectrometry.txt	metadata_assay	https://ftp.ebi.ac.uk/pub/databases/metabolights/studies/public/MTBLS157/a_MTBLS157_NEG2_ENDO_metabolite_profiling_mass_spectrometry.txt	raw/metabolomics/MetaboLights/MTBLS157/a_MTBLS157_NEG2_ENDO_metabolite_profiling_mass_spectrometry.txt	EMBL-EBI Terms of Use	https://www.ebi.ac.uk/about/terms-of-use/	per_study_terms	conditional_until_reviewed	pending
MTBLS157	a_MTBLS157_NEG2_EXO_metabolite_profiling_mass_spectrometry.txt	metadata_assay	https://ftp.ebi.ac.uk/pub/databases/metabolights/studies/public/MTBLS157/a_MTBLS157_NEG2_EXO_metabolite_profiling_mass_spectrometry.txt	raw/metabolomics/MetaboLights/MTBLS157/a_MTBLS157_NEG2_EXO_metabolite_profiling_mass_spectrometry.txt	EMBL-EBI Terms of Use	https://www.ebi.ac.uk/about/terms-of-use/	per_study_terms	conditional_until_reviewed	pending
MTBLS157	a_MTBLS157_NEG_ENDO_metabolite_profiling_mass_spectrometry.txt	metadata_assay	https://ftp.ebi.ac.uk/pub/databases/metabolights/studies/public/MTBLS157/a_MTBLS157_NEG_ENDO_metabolite_profiling_mass_spectrometry.txt	raw/metabolomics/MetaboLights/MTBLS157/a_MTBLS157_NEG_ENDO_metabolite_profiling_mass_spectrometry.txt	EMBL-EBI Terms of Use	https://www.ebi.ac.uk/about/terms-of-use/	per_study_terms	conditional_until_reviewed	pending
MTBLS157	a_MTBLS157_NEG_EXO_metabolite_profiling_mass_spectrometry.txt	metadata_assay	https://ftp.ebi.ac.uk/pub/databases/metabolights/studies/public/MTBLS157/a_MTBLS157_NEG_EXO_metabolite_profiling_mass_spectrometry.txt	raw/metabolomics/MetaboLights/MTBLS157/a_MTBLS157_NEG_EXO_metabolite_profiling_mass_spectrometry.txt	EMBL-EBI Terms of Use	https://www.ebi.ac.uk/about/terms-of-use/	per_study_terms	conditional_until_reviewed	pending
MTBLS157	a_MTBLS157_POS2_ENDO_metabolite_profiling_mass_spectrometry.txt	metadata_assay	https://ftp.ebi.ac.uk/pub/databases/metabolights/studies/public/MTBLS157/a_MTBLS157_POS2_ENDO_metabolite_profiling_mass_spectrometry.txt	raw/metabolomics/MetaboLights/MTBLS157/a_MTBLS157_POS2_ENDO_metabolite_profiling_mass_spectrometry.txt	EMBL-EBI Terms of Use	https://www.ebi.ac.uk/about/terms-of-use/	per_study_terms	conditional_until_reviewed	pending
MTBLS157	a_MTBLS157_POS2_EXO_metabolite_profiling_mass_spectrometry.txt	metadata_assay	https://ftp.ebi.ac.uk/pub/databases/metabolights/studies/public/MTBLS157/a_MTBLS157_POS2_EXO_metabolite_profiling_mass_spectrometry.txt	raw/metabolomics/MetaboLights/MTBLS157/a_MTBLS157_POS2_EXO_metabolite_profiling_mass_spectrometry.txt	EMBL-EBI Terms of Use	https://www.ebi.ac.uk/about/terms-of-use/	per_study_terms	conditional_until_reviewed	pending
MTBLS157	a_MTBLS157_POS_ENDO_metabolite_profiling_mass_spectrometry.txt	metadata_assay	https://ftp.ebi.ac.uk/pub/databases/metabolights/studies/public/MTBLS157/a_MTBLS157_POS_ENDO_metabolite_profiling_mass_spectrometry.txt	raw/metabolomics/MetaboLights/MTBLS157/a_MTBLS157_POS_ENDO_metabolite_profiling_mass_spectrometry.txt	EMBL-EBI Terms of Use	https://www.ebi.ac.uk/about/terms-of-use/	per_study_terms	conditional_until_reviewed	pending
MTBLS157	a_MTBLS157_POS_EXO_metabolite_profiling_mass_spectrometry.txt	metadata_assay	https://ftp.ebi.ac.uk/pub/databases/metabolights/studies/public/MTBLS157/a_MTBLS157_POS_EXO_metabolite_profiling_mass_spectrometry.txt	raw/metabolomics/MetaboLights/MTBLS157/a_MTBLS157_POS_EXO_metabolite_profiling_mass_spectrometry.txt	EMBL-EBI Terms of Use	https://www.ebi.ac.uk/about/terms-of-use/	per_study_terms	conditional_until_reviewed	pending
MTBLS157	a_MTBLS157_TAR_metabolite_profiling_mass_spectrometry.txt	metadata_assay	https://ftp.ebi.ac.uk/pub/databases/metabolights/studies/public/MTBLS157/a_MTBLS157_TAR_metabolite_profiling_mass_spectrometry.txt	raw/metabolomics/MetaboLights/MTBLS157/a_MTBLS157_TAR_metabolite_profiling_mass_spectrometry.txt	EMBL-EBI Terms of Use	https://www.ebi.ac.uk/about/terms-of-use/	per_study_terms	conditional_until_reviewed	pending
MTBLS157	i_Investigation.txt	metadata_investigation	https://ftp.ebi.ac.uk/pub/databases/metabolights/studies/public/MTBLS157/i_Investigation.txt	raw/metabolomics/MetaboLights/MTBLS157/i_Investigation.txt	EMBL-EBI Terms of Use	https://www.ebi.ac.uk/about/terms-of-use/	per_study_terms	conditional_until_reviewed	pending
MTBLS157	m_MTBLS157_NEG2_EXO_metabolite_profiling_mass_spectrometry_v2_maf.tsv	metadata_maf	https://ftp.ebi.ac.uk/pub/databases/metabolights/studies/public/MTBLS157/m_MTBLS157_NEG2_EXO_metabolite_profiling_mass_spectrometry_v2_maf.tsv	raw/metabolomics/MetaboLights/MTBLS157/m_MTBLS157_NEG2_EXO_metabolite_profiling_mass_spectrometry_v2_maf.tsv	EMBL-EBI Terms of Use	https://www.ebi.ac.uk/about/terms-of-use/	per_study_terms	conditional_until_reviewed	pending
MTBLS157	m_MTBLS157_NEG_ENDO_metabolite_profiling_mass_spectrometry_v2_maf.tsv	metadata_maf	https://ftp.ebi.ac.uk/pub/databases/metabolights/studies/public/MTBLS157/m_MTBLS157_NEG_ENDO_metabolite_profiling_mass_spectrometry_v2_maf.tsv	raw/metabolomics/MetaboLights/MTBLS157/m_MTBLS157_NEG_ENDO_metabolite_profiling_mass_spectrometry_v2_maf.tsv	EMBL-EBI Terms of Use	https://www.ebi.ac.uk/about/terms-of-use/	per_study_terms	conditional_until_reviewed	pending
MTBLS157	m_MTBLS157_NEG_EXO_metabolite_profiling_mass_spectrometry_v2_maf.tsv	metadata_maf	https://ftp.ebi.ac.uk/pub/databases/metabolights/studies/public/MTBLS157/m_MTBLS157_NEG_EXO_metabolite_profiling_mass_spectrometry_v2_maf.tsv	raw/metabolomics/MetaboLights/MTBLS157/m_MTBLS157_NEG_EXO_metabolite_profiling_mass_spectrometry_v2_maf.tsv	EMBL-EBI Terms of Use	https://www.ebi.ac.uk/about/terms-of-use/	per_study_terms	conditional_until_reviewed	pending
MTBLS157	m_MTBLS157_POS_ENDO_metabolite_profiling_mass_spectrometry_v2_maf.tsv	metadata_maf	https://ftp.ebi.ac.uk/pub/databases/metabolights/studies/public/MTBLS157/m_MTBLS157_POS_ENDO_metabolite_profiling_mass_spectrometry_v2_maf.tsv	raw/metabolomics/MetaboLights/MTBLS157/m_MTBLS157_POS_ENDO_metabolite_profiling_mass_spectrometry_v2_maf.tsv	EMBL-EBI Terms of Use	https://www.ebi.ac.uk/about/terms-of-use/	per_study_terms	conditional_until_reviewed	pending
MTBLS157	m_MTBLS157_POS_EXO_metabolite_profiling_mass_spectrometry_v2_maf.tsv	metadata_maf	https://ftp.ebi.ac.uk/pub/databases/metabolights/studies/public/MTBLS157/m_MTBLS157_POS_EXO_metabolite_profiling_mass_spectrometry_v2_maf.tsv	raw/metabolomics/MetaboLights/MTBLS157/m_MTBLS157_POS_EXO_metabolite_profiling_mass_spectrometry_v2_maf.tsv	EMBL-EBI Terms of Use	https://www.ebi.ac.uk/about/terms-of-use/	per_study_terms	conditional_until_reviewed	pending
MTBLS157	m_MTBLS157_TAR_metabolite_profiling_mass_spectrometry_v2_maf.tsv	metadata_maf	https://ftp.ebi.ac.uk/pub/databases/metabolights/studies/public/MTBLS157/m_MTBLS157_TAR_metabolite_profiling_mass_spectrometry_v2_maf.tsv	raw/metabolomics/MetaboLights/MTBLS157/m_MTBLS157_TAR_metabolite_profiling_mass_spectrometry_v2_maf.tsv	EMBL-EBI Terms of Use	https://www.ebi.ac.uk/about/terms-of-use/	per_study_terms	conditional_until_reviewed	pending
MTBLS157	s_MTBLS157.txt	metadata_sample	https://ftp.ebi.ac.uk/pub/databases/metabolights/studies/public/MTBLS157/s_MTBLS157.txt	raw/metabolomics/MetaboLights/MTBLS157/s_MTBLS157.txt	EMBL-EBI Terms of Use	https://www.ebi.ac.uk/about/terms-of-use/	per_study_terms	conditional_until_reviewed	pending
MTBLS1627	a_MTBLS1627_assay1_LC-MS_negative_hilic_metabolite_profiling.txt	metadata_assay	https://ftp.ebi.ac.uk/pub/databases/metabolights/studies/public/MTBLS1627/a_MTBLS1627_assay1_LC-MS_negative_hilic_metabolite_profiling.txt	raw/metabolomics/MetaboLights/MTBLS1627/a_MTBLS1627_assay1_LC-MS_negative_hilic_metabolite_profiling.txt	EMBL-EBI Terms of Use	https://www.ebi.ac.uk/about/terms-of-use/	per_study_terms	conditional_until_reviewed	pending
MTBLS1627	a_MTBLS1627_assay2_LC-MS_negative_hilic_metabolite_profiling.txt	metadata_assay	https://ftp.ebi.ac.uk/pub/databases/metabolights/studies/public/MTBLS1627/a_MTBLS1627_assay2_LC-MS_negative_hilic_metabolite_profiling.txt	raw/metabolomics/MetaboLights/MTBLS1627/a_MTBLS1627_assay2_LC-MS_negative_hilic_metabolite_profiling.txt	EMBL-EBI Terms of Use	https://www.ebi.ac.uk/about/terms-of-use/	per_study_terms	conditional_until_reviewed	pending
MTBLS1627	a_MTBLS1627_assay3_LC-MS_negative_hilic_metabolite_profiling.txt	metadata_assay	https://ftp.ebi.ac.uk/pub/databases/metabolights/studies/public/MTBLS1627/a_MTBLS1627_assay3_LC-MS_negative_hilic_metabolite_profiling.txt	raw/metabolomics/MetaboLights/MTBLS1627/a_MTBLS1627_assay3_LC-MS_negative_hilic_metabolite_profiling.txt	EMBL-EBI Terms of Use	https://www.ebi.ac.uk/about/terms-of-use/	per_study_terms	conditional_until_reviewed	pending
MTBLS1627	a_MTBLS1627_assay4_LC-MS_negative_hilic_metabolite_profiling.txt	metadata_assay	https://ftp.ebi.ac.uk/pub/databases/metabolights/studies/public/MTBLS1627/a_MTBLS1627_assay4_LC-MS_negative_hilic_metabolite_profiling.txt	raw/metabolomics/MetaboLights/MTBLS1627/a_MTBLS1627_assay4_LC-MS_negative_hilic_metabolite_profiling.txt	EMBL-EBI Terms of Use	https://www.ebi.ac.uk/about/terms-of-use/	per_study_terms	conditional_until_reviewed	pending
MTBLS1627	i_Investigation.txt	metadata_investigation	https://ftp.ebi.ac.uk/pub/databases/metabolights/studies/public/MTBLS1627/i_Investigation.txt	raw/metabolomics/MetaboLights/MTBLS1627/i_Investigation.txt	EMBL-EBI Terms of Use	https://www.ebi.ac.uk/about/terms-of-use/	per_study_terms	conditional_until_reviewed	pending
MTBLS1627	m_MTBLS1627_assay1_LC-MS_negative_hilic_metabolite_profiling_v2_maf.tsv	metadata_maf	https://ftp.ebi.ac.uk/pub/databases/metabolights/studies/public/MTBLS1627/m_MTBLS1627_assay1_LC-MS_negative_hilic_metabolite_profiling_v2_maf.tsv	raw/metabolomics/MetaboLights/MTBLS1627/m_MTBLS1627_assay1_LC-MS_negative_hilic_metabolite_profiling_v2_maf.tsv	EMBL-EBI Terms of Use	https://www.ebi.ac.uk/about/terms-of-use/	per_study_terms	conditional_until_reviewed	pending
MTBLS1627	m_MTBLS1627_assay2_LC-MS_negative_hilic_metabolite_profiling_v2_maf.tsv	metadata_maf	https://ftp.ebi.ac.uk/pub/databases/metabolights/studies/public/MTBLS1627/m_MTBLS1627_assay2_LC-MS_negative_hilic_metabolite_profiling_v2_maf.tsv	raw/metabolomics/MetaboLights/MTBLS1627/m_MTBLS1627_assay2_LC-MS_negative_hilic_metabolite_profiling_v2_maf.tsv	EMBL-EBI Terms of Use	https://www.ebi.ac.uk/about/terms-of-use/	per_study_terms	conditional_until_reviewed	pending
MTBLS1627	m_MTBLS1627_assay3_LC-MS_negative_hilic_metabolite_profiling_v2_maf.tsv	metadata_maf	https://ftp.ebi.ac.uk/pub/databases/metabolights/studies/public/MTBLS1627/m_MTBLS1627_assay3_LC-MS_negative_hilic_metabolite_profiling_v2_maf.tsv	raw/metabolomics/MetaboLights/MTBLS1627/m_MTBLS1627_assay3_LC-MS_negative_hilic_metabolite_profiling_v2_maf.tsv	EMBL-EBI Terms of Use	https://www.ebi.ac.uk/about/terms-of-use/	per_study_terms	conditional_until_reviewed	pending
MTBLS1627	m_MTBLS1627_assay4_LC-MS_negative_hilic_metabolite_profiling_v2_maf.tsv	metadata_maf	https://ftp.ebi.ac.uk/pub/databases/metabolights/studies/public/MTBLS1627/m_MTBLS1627_assay4_LC-MS_negative_hilic_metabolite_profiling_v2_maf.tsv	raw/metabolomics/MetaboLights/MTBLS1627/m_MTBLS1627_assay4_LC-MS_negative_hilic_metabolite_profiling_v2_maf.tsv	EMBL-EBI Terms of Use	https://www.ebi.ac.uk/about/terms-of-use/	per_study_terms	conditional_until_reviewed	pending
MTBLS1627	s_MTBLS1627.txt	metadata_sample	https://ftp.ebi.ac.uk/pub/databases/metabolights/studies/public/MTBLS1627/s_MTBLS1627.txt	raw/metabolomics/MetaboLights/MTBLS1627/s_MTBLS1627.txt	EMBL-EBI Terms of Use	https://www.ebi.ac.uk/about/terms-of-use/	per_study_terms	conditional_until_reviewed	pending
MTBLS1750	a_MTBLS1750_NEG_LC-MS2.txt	metadata_assay	https://ftp.ebi.ac.uk/pub/databases/metabolights/studies/public/MTBLS1750/a_MTBLS1750_NEG_LC-MS2.txt	raw/metabolomics/MetaboLights/MTBLS1750/a_MTBLS1750_NEG_LC-MS2.txt	EMBL-EBI Terms of Use	https://www.ebi.ac.uk/about/terms-of-use/	per_study_terms	conditional_until_reviewed	pending
MTBLS1750	a_MTBLS1750_POS_LC-MS.txt	metadata_assay	https://ftp.ebi.ac.uk/pub/databases/metabolights/studies/public/MTBLS1750/a_MTBLS1750_POS_LC-MS.txt	raw/metabolomics/MetaboLights/MTBLS1750/a_MTBLS1750_POS_LC-MS.txt	EMBL-EBI Terms of Use	https://www.ebi.ac.uk/about/terms-of-use/	per_study_terms	conditional_until_reviewed	pending
MTBLS1750	a_MTBLS1750_POS_LC-MS2.txt	metadata_assay	https://ftp.ebi.ac.uk/pub/databases/metabolights/studies/public/MTBLS1750/a_MTBLS1750_POS_LC-MS2.txt	raw/metabolomics/MetaboLights/MTBLS1750/a_MTBLS1750_POS_LC-MS2.txt	EMBL-EBI Terms of Use	https://www.ebi.ac.uk/about/terms-of-use/	per_study_terms	conditional_until_reviewed	pending
MTBLS1750	i_Investigation.txt	metadata_investigation	https://ftp.ebi.ac.uk/pub/databases/metabolights/studies/public/MTBLS1750/i_Investigation.txt	raw/metabolomics/MetaboLights/MTBLS1750/i_Investigation.txt	EMBL-EBI Terms of Use	https://www.ebi.ac.uk/about/terms-of-use/	per_study_terms	conditional_until_reviewed	pending
MTBLS1750	m_MTBLS1750_NEG_LC-MS2_v2_maf.tsv	metadata_maf	https://ftp.ebi.ac.uk/pub/databases/metabolights/studies/public/MTBLS1750/m_MTBLS1750_NEG_LC-MS2_v2_maf.tsv	raw/metabolomics/MetaboLights/MTBLS1750/m_MTBLS1750_NEG_LC-MS2_v2_maf.tsv	EMBL-EBI Terms of Use	https://www.ebi.ac.uk/about/terms-of-use/	per_study_terms	conditional_until_reviewed	pending
MTBLS1750	m_MTBLS1750_POS_LC-MS2_v2_maf.tsv	metadata_maf	https://ftp.ebi.ac.uk/pub/databases/metabolights/studies/public/MTBLS1750/m_MTBLS1750_POS_LC-MS2_v2_maf.tsv	raw/metabolomics/MetaboLights/MTBLS1750/m_MTBLS1750_POS_LC-MS2_v2_maf.tsv	EMBL-EBI Terms of Use	https://www.ebi.ac.uk/about/terms-of-use/	per_study_terms	conditional_until_reviewed	pending
MTBLS1750	m_MTBLS1750_POS_LC-MS_v2_maf.tsv	metadata_maf	https://ftp.ebi.ac.uk/pub/databases/metabolights/studies/public/MTBLS1750/m_MTBLS1750_POS_LC-MS_v2_maf.tsv	raw/metabolomics/MetaboLights/MTBLS1750/m_MTBLS1750_POS_LC-MS_v2_maf.tsv	EMBL-EBI Terms of Use	https://www.ebi.ac.uk/about/terms-of-use/	per_study_terms	conditional_until_reviewed	pending
MTBLS1750	s_MTBLS1750.txt	metadata_sample	https://ftp.ebi.ac.uk/pub/databases/metabolights/studies/public/MTBLS1750/s_MTBLS1750.txt	raw/metabolomics/MetaboLights/MTBLS1750/s_MTBLS1750.txt	EMBL-EBI Terms of Use	https://www.ebi.ac.uk/about/terms-of-use/	per_study_terms	conditional_until_reviewed	pending
MTBLS1752	a_MTBLS1752_metabolite_profiling_mass_spectrometry.txt	metadata_assay	https://ftp.ebi.ac.uk/pub/databases/metabolights/studies/public/MTBLS1752/a_MTBLS1752_metabolite_profiling_mass_spectrometry.txt	raw/metabolomics/MetaboLights/MTBLS1752/a_MTBLS1752_metabolite_profiling_mass_spectrometry.txt	EMBL-EBI Terms of Use	https://www.ebi.ac.uk/about/terms-of-use/	per_study_terms	conditional_until_reviewed	pending
MTBLS1752	i_Investigation.txt	metadata_investigation	https://ftp.ebi.ac.uk/pub/databases/metabolights/studies/public/MTBLS1752/i_Investigation.txt	raw/metabolomics/MetaboLights/MTBLS1752/i_Investigation.txt	EMBL-EBI Terms of Use	https://www.ebi.ac.uk/about/terms-of-use/	per_study_terms	conditional_until_reviewed	pending
MTBLS1752	m_MTBLS1752_metabolite_profiling_mass_spectrometry_v2_maf.tsv	metadata_maf	https://ftp.ebi.ac.uk/pub/databases/metabolights/studies/public/MTBLS1752/m_MTBLS1752_metabolite_profiling_mass_spectrometry_v2_maf.tsv	raw/metabolomics/MetaboLights/MTBLS1752/m_MTBLS1752_metabolite_profiling_mass_spectrometry_v2_maf.tsv	EMBL-EBI Terms of Use	https://www.ebi.ac.uk/about/terms-of-use/	per_study_terms	conditional_until_reviewed	pending
MTBLS1752	s_MTBLS1752.txt	metadata_sample	https://ftp.ebi.ac.uk/pub/databases/metabolights/studies/public/MTBLS1752/s_MTBLS1752.txt	raw/metabolomics/MetaboLights/MTBLS1752/s_MTBLS1752.txt	EMBL-EBI Terms of Use	https://www.ebi.ac.uk/about/terms-of-use/	per_study_terms	conditional_until_reviewed	pending
MTBLS1757	a_MTBLS1757_LC-MS_positive_reverse-phase_metabolite_profiling.txt	metadata_assay	https://ftp.ebi.ac.uk/pub/databases/metabolights/studies/public/MTBLS1757/a_MTBLS1757_LC-MS_positive_reverse-phase_metabolite_profiling.txt	raw/metabolomics/MetaboLights/MTBLS1757/a_MTBLS1757_LC-MS_positive_reverse-phase_metabolite_profiling.txt	EMBL-EBI Terms of Use	https://www.ebi.ac.uk/about/terms-of-use/	per_study_terms	conditional_until_reviewed	pending
MTBLS1757	i_Investigation.txt	metadata_investigation	https://ftp.ebi.ac.uk/pub/databases/metabolights/studies/public/MTBLS1757/i_Investigation.txt	raw/metabolomics/MetaboLights/MTBLS1757/i_Investigation.txt	EMBL-EBI Terms of Use	https://www.ebi.ac.uk/about/terms-of-use/	per_study_terms	conditional_until_reviewed	pending
MTBLS1757	m_MTBLS1757_LC-MS_positive_reverse-phase_metabolite_profiling_v2_maf.tsv	metadata_maf	https://ftp.ebi.ac.uk/pub/databases/metabolights/studies/public/MTBLS1757/m_MTBLS1757_LC-MS_positive_reverse-phase_metabolite_profiling_v2_maf.tsv	raw/metabolomics/MetaboLights/MTBLS1757/m_MTBLS1757_LC-MS_positive_reverse-phase_metabolite_profiling_v2_maf.tsv	EMBL-EBI Terms of Use	https://www.ebi.ac.uk/about/terms-of-use/	per_study_terms	conditional_until_reviewed	pending
MTBLS1757	s_MTBLS1757.txt	metadata_sample	https://ftp.ebi.ac.uk/pub/databases/metabolights/studies/public/MTBLS1757/s_MTBLS1757.txt	raw/metabolomics/MetaboLights/MTBLS1757/s_MTBLS1757.txt	EMBL-EBI Terms of Use	https://www.ebi.ac.uk/about/terms-of-use/	per_study_terms	conditional_until_reviewed	pending
MTBLS1791	a_MTBLS1791_DI-MS_negative_metabolite_profiling.txt	metadata_assay	https://ftp.ebi.ac.uk/pub/databases/metabolights/studies/public/MTBLS1791/a_MTBLS1791_DI-MS_negative_metabolite_profiling.txt	raw/metabolomics/MetaboLights/MTBLS1791/a_MTBLS1791_DI-MS_negative_metabolite_profiling.txt	EMBL-EBI Terms of Use	https://www.ebi.ac.uk/about/terms-of-use/	per_study_terms	conditional_until_reviewed	pending
MTBLS1791	i_Investigation.txt	metadata_investigation	https://ftp.ebi.ac.uk/pub/databases/metabolights/studies/public/MTBLS1791/i_Investigation.txt	raw/metabolomics/MetaboLights/MTBLS1791/i_Investigation.txt	EMBL-EBI Terms of Use	https://www.ebi.ac.uk/about/terms-of-use/	per_study_terms	conditional_until_reviewed	pending
MTBLS1791	m_MTBLS1791_LC-MS_negative_direct-infusion_metabolite_profiling_v2_maf.tsv	metadata_maf	https://ftp.ebi.ac.uk/pub/databases/metabolights/studies/public/MTBLS1791/m_MTBLS1791_LC-MS_negative_direct-infusion_metabolite_profiling_v2_maf.tsv	raw/metabolomics/MetaboLights/MTBLS1791/m_MTBLS1791_LC-MS_negative_direct-infusion_metabolite_profiling_v2_maf.tsv	EMBL-EBI Terms of Use	https://www.ebi.ac.uk/about/terms-of-use/	per_study_terms	conditional_until_reviewed	pending
MTBLS1791	s_MTBLS1791.txt	metadata_sample	https://ftp.ebi.ac.uk/pub/databases/metabolights/studies/public/MTBLS1791/s_MTBLS1791.txt	raw/metabolomics/MetaboLights/MTBLS1791/s_MTBLS1791.txt	EMBL-EBI Terms of Use	https://www.ebi.ac.uk/about/terms-of-use/	per_study_terms	conditional_until_reviewed	pending
MTBLS1792	a_MTBLS1792_LC-MS_negative_direct-infusion_metabolite_profiling.txt	metadata_assay	https://ftp.ebi.ac.uk/pub/databases/metabolights/studies/public/MTBLS1792/a_MTBLS1792_LC-MS_negative_direct-infusion_metabolite_profiling.txt	raw/metabolomics/MetaboLights/MTBLS1792/a_MTBLS1792_LC-MS_negative_direct-infusion_metabolite_profiling.txt	EMBL-EBI Terms of Use	https://www.ebi.ac.uk/about/terms-of-use/	per_study_terms	conditional_until_reviewed	pending
MTBLS1792	i_Investigation.txt	metadata_investigation	https://ftp.ebi.ac.uk/pub/databases/metabolights/studies/public/MTBLS1792/i_Investigation.txt	raw/metabolomics/MetaboLights/MTBLS1792/i_Investigation.txt	EMBL-EBI Terms of Use	https://www.ebi.ac.uk/about/terms-of-use/	per_study_terms	conditional_until_reviewed	pending
MTBLS1792	m_MTBLS1792_LC-MS_negative_direct-infusion_metabolite_profiling_v2_maf.tsv	metadata_maf	https://ftp.ebi.ac.uk/pub/databases/metabolights/studies/public/MTBLS1792/m_MTBLS1792_LC-MS_negative_direct-infusion_metabolite_profiling_v2_maf.tsv	raw/metabolomics/MetaboLights/MTBLS1792/m_MTBLS1792_LC-MS_negative_direct-infusion_metabolite_profiling_v2_maf.tsv	EMBL-EBI Terms of Use	https://www.ebi.ac.uk/about/terms-of-use/	per_study_terms	conditional_until_reviewed	pending
MTBLS1792	s_MTBLS1792.txt	metadata_sample	https://ftp.ebi.ac.uk/pub/databases/metabolights/studies/public/MTBLS1792/s_MTBLS1792.txt	raw/metabolomics/MetaboLights/MTBLS1792/s_MTBLS1792.txt	EMBL-EBI Terms of Use	https://www.ebi.ac.uk/about/terms-of-use/	per_study_terms	conditional_until_reviewed	pending
MTBLS1807	a_MTBLS1807_NEG_targeted_LC-MS_reverse-phase.txt	metadata_assay	https://ftp.ebi.ac.uk/pub/databases/metabolights/studies/public/MTBLS1807/a_MTBLS1807_NEG_targeted_LC-MS_reverse-phase.txt	raw/metabolomics/MetaboLights/MTBLS1807/a_MTBLS1807_NEG_targeted_LC-MS_reverse-phase.txt	EMBL-EBI Terms of Use	https://www.ebi.ac.uk/about/terms-of-use/	per_study_terms	conditional_until_reviewed	pending
MTBLS1807	a_MTBLS1807_NEG_untargeted_LC-MS_reverse-phase.txt	metadata_assay	https://ftp.ebi.ac.uk/pub/databases/metabolights/studies/public/MTBLS1807/a_MTBLS1807_NEG_untargeted_LC-MS_reverse-phase.txt	raw/metabolomics/MetaboLights/MTBLS1807/a_MTBLS1807_NEG_untargeted_LC-MS_reverse-phase.txt	EMBL-EBI Terms of Use	https://www.ebi.ac.uk/about/terms-of-use/	per_study_terms	conditional_until_reviewed	pending
MTBLS1807	a_MTBLS1807_POS_targeted_LC-MS_reverse-phase.txt	metadata_assay	https://ftp.ebi.ac.uk/pub/databases/metabolights/studies/public/MTBLS1807/a_MTBLS1807_POS_targeted_LC-MS_reverse-phase.txt	raw/metabolomics/MetaboLights/MTBLS1807/a_MTBLS1807_POS_targeted_LC-MS_reverse-phase.txt	EMBL-EBI Terms of Use	https://www.ebi.ac.uk/about/terms-of-use/	per_study_terms	conditional_until_reviewed	pending
MTBLS1807	a_MTBLS1807_POS_untargeted_LC-MS_reverse-phase.txt	metadata_assay	https://ftp.ebi.ac.uk/pub/databases/metabolights/studies/public/MTBLS1807/a_MTBLS1807_POS_untargeted_LC-MS_reverse-phase.txt	raw/metabolomics/MetaboLights/MTBLS1807/a_MTBLS1807_POS_untargeted_LC-MS_reverse-phase.txt	EMBL-EBI Terms of Use	https://www.ebi.ac.uk/about/terms-of-use/	per_study_terms	conditional_until_reviewed	pending
MTBLS1807	i_Investigation.txt	metadata_investigation	https://ftp.ebi.ac.uk/pub/databases/metabolights/studies/public/MTBLS1807/i_Investigation.txt	raw/metabolomics/MetaboLights/MTBLS1807/i_Investigation.txt	EMBL-EBI Terms of Use	https://www.ebi.ac.uk/about/terms-of-use/	per_study_terms	conditional_until_reviewed	pending
MTBLS1807	m_MTBLS1807_NEG_targeted_LC-MS_reverse-phase_v2_maf.tsv	metadata_maf	https://ftp.ebi.ac.uk/pub/databases/metabolights/studies/public/MTBLS1807/m_MTBLS1807_NEG_targeted_LC-MS_reverse-phase_v2_maf.tsv	raw/metabolomics/MetaboLights/MTBLS1807/m_MTBLS1807_NEG_targeted_LC-MS_reverse-phase_v2_maf.tsv	EMBL-EBI Terms of Use	https://www.ebi.ac.uk/about/terms-of-use/	per_study_terms	conditional_until_reviewed	pending
MTBLS1807	m_MTBLS1807_NEG_untargeted_LC-MS_reverse-phase_v2_maf.tsv	metadata_maf	https://ftp.ebi.ac.uk/pub/databases/metabolights/studies/public/MTBLS1807/m_MTBLS1807_NEG_untargeted_LC-MS_reverse-phase_v2_maf.tsv	raw/metabolomics/MetaboLights/MTBLS1807/m_MTBLS1807_NEG_untargeted_LC-MS_reverse-phase_v2_maf.tsv	EMBL-EBI Terms of Use	https://www.ebi.ac.uk/about/terms-of-use/	per_study_terms	conditional_until_reviewed	pending
MTBLS1807	m_MTBLS1807_POS_targeted_LC-MS_reverse-phase_v2_maf.tsv	metadata_maf	https://ftp.ebi.ac.uk/pub/databases/metabolights/studies/public/MTBLS1807/m_MTBLS1807_POS_targeted_LC-MS_reverse-phase_v2_maf.tsv	raw/metabolomics/MetaboLights/MTBLS1807/m_MTBLS1807_POS_targeted_LC-MS_reverse-phase_v2_maf.tsv	EMBL-EBI Terms of Use	https://www.ebi.ac.uk/about/terms-of-use/	per_study_terms	conditional_until_reviewed	pending
MTBLS1807	m_MTBLS1807_POS_untargeted_LC-MS_reverse-phase_v2_maf.tsv	metadata_maf	https://ftp.ebi.ac.uk/pub/databases/metabolights/studies/public/MTBLS1807/m_MTBLS1807_POS_untargeted_LC-MS_reverse-phase_v2_maf.tsv	raw/metabolomics/MetaboLights/MTBLS1807/m_MTBLS1807_POS_untargeted_LC-MS_reverse-phase_v2_maf.tsv	EMBL-EBI Terms of Use	https://www.ebi.ac.uk/about/terms-of-use/	per_study_terms	conditional_until_reviewed	pending
MTBLS1807	s_MTBLS1807.txt	metadata_sample	https://ftp.ebi.ac.uk/pub/databases/metabolights/studies/public/MTBLS1807/s_MTBLS1807.txt	raw/metabolomics/MetaboLights/MTBLS1807/s_MTBLS1807.txt	EMBL-EBI Terms of Use	https://www.ebi.ac.uk/about/terms-of-use/	per_study_terms	conditional_until_reviewed	pending
MTBLS1898	a_MTBLS1898_GC-MS___metabolite_profiling.txt	metadata_assay	https://ftp.ebi.ac.uk/pub/databases/metabolights/studies/public/MTBLS1898/a_MTBLS1898_GC-MS___metabolite_profiling.txt	raw/metabolomics/MetaboLights/MTBLS1898/a_MTBLS1898_GC-MS___metabolite_profiling.txt	EMBL-EBI Terms of Use	https://www.ebi.ac.uk/about/terms-of-use/	per_study_terms	conditional_until_reviewed	pending
MTBLS1898	a_MTBLS1898_LC-MS_negative_hilic_metabolite_profiling.txt	metadata_assay	https://ftp.ebi.ac.uk/pub/databases/metabolights/studies/public/MTBLS1898/a_MTBLS1898_LC-MS_negative_hilic_metabolite_profiling.txt	raw/metabolomics/MetaboLights/MTBLS1898/a_MTBLS1898_LC-MS_negative_hilic_metabolite_profiling.txt	EMBL-EBI Terms of Use	https://www.ebi.ac.uk/about/terms-of-use/	per_study_terms	conditional_until_reviewed	pending
MTBLS1898	i_Investigation.txt	metadata_investigation	https://ftp.ebi.ac.uk/pub/databases/metabolights/studies/public/MTBLS1898/i_Investigation.txt	raw/metabolomics/MetaboLights/MTBLS1898/i_Investigation.txt	EMBL-EBI Terms of Use	https://www.ebi.ac.uk/about/terms-of-use/	per_study_terms	conditional_until_reviewed	pending
MTBLS1898	m_MTBLS1898_GC-MS___metabolite_profiling_v2_maf.tsv	metadata_maf	https://ftp.ebi.ac.uk/pub/databases/metabolights/studies/public/MTBLS1898/m_MTBLS1898_GC-MS___metabolite_profiling_v2_maf.tsv	raw/metabolomics/MetaboLights/MTBLS1898/m_MTBLS1898_GC-MS___metabolite_profiling_v2_maf.tsv	EMBL-EBI Terms of Use	https://www.ebi.ac.uk/about/terms-of-use/	per_study_terms	conditional_until_reviewed	pending
MTBLS1898	m_MTBLS1898_LC-MS_negative_hilic_metabolite_profiling_v2_maf.tsv	metadata_maf	https://ftp.ebi.ac.uk/pub/databases/metabolights/studies/public/MTBLS1898/m_MTBLS1898_LC-MS_negative_hilic_metabolite_profiling_v2_maf.tsv	raw/metabolomics/MetaboLights/MTBLS1898/m_MTBLS1898_LC-MS_negative_hilic_metabolite_profiling_v2_maf.tsv	EMBL-EBI Terms of Use	https://www.ebi.ac.uk/about/terms-of-use/	per_study_terms	conditional_until_reviewed	pending
MTBLS1898	s_MTBLS1898.txt	metadata_sample	https://ftp.ebi.ac.uk/pub/databases/metabolights/studies/public/MTBLS1898/s_MTBLS1898.txt	raw/metabolomics/MetaboLights/MTBLS1898/s_MTBLS1898.txt	EMBL-EBI Terms of Use	https://www.ebi.ac.uk/about/terms-of-use/	per_study_terms	conditional_until_reviewed	pending
MTBLS2015	a_MTBLS2015_GC-MS___metabolite_profiling.txt	metadata_assay	https://ftp.ebi.ac.uk/pub/databases/metabolights/studies/public/MTBLS2015/a_MTBLS2015_GC-MS___metabolite_profiling.txt	raw/metabolomics/MetaboLights/MTBLS2015/a_MTBLS2015_GC-MS___metabolite_profiling.txt	EMBL-EBI Terms of Use	https://www.ebi.ac.uk/about/terms-of-use/	per_study_terms	conditional_until_reviewed	pending
MTBLS2015	a_MTBLS2015_LC-MS_negative_hilic_metabolite_profiling.txt	metadata_assay	https://ftp.ebi.ac.uk/pub/databases/metabolights/studies/public/MTBLS2015/a_MTBLS2015_LC-MS_negative_hilic_metabolite_profiling.txt	raw/metabolomics/MetaboLights/MTBLS2015/a_MTBLS2015_LC-MS_negative_hilic_metabolite_profiling.txt	EMBL-EBI Terms of Use	https://www.ebi.ac.uk/about/terms-of-use/	per_study_terms	conditional_until_reviewed	pending
MTBLS2015	i_Investigation.txt	metadata_investigation	https://ftp.ebi.ac.uk/pub/databases/metabolights/studies/public/MTBLS2015/i_Investigation.txt	raw/metabolomics/MetaboLights/MTBLS2015/i_Investigation.txt	EMBL-EBI Terms of Use	https://www.ebi.ac.uk/about/terms-of-use/	per_study_terms	conditional_until_reviewed	pending
MTBLS2015	m_MTBLS2015_GC-MS___metabolite_profiling_v2_maf.tsv	metadata_maf	https://ftp.ebi.ac.uk/pub/databases/metabolights/studies/public/MTBLS2015/m_MTBLS2015_GC-MS___metabolite_profiling_v2_maf.tsv	raw/metabolomics/MetaboLights/MTBLS2015/m_MTBLS2015_GC-MS___metabolite_profiling_v2_maf.tsv	EMBL-EBI Terms of Use	https://www.ebi.ac.uk/about/terms-of-use/	per_study_terms	conditional_until_reviewed	pending
MTBLS2015	m_MTBLS2015_LC-MS_negative_hilic_metabolite_profiling_v2_maf.tsv	metadata_maf	https://ftp.ebi.ac.uk/pub/databases/metabolights/studies/public/MTBLS2015/m_MTBLS2015_LC-MS_negative_hilic_metabolite_profiling_v2_maf.tsv	raw/metabolomics/MetaboLights/MTBLS2015/m_MTBLS2015_LC-MS_negative_hilic_metabolite_profiling_v2_maf.tsv	EMBL-EBI Terms of Use	https://www.ebi.ac.uk/about/terms-of-use/	per_study_terms	conditional_until_reviewed	pending
MTBLS2015	s_MTBLS2015.txt	metadata_sample	https://ftp.ebi.ac.uk/pub/databases/metabolights/studies/public/MTBLS2015/s_MTBLS2015.txt	raw/metabolomics/MetaboLights/MTBLS2015/s_MTBLS2015.txt	EMBL-EBI Terms of Use	https://www.ebi.ac.uk/about/terms-of-use/	per_study_terms	conditional_until_reviewed	pending
MTBLS2016	a_MTBLS2016_LC-MS__reverse-phase_metabolite_profiling.txt	metadata_assay	https://ftp.ebi.ac.uk/pub/databases/metabolights/studies/public/MTBLS2016/a_MTBLS2016_LC-MS__reverse-phase_metabolite_profiling.txt	raw/metabolomics/MetaboLights/MTBLS2016/a_MTBLS2016_LC-MS__reverse-phase_metabolite_profiling.txt	EMBL-EBI Terms of Use	https://www.ebi.ac.uk/about/terms-of-use/	per_study_terms	conditional_until_reviewed	pending
MTBLS2016	a_MTBLS2016_LC-MS_positive_reverse-phase_metabolite_profiling.txt	metadata_assay	https://ftp.ebi.ac.uk/pub/databases/metabolights/studies/public/MTBLS2016/a_MTBLS2016_LC-MS_positive_reverse-phase_metabolite_profiling.txt	raw/metabolomics/MetaboLights/MTBLS2016/a_MTBLS2016_LC-MS_positive_reverse-phase_metabolite_profiling.txt	EMBL-EBI Terms of Use	https://www.ebi.ac.uk/about/terms-of-use/	per_study_terms	conditional_until_reviewed	pending
MTBLS2016	i_Investigation.txt	metadata_investigation	https://ftp.ebi.ac.uk/pub/databases/metabolights/studies/public/MTBLS2016/i_Investigation.txt	raw/metabolomics/MetaboLights/MTBLS2016/i_Investigation.txt	EMBL-EBI Terms of Use	https://www.ebi.ac.uk/about/terms-of-use/	per_study_terms	conditional_until_reviewed	pending
MTBLS2016	m_MTBLS2016_LC-MS__reverse-phase_metabolite_profiling_v2_maf.tsv	metadata_maf	https://ftp.ebi.ac.uk/pub/databases/metabolights/studies/public/MTBLS2016/m_MTBLS2016_LC-MS__reverse-phase_metabolite_profiling_v2_maf.tsv	raw/metabolomics/MetaboLights/MTBLS2016/m_MTBLS2016_LC-MS__reverse-phase_metabolite_profiling_v2_maf.tsv	EMBL-EBI Terms of Use	https://www.ebi.ac.uk/about/terms-of-use/	per_study_terms	conditional_until_reviewed	pending
MTBLS2016	m_MTBLS2016_LC-MS_positive_reverse-phase_metabolite_profiling_v2_maf.tsv	metadata_maf	https://ftp.ebi.ac.uk/pub/databases/metabolights/studies/public/MTBLS2016/m_MTBLS2016_LC-MS_positive_reverse-phase_metabolite_profiling_v2_maf.tsv	raw/metabolomics/MetaboLights/MTBLS2016/m_MTBLS2016_LC-MS_positive_reverse-phase_metabolite_profiling_v2_maf.tsv	EMBL-EBI Terms of Use	https://www.ebi.ac.uk/about/terms-of-use/	per_study_terms	conditional_until_reviewed	pending
MTBLS2016	s_MTBLS2016.txt	metadata_sample	https://ftp.ebi.ac.uk/pub/databases/metabolights/studies/public/MTBLS2016/s_MTBLS2016.txt	raw/metabolomics/MetaboLights/MTBLS2016/s_MTBLS2016.txt	EMBL-EBI Terms of Use	https://www.ebi.ac.uk/about/terms-of-use/	per_study_terms	conditional_until_reviewed	pending
MTBLS2188	a_MTBLS2188_LC-MS_positive_reverse-phase_metabolite_profiling.txt	metadata_assay	https://ftp.ebi.ac.uk/pub/databases/metabolights/studies/public/MTBLS2188/a_MTBLS2188_LC-MS_positive_reverse-phase_metabolite_profiling.txt	raw/metabolomics/MetaboLights/MTBLS2188/a_MTBLS2188_LC-MS_positive_reverse-phase_metabolite_profiling.txt	EMBL-EBI Terms of Use	https://www.ebi.ac.uk/about/terms-of-use/	per_study_terms	conditional_until_reviewed	pending
MTBLS2188	a_MTBLS2188_NMR___metabolite_profiling.txt	metadata_assay	https://ftp.ebi.ac.uk/pub/databases/metabolights/studies/public/MTBLS2188/a_MTBLS2188_NMR___metabolite_profiling.txt	raw/metabolomics/MetaboLights/MTBLS2188/a_MTBLS2188_NMR___metabolite_profiling.txt	EMBL-EBI Terms of Use	https://www.ebi.ac.uk/about/terms-of-use/	per_study_terms	conditional_until_reviewed	pending
MTBLS2188	i_Investigation.txt	metadata_investigation	https://ftp.ebi.ac.uk/pub/databases/metabolights/studies/public/MTBLS2188/i_Investigation.txt	raw/metabolomics/MetaboLights/MTBLS2188/i_Investigation.txt	EMBL-EBI Terms of Use	https://www.ebi.ac.uk/about/terms-of-use/	per_study_terms	conditional_until_reviewed	pending
MTBLS2188	m_MTBLS2188_LC-MS_positive_reverse-phase_metabolite_profiling_v2_maf.tsv	metadata_maf	https://ftp.ebi.ac.uk/pub/databases/metabolights/studies/public/MTBLS2188/m_MTBLS2188_LC-MS_positive_reverse-phase_metabolite_profiling_v2_maf.tsv	raw/metabolomics/MetaboLights/MTBLS2188/m_MTBLS2188_LC-MS_positive_reverse-phase_metabolite_profiling_v2_maf.tsv	EMBL-EBI Terms of Use	https://www.ebi.ac.uk/about/terms-of-use/	per_study_terms	conditional_until_reviewed	pending
MTBLS2188	m_MTBLS2188_NMR___metabolite_profiling_v2_maf.tsv	metadata_maf	https://ftp.ebi.ac.uk/pub/databases/metabolights/studies/public/MTBLS2188/m_MTBLS2188_NMR___metabolite_profiling_v2_maf.tsv	raw/metabolomics/MetaboLights/MTBLS2188/m_MTBLS2188_NMR___metabolite_profiling_v2_maf.tsv	EMBL-EBI Terms of Use	https://www.ebi.ac.uk/about/terms-of-use/	per_study_terms	conditional_until_reviewed	pending
MTBLS2188	s_MTBLS2188.txt	metadata_sample	https://ftp.ebi.ac.uk/pub/databases/metabolights/studies/public/MTBLS2188/s_MTBLS2188.txt	raw/metabolomics/MetaboLights/MTBLS2188/s_MTBLS2188.txt	EMBL-EBI Terms of Use	https://www.ebi.ac.uk/about/terms-of-use/	per_study_terms	conditional_until_reviewed	pending
MTBLS2207	a_MTBLS2207_LC-MS_negative_hilic_metabolite_profiling.txt	metadata_assay	https://ftp.ebi.ac.uk/pub/databases/metabolights/studies/public/MTBLS2207/a_MTBLS2207_LC-MS_negative_hilic_metabolite_profiling.txt	raw/metabolomics/MetaboLights/MTBLS2207/a_MTBLS2207_LC-MS_negative_hilic_metabolite_profiling.txt	EMBL-EBI Terms of Use	https://www.ebi.ac.uk/about/terms-of-use/	per_study_terms	conditional_until_reviewed	pending
MTBLS2207	a_MTBLS2207_LC-MS_positive_hilic_metabolite_profiling.txt	metadata_assay	https://ftp.ebi.ac.uk/pub/databases/metabolights/studies/public/MTBLS2207/a_MTBLS2207_LC-MS_positive_hilic_metabolite_profiling.txt	raw/metabolomics/MetaboLights/MTBLS2207/a_MTBLS2207_LC-MS_positive_hilic_metabolite_profiling.txt	EMBL-EBI Terms of Use	https://www.ebi.ac.uk/about/terms-of-use/	per_study_terms	conditional_until_reviewed	pending
MTBLS2207	i_Investigation.txt	metadata_investigation	https://ftp.ebi.ac.uk/pub/databases/metabolights/studies/public/MTBLS2207/i_Investigation.txt	raw/metabolomics/MetaboLights/MTBLS2207/i_Investigation.txt	EMBL-EBI Terms of Use	https://www.ebi.ac.uk/about/terms-of-use/	per_study_terms	conditional_until_reviewed	pending
MTBLS2207	m_MTBLS2207_LC-MS_negative_hilic_metabolite_profiling_v2_maf.tsv	metadata_maf	https://ftp.ebi.ac.uk/pub/databases/metabolights/studies/public/MTBLS2207/m_MTBLS2207_LC-MS_negative_hilic_metabolite_profiling_v2_maf.tsv	raw/metabolomics/MetaboLights/MTBLS2207/m_MTBLS2207_LC-MS_negative_hilic_metabolite_profiling_v2_maf.tsv	EMBL-EBI Terms of Use	https://www.ebi.ac.uk/about/terms-of-use/	per_study_terms	conditional_until_reviewed	pending
MTBLS2207	m_MTBLS2207_LC-MS_positive_hilic_metabolite_profiling_v2_maf.tsv	metadata_maf	https://ftp.ebi.ac.uk/pub/databases/metabolights/studies/public/MTBLS2207/m_MTBLS2207_LC-MS_positive_hilic_metabolite_profiling_v2_maf.tsv	raw/metabolomics/MetaboLights/MTBLS2207/m_MTBLS2207_LC-MS_positive_hilic_metabolite_profiling_v2_maf.tsv	EMBL-EBI Terms of Use	https://www.ebi.ac.uk/about/terms-of-use/	per_study_terms	conditional_until_reviewed	pending
MTBLS2207	s_MTBLS2207.txt	metadata_sample	https://ftp.ebi.ac.uk/pub/databases/metabolights/studies/public/MTBLS2207/s_MTBLS2207.txt	raw/metabolomics/MetaboLights/MTBLS2207/s_MTBLS2207.txt	EMBL-EBI Terms of Use	https://www.ebi.ac.uk/about/terms-of-use/	per_study_terms	conditional_until_reviewed	pending
MTBLS2240	a_MTBLS2240_LC-MS_negative__metabolite_profiling.txt	metadata_assay	https://ftp.ebi.ac.uk/pub/databases/metabolights/studies/public/MTBLS2240/a_MTBLS2240_LC-MS_negative__metabolite_profiling.txt	raw/metabolomics/MetaboLights/MTBLS2240/a_MTBLS2240_LC-MS_negative__metabolite_profiling.txt	EMBL-EBI Terms of Use	https://www.ebi.ac.uk/about/terms-of-use/	per_study_terms	conditional_until_reviewed	pending
MTBLS2240	i_Investigation.txt	metadata_investigation	https://ftp.ebi.ac.uk/pub/databases/metabolights/studies/public/MTBLS2240/i_Investigation.txt	raw/metabolomics/MetaboLights/MTBLS2240/i_Investigation.txt	EMBL-EBI Terms of Use	https://www.ebi.ac.uk/about/terms-of-use/	per_study_terms	conditional_until_reviewed	pending
MTBLS2240	m_MTBLS2240_LC-MS_negative__metabolite_profiling_v2_maf.tsv	metadata_maf	https://ftp.ebi.ac.uk/pub/databases/metabolights/studies/public/MTBLS2240/m_MTBLS2240_LC-MS_negative__metabolite_profiling_v2_maf.tsv	raw/metabolomics/MetaboLights/MTBLS2240/m_MTBLS2240_LC-MS_negative__metabolite_profiling_v2_maf.tsv	EMBL-EBI Terms of Use	https://www.ebi.ac.uk/about/terms-of-use/	per_study_terms	conditional_until_reviewed	pending
MTBLS2240	s_MTBLS2240.txt	metadata_sample	https://ftp.ebi.ac.uk/pub/databases/metabolights/studies/public/MTBLS2240/s_MTBLS2240.txt	raw/metabolomics/MetaboLights/MTBLS2240/s_MTBLS2240.txt	EMBL-EBI Terms of Use	https://www.ebi.ac.uk/about/terms-of-use/	per_study_terms	conditional_until_reviewed	pending
MTBLS229	a_MTBLS229_dli_metabolite_profiling_mass_spectrometry.txt	metadata_assay	https://ftp.ebi.ac.uk/pub/databases/metabolights/studies/public/MTBLS229/a_MTBLS229_dli_metabolite_profiling_mass_spectrometry.txt	raw/metabolomics/MetaboLights/MTBLS229/a_MTBLS229_dli_metabolite_profiling_mass_spectrometry.txt	EMBL-EBI Terms of Use	https://www.ebi.ac.uk/about/terms-of-use/	per_study_terms	conditional_until_reviewed	pending
MTBLS229	i_Investigation.txt	metadata_investigation	https://ftp.ebi.ac.uk/pub/databases/metabolights/studies/public/MTBLS229/i_Investigation.txt	raw/metabolomics/MetaboLights/MTBLS229/i_Investigation.txt	EMBL-EBI Terms of Use	https://www.ebi.ac.uk/about/terms-of-use/	per_study_terms	conditional_until_reviewed	pending
MTBLS229	m_MTBLS229_dli_metabolite_profiling_mass_spectrometry_v2_maf.tsv	metadata_maf	https://ftp.ebi.ac.uk/pub/databases/metabolights/studies/public/MTBLS229/m_MTBLS229_dli_metabolite_profiling_mass_spectrometry_v2_maf.tsv	raw/metabolomics/MetaboLights/MTBLS229/m_MTBLS229_dli_metabolite_profiling_mass_spectrometry_v2_maf.tsv	EMBL-EBI Terms of Use	https://www.ebi.ac.uk/about/terms-of-use/	per_study_terms	conditional_until_reviewed	pending
MTBLS229	s_MTBLS229.txt	metadata_sample	https://ftp.ebi.ac.uk/pub/databases/metabolights/studies/public/MTBLS229/s_MTBLS229.txt	raw/metabolomics/MetaboLights/MTBLS229/s_MTBLS229.txt	EMBL-EBI Terms of Use	https://www.ebi.ac.uk/about/terms-of-use/	per_study_terms	conditional_until_reviewed	pending
MTBLS2322	a_MTBLS2322_GC-MS___metabolite_profiling.txt	metadata_assay	https://ftp.ebi.ac.uk/pub/databases/metabolights/studies/public/MTBLS2322/a_MTBLS2322_GC-MS___metabolite_profiling.txt	raw/metabolomics/MetaboLights/MTBLS2322/a_MTBLS2322_GC-MS___metabolite_profiling.txt	EMBL-EBI Terms of Use	https://www.ebi.ac.uk/about/terms-of-use/	per_study_terms	conditional_until_reviewed	pending
MTBLS2322	a_MTBLS2322_LC-MS_negative_hilic_metabolite_profiling.txt	metadata_assay	https://ftp.ebi.ac.uk/pub/databases/metabolights/studies/public/MTBLS2322/a_MTBLS2322_LC-MS_negative_hilic_metabolite_profiling.txt	raw/metabolomics/MetaboLights/MTBLS2322/a_MTBLS2322_LC-MS_negative_hilic_metabolite_profiling.txt	EMBL-EBI Terms of Use	https://www.ebi.ac.uk/about/terms-of-use/	per_study_terms	conditional_until_reviewed	pending
MTBLS2322	i_Investigation.txt	metadata_investigation	https://ftp.ebi.ac.uk/pub/databases/metabolights/studies/public/MTBLS2322/i_Investigation.txt	raw/metabolomics/MetaboLights/MTBLS2322/i_Investigation.txt	EMBL-EBI Terms of Use	https://www.ebi.ac.uk/about/terms-of-use/	per_study_terms	conditional_until_reviewed	pending
MTBLS2322	m_MTBLS2322_GC-MS___metabolite_profiling_v2_maf.tsv	metadata_maf	https://ftp.ebi.ac.uk/pub/databases/metabolights/studies/public/MTBLS2322/m_MTBLS2322_GC-MS___metabolite_profiling_v2_maf.tsv	raw/metabolomics/MetaboLights/MTBLS2322/m_MTBLS2322_GC-MS___metabolite_profiling_v2_maf.tsv	EMBL-EBI Terms of Use	https://www.ebi.ac.uk/about/terms-of-use/	per_study_terms	conditional_until_reviewed	pending
MTBLS2322	m_MTBLS2322_LC-MS_negative_hilic_metabolite_profiling_v2_maf.tsv	metadata_maf	https://ftp.ebi.ac.uk/pub/databases/metabolights/studies/public/MTBLS2322/m_MTBLS2322_LC-MS_negative_hilic_metabolite_profiling_v2_maf.tsv	raw/metabolomics/MetaboLights/MTBLS2322/m_MTBLS2322_LC-MS_negative_hilic_metabolite_profiling_v2_maf.tsv	EMBL-EBI Terms of Use	https://www.ebi.ac.uk/about/terms-of-use/	per_study_terms	conditional_until_reviewed	pending
MTBLS2322	s_MTBLS2322.txt	metadata_sample	https://ftp.ebi.ac.uk/pub/databases/metabolights/studies/public/MTBLS2322/s_MTBLS2322.txt	raw/metabolomics/MetaboLights/MTBLS2322/s_MTBLS2322.txt	EMBL-EBI Terms of Use	https://www.ebi.ac.uk/about/terms-of-use/	per_study_terms	conditional_until_reviewed	pending
MTBLS2323	a_MTBLS2323_GC-MS___metabolite_profiling.txt	metadata_assay	https://ftp.ebi.ac.uk/pub/databases/metabolights/studies/public/MTBLS2323/a_MTBLS2323_GC-MS___metabolite_profiling.txt	raw/metabolomics/MetaboLights/MTBLS2323/a_MTBLS2323_GC-MS___metabolite_profiling.txt	EMBL-EBI Terms of Use	https://www.ebi.ac.uk/about/terms-of-use/	per_study_terms	conditional_until_reviewed	pending
MTBLS2323	a_MTBLS2323_LC-MS_negative_hilic_metabolite_profiling.txt	metadata_assay	https://ftp.ebi.ac.uk/pub/databases/metabolights/studies/public/MTBLS2323/a_MTBLS2323_LC-MS_negative_hilic_metabolite_profiling.txt	raw/metabolomics/MetaboLights/MTBLS2323/a_MTBLS2323_LC-MS_negative_hilic_metabolite_profiling.txt	EMBL-EBI Terms of Use	https://www.ebi.ac.uk/about/terms-of-use/	per_study_terms	conditional_until_reviewed	pending
MTBLS2323	i_Investigation.txt	metadata_investigation	https://ftp.ebi.ac.uk/pub/databases/metabolights/studies/public/MTBLS2323/i_Investigation.txt	raw/metabolomics/MetaboLights/MTBLS2323/i_Investigation.txt	EMBL-EBI Terms of Use	https://www.ebi.ac.uk/about/terms-of-use/	per_study_terms	conditional_until_reviewed	pending
MTBLS2323	m_MTBLS2323_GC-MS___metabolite_profiling_v2_maf.tsv	metadata_maf	https://ftp.ebi.ac.uk/pub/databases/metabolights/studies/public/MTBLS2323/m_MTBLS2323_GC-MS___metabolite_profiling_v2_maf.tsv	raw/metabolomics/MetaboLights/MTBLS2323/m_MTBLS2323_GC-MS___metabolite_profiling_v2_maf.tsv	EMBL-EBI Terms of Use	https://www.ebi.ac.uk/about/terms-of-use/	per_study_terms	conditional_until_reviewed	pending
MTBLS2323	m_MTBLS2323_LC-MS_negative_hilic_metabolite_profiling_v2_maf.tsv	metadata_maf	https://ftp.ebi.ac.uk/pub/databases/metabolights/studies/public/MTBLS2323/m_MTBLS2323_LC-MS_negative_hilic_metabolite_profiling_v2_maf.tsv	raw/metabolomics/MetaboLights/MTBLS2323/m_MTBLS2323_LC-MS_negative_hilic_metabolite_profiling_v2_maf.tsv	EMBL-EBI Terms of Use	https://www.ebi.ac.uk/about/terms-of-use/	per_study_terms	conditional_until_reviewed	pending
MTBLS2323	s_MTBLS2323.txt	metadata_sample	https://ftp.ebi.ac.uk/pub/databases/metabolights/studies/public/MTBLS2323/s_MTBLS2323.txt	raw/metabolomics/MetaboLights/MTBLS2323/s_MTBLS2323.txt	EMBL-EBI Terms of Use	https://www.ebi.ac.uk/about/terms-of-use/	per_study_terms	conditional_until_reviewed	pending
MTBLS2324	a_MTBLS2324_GC-MS___metabolite_profiling.txt	metadata_assay	https://ftp.ebi.ac.uk/pub/databases/metabolights/studies/public/MTBLS2324/a_MTBLS2324_GC-MS___metabolite_profiling.txt	raw/metabolomics/MetaboLights/MTBLS2324/a_MTBLS2324_GC-MS___metabolite_profiling.txt	EMBL-EBI Terms of Use	https://www.ebi.ac.uk/about/terms-of-use/	per_study_terms	conditional_until_reviewed	pending
MTBLS2324	a_MTBLS2324_LC-MS_negative_hilic_metabolite_profiling.txt	metadata_assay	https://ftp.ebi.ac.uk/pub/databases/metabolights/studies/public/MTBLS2324/a_MTBLS2324_LC-MS_negative_hilic_metabolite_profiling.txt	raw/metabolomics/MetaboLights/MTBLS2324/a_MTBLS2324_LC-MS_negative_hilic_metabolite_profiling.txt	EMBL-EBI Terms of Use	https://www.ebi.ac.uk/about/terms-of-use/	per_study_terms	conditional_until_reviewed	pending
MTBLS2324	i_Investigation.txt	metadata_investigation	https://ftp.ebi.ac.uk/pub/databases/metabolights/studies/public/MTBLS2324/i_Investigation.txt	raw/metabolomics/MetaboLights/MTBLS2324/i_Investigation.txt	EMBL-EBI Terms of Use	https://www.ebi.ac.uk/about/terms-of-use/	per_study_terms	conditional_until_reviewed	pending
MTBLS2324	m_MTBLS2324_GC-MS___metabolite_profiling_v2_maf.tsv	metadata_maf	https://ftp.ebi.ac.uk/pub/databases/metabolights/studies/public/MTBLS2324/m_MTBLS2324_GC-MS___metabolite_profiling_v2_maf.tsv	raw/metabolomics/MetaboLights/MTBLS2324/m_MTBLS2324_GC-MS___metabolite_profiling_v2_maf.tsv	EMBL-EBI Terms of Use	https://www.ebi.ac.uk/about/terms-of-use/	per_study_terms	conditional_until_reviewed	pending
MTBLS2324	m_MTBLS2324_LC-MS_negative_hilic_metabolite_profiling_v2_maf.tsv	metadata_maf	https://ftp.ebi.ac.uk/pub/databases/metabolights/studies/public/MTBLS2324/m_MTBLS2324_LC-MS_negative_hilic_metabolite_profiling_v2_maf.tsv	raw/metabolomics/MetaboLights/MTBLS2324/m_MTBLS2324_LC-MS_negative_hilic_metabolite_profiling_v2_maf.tsv	EMBL-EBI Terms of Use	https://www.ebi.ac.uk/about/terms-of-use/	per_study_terms	conditional_until_reviewed	pending
MTBLS2324	s_MTBLS2324.txt	metadata_sample	https://ftp.ebi.ac.uk/pub/databases/metabolights/studies/public/MTBLS2324/s_MTBLS2324.txt	raw/metabolomics/MetaboLights/MTBLS2324/s_MTBLS2324.txt	EMBL-EBI Terms of Use	https://www.ebi.ac.uk/about/terms-of-use/	per_study_terms	conditional_until_reviewed	pending
MTBLS2394	a_MTBLS2394_II_Method1_POS_1_metabolite_profiling_mass_spectrometry.txt	metadata_assay	https://ftp.ebi.ac.uk/pub/databases/metabolights/studies/public/MTBLS2394/a_MTBLS2394_II_Method1_POS_1_metabolite_profiling_mass_spectrometry.txt	raw/metabolomics/MetaboLights/MTBLS2394/a_MTBLS2394_II_Method1_POS_1_metabolite_profiling_mass_spectrometry.txt	EMBL-EBI Terms of Use	https://www.ebi.ac.uk/about/terms-of-use/	per_study_terms	conditional_until_reviewed	pending
MTBLS2394	a_MTBLS2394_II_Method2_POS_2_metabolite_profiling_mass_spectrometry.txt	metadata_assay	https://ftp.ebi.ac.uk/pub/databases/metabolights/studies/public/MTBLS2394/a_MTBLS2394_II_Method2_POS_2_metabolite_profiling_mass_spectrometry.txt	raw/metabolomics/MetaboLights/MTBLS2394/a_MTBLS2394_II_Method2_POS_2_metabolite_profiling_mass_spectrometry.txt	EMBL-EBI Terms of Use	https://www.ebi.ac.uk/about/terms-of-use/	per_study_terms	conditional_until_reviewed	pending
MTBLS2394	a_MTBLS2394_II_Method3_NEG_1_metabolite_profiling_mass_spectrometry.txt	metadata_assay	https://ftp.ebi.ac.uk/pub/databases/metabolights/studies/public/MTBLS2394/a_MTBLS2394_II_Method3_NEG_1_metabolite_profiling_mass_spectrometry.txt	raw/metabolomics/MetaboLights/MTBLS2394/a_MTBLS2394_II_Method3_NEG_1_metabolite_profiling_mass_spectrometry.txt	EMBL-EBI Terms of Use	https://www.ebi.ac.uk/about/terms-of-use/	per_study_terms	conditional_until_reviewed	pending
MTBLS2394	a_MTBLS2394_II_Method4_NEG_2_metabolite_profiling_mass_spectrometry.txt	metadata_assay	https://ftp.ebi.ac.uk/pub/databases/metabolights/studies/public/MTBLS2394/a_MTBLS2394_II_Method4_NEG_2_metabolite_profiling_mass_spectrometry.txt	raw/metabolomics/MetaboLights/MTBLS2394/a_MTBLS2394_II_Method4_NEG_2_metabolite_profiling_mass_spectrometry.txt	EMBL-EBI Terms of Use	https://www.ebi.ac.uk/about/terms-of-use/	per_study_terms	conditional_until_reviewed	pending
MTBLS2394	a_MTBLS2394_PI_Method1_POS_1_metabolite_profiling_mass_spectrometry.txt	metadata_assay	https://ftp.ebi.ac.uk/pub/databases/metabolights/studies/public/MTBLS2394/a_MTBLS2394_PI_Method1_POS_1_metabolite_profiling_mass_spectrometry.txt	raw/metabolomics/MetaboLights/MTBLS2394/a_MTBLS2394_PI_Method1_POS_1_metabolite_profiling_mass_spectrometry.txt	EMBL-EBI Terms of Use	https://www.ebi.ac.uk/about/terms-of-use/	per_study_terms	conditional_until_reviewed	pending
MTBLS2394	a_MTBLS2394_PI_Method2_POS_2_metabolite_profiling_mass_spectrometry.txt	metadata_assay	https://ftp.ebi.ac.uk/pub/databases/metabolights/studies/public/MTBLS2394/a_MTBLS2394_PI_Method2_POS_2_metabolite_profiling_mass_spectrometry.txt	raw/metabolomics/MetaboLights/MTBLS2394/a_MTBLS2394_PI_Method2_POS_2_metabolite_profiling_mass_spectrometry.txt	EMBL-EBI Terms of Use	https://www.ebi.ac.uk/about/terms-of-use/	per_study_terms	conditional_until_reviewed	pending
MTBLS2394	a_MTBLS2394_PI_Method3_NEG_1_metabolite_profiling_mass_spectrometry.txt	metadata_assay	https://ftp.ebi.ac.uk/pub/databases/metabolights/studies/public/MTBLS2394/a_MTBLS2394_PI_Method3_NEG_1_metabolite_profiling_mass_spectrometry.txt	raw/metabolomics/MetaboLights/MTBLS2394/a_MTBLS2394_PI_Method3_NEG_1_metabolite_profiling_mass_spectrometry.txt	EMBL-EBI Terms of Use	https://www.ebi.ac.uk/about/terms-of-use/	per_study_terms	conditional_until_reviewed	pending
MTBLS2394	a_MTBLS2394_PI_Method4_NEG_2_metabolite_profiling_mass_spectrometry.txt	metadata_assay	https://ftp.ebi.ac.uk/pub/databases/metabolights/studies/public/MTBLS2394/a_MTBLS2394_PI_Method4_NEG_2_metabolite_profiling_mass_spectrometry.txt	raw/metabolomics/MetaboLights/MTBLS2394/a_MTBLS2394_PI_Method4_NEG_2_metabolite_profiling_mass_spectrometry.txt	EMBL-EBI Terms of Use	https://www.ebi.ac.uk/about/terms-of-use/	per_study_terms	conditional_until_reviewed	pending
MTBLS2394	i_Investigation.txt	metadata_investigation	https://ftp.ebi.ac.uk/pub/databases/metabolights/studies/public/MTBLS2394/i_Investigation.txt	raw/metabolomics/MetaboLights/MTBLS2394/i_Investigation.txt	EMBL-EBI Terms of Use	https://www.ebi.ac.uk/about/terms-of-use/	per_study_terms	conditional_until_reviewed	pending
MTBLS2394	m_MTBLS2394_II_metabolite_profiling_mass_spectrometry_v2_maf.tsv	metadata_maf	https://ftp.ebi.ac.uk/pub/databases/metabolights/studies/public/MTBLS2394/m_MTBLS2394_II_metabolite_profiling_mass_spectrometry_v2_maf.tsv	raw/metabolomics/MetaboLights/MTBLS2394/m_MTBLS2394_II_metabolite_profiling_mass_spectrometry_v2_maf.tsv	EMBL-EBI Terms of Use	https://www.ebi.ac.uk/about/terms-of-use/	per_study_terms	conditional_until_reviewed	pending
MTBLS2394	m_MTBLS2394_PI_metabolite_profiling_mass_spectrometry_v2_maf.tsv	metadata_maf	https://ftp.ebi.ac.uk/pub/databases/metabolights/studies/public/MTBLS2394/m_MTBLS2394_PI_metabolite_profiling_mass_spectrometry_v2_maf.tsv	raw/metabolomics/MetaboLights/MTBLS2394/m_MTBLS2394_PI_metabolite_profiling_mass_spectrometry_v2_maf.tsv	EMBL-EBI Terms of Use	https://www.ebi.ac.uk/about/terms-of-use/	per_study_terms	conditional_until_reviewed	pending
MTBLS2394	s_MTBLS2394.txt	metadata_sample	https://ftp.ebi.ac.uk/pub/databases/metabolights/studies/public/MTBLS2394/s_MTBLS2394.txt	raw/metabolomics/MetaboLights/MTBLS2394/s_MTBLS2394.txt	EMBL-EBI Terms of Use	https://www.ebi.ac.uk/about/terms-of-use/	per_study_terms	conditional_until_reviewed	pending
MTBLS243	a_MTBLS243_collagen_induced_arthritis_in_dba1j_mice_metabolite_profiling_mass_spectrometry.txt	metadata_assay	https://ftp.ebi.ac.uk/pub/databases/metabolights/studies/public/MTBLS243/a_MTBLS243_collagen_induced_arthritis_in_dba1j_mice_metabolite_profiling_mass_spectrometry.txt	raw/metabolomics/MetaboLights/MTBLS243/a_MTBLS243_collagen_induced_arthritis_in_dba1j_mice_metabolite_profiling_mass_spectrometry.txt	EMBL-EBI Terms of Use	https://www.ebi.ac.uk/about/terms-of-use/	per_study_terms	conditional_until_reviewed	pending
MTBLS243	i_Investigation.txt	metadata_investigation	https://ftp.ebi.ac.uk/pub/databases/metabolights/studies/public/MTBLS243/i_Investigation.txt	raw/metabolomics/MetaboLights/MTBLS243/i_Investigation.txt	EMBL-EBI Terms of Use	https://www.ebi.ac.uk/about/terms-of-use/	per_study_terms	conditional_until_reviewed	pending
MTBLS243	m_MTBLS243_collagen_induced_arthritis_in_dba1j_mice_metabolite_profiling_mass_spectrometry_v2_maf.tsv	metadata_maf	https://ftp.ebi.ac.uk/pub/databases/metabolights/studies/public/MTBLS243/m_MTBLS243_collagen_induced_arthritis_in_dba1j_mice_metabolite_profiling_mass_spectrometry_v2_maf.tsv	raw/metabolomics/MetaboLights/MTBLS243/m_MTBLS243_collagen_induced_arthritis_in_dba1j_mice_metabolite_profiling_mass_spectrometry_v2_maf.tsv	EMBL-EBI Terms of Use	https://www.ebi.ac.uk/about/terms-of-use/	per_study_terms	conditional_until_reviewed	pending
MTBLS243	s_MTBLS243.txt	metadata_sample	https://ftp.ebi.ac.uk/pub/databases/metabolights/studies/public/MTBLS243/s_MTBLS243.txt	raw/metabolomics/MetaboLights/MTBLS243/s_MTBLS243.txt	EMBL-EBI Terms of Use	https://www.ebi.ac.uk/about/terms-of-use/	per_study_terms	conditional_until_reviewed	pending
MTBLS2497	a_MTBLS2497_LC-MS_positive_reverse-phase_metabolite_profiling.txt	metadata_assay	https://ftp.ebi.ac.uk/pub/databases/metabolights/studies/public/MTBLS2497/a_MTBLS2497_LC-MS_positive_reverse-phase_metabolite_profiling.txt	raw/metabolomics/MetaboLights/MTBLS2497/a_MTBLS2497_LC-MS_positive_reverse-phase_metabolite_profiling.txt	EMBL-EBI Terms of Use	https://www.ebi.ac.uk/about/terms-of-use/	per_study_terms	conditional_until_reviewed	pending
MTBLS2497	i_Investigation.txt	metadata_investigation	https://ftp.ebi.ac.uk/pub/databases/metabolights/studies/public/MTBLS2497/i_Investigation.txt	raw/metabolomics/MetaboLights/MTBLS2497/i_Investigation.txt	EMBL-EBI Terms of Use	https://www.ebi.ac.uk/about/terms-of-use/	per_study_terms	conditional_until_reviewed	pending
MTBLS2497	m_MTBLS2497_LC-MS_positive_reverse-phase_metabolite_profiling_v2_maf.tsv	metadata_maf	https://ftp.ebi.ac.uk/pub/databases/metabolights/studies/public/MTBLS2497/m_MTBLS2497_LC-MS_positive_reverse-phase_metabolite_profiling_v2_maf.tsv	raw/metabolomics/MetaboLights/MTBLS2497/m_MTBLS2497_LC-MS_positive_reverse-phase_metabolite_profiling_v2_maf.tsv	EMBL-EBI Terms of Use	https://www.ebi.ac.uk/about/terms-of-use/	per_study_terms	conditional_until_reviewed	pending
MTBLS2497	s_MTBLS2497.txt	metadata_sample	https://ftp.ebi.ac.uk/pub/databases/metabolights/studies/public/MTBLS2497/s_MTBLS2497.txt	raw/metabolomics/MetaboLights/MTBLS2497/s_MTBLS2497.txt	EMBL-EBI Terms of Use	https://www.ebi.ac.uk/about/terms-of-use/	per_study_terms	conditional_until_reviewed	pending
MTBLS2501	a_MTBLS2501_GC-MS_positive__metabolite_profiling.txt	metadata_assay	https://ftp.ebi.ac.uk/pub/databases/metabolights/studies/public/MTBLS2501/a_MTBLS2501_GC-MS_positive__metabolite_profiling.txt	raw/metabolomics/MetaboLights/MTBLS2501/a_MTBLS2501_GC-MS_positive__metabolite_profiling.txt	EMBL-EBI Terms of Use	https://www.ebi.ac.uk/about/terms-of-use/	per_study_terms	conditional_until_reviewed	pending
MTBLS2501	a_MTBLS2501_LC-MS_negative_hilic_metabolite_profiling.txt	metadata_assay	https://ftp.ebi.ac.uk/pub/databases/metabolights/studies/public/MTBLS2501/a_MTBLS2501_LC-MS_negative_hilic_metabolite_profiling.txt	raw/metabolomics/MetaboLights/MTBLS2501/a_MTBLS2501_LC-MS_negative_hilic_metabolite_profiling.txt	EMBL-EBI Terms of Use	https://www.ebi.ac.uk/about/terms-of-use/	per_study_terms	conditional_until_reviewed	pending
MTBLS2501	a_MTBLS2501_LC-MS_negative_reverse-phase_metabolite_profiling.txt	metadata_assay	https://ftp.ebi.ac.uk/pub/databases/metabolights/studies/public/MTBLS2501/a_MTBLS2501_LC-MS_negative_reverse-phase_metabolite_profiling.txt	raw/metabolomics/MetaboLights/MTBLS2501/a_MTBLS2501_LC-MS_negative_reverse-phase_metabolite_profiling.txt	EMBL-EBI Terms of Use	https://www.ebi.ac.uk/about/terms-of-use/	per_study_terms	conditional_until_reviewed	pending
MTBLS2501	i_Investigation.txt	metadata_investigation	https://ftp.ebi.ac.uk/pub/databases/metabolights/studies/public/MTBLS2501/i_Investigation.txt	raw/metabolomics/MetaboLights/MTBLS2501/i_Investigation.txt	EMBL-EBI Terms of Use	https://www.ebi.ac.uk/about/terms-of-use/	per_study_terms	conditional_until_reviewed	pending
MTBLS2501	m_MTBLS2501_GC-MS_positive__metabolite_profiling_v2_maf.tsv	metadata_maf	https://ftp.ebi.ac.uk/pub/databases/metabolights/studies/public/MTBLS2501/m_MTBLS2501_GC-MS_positive__metabolite_profiling_v2_maf.tsv	raw/metabolomics/MetaboLights/MTBLS2501/m_MTBLS2501_GC-MS_positive__metabolite_profiling_v2_maf.tsv	EMBL-EBI Terms of Use	https://www.ebi.ac.uk/about/terms-of-use/	per_study_terms	conditional_until_reviewed	pending
MTBLS2501	m_MTBLS2501_LC-MS_negative_hilic_metabolite_profiling_v2_maf.tsv	metadata_maf	https://ftp.ebi.ac.uk/pub/databases/metabolights/studies/public/MTBLS2501/m_MTBLS2501_LC-MS_negative_hilic_metabolite_profiling_v2_maf.tsv	raw/metabolomics/MetaboLights/MTBLS2501/m_MTBLS2501_LC-MS_negative_hilic_metabolite_profiling_v2_maf.tsv	EMBL-EBI Terms of Use	https://www.ebi.ac.uk/about/terms-of-use/	per_study_terms	conditional_until_reviewed	pending
MTBLS2501	m_MTBLS2501_LC-MS_negative_reverse-phase_metabolite_profiling_v2_maf.tsv	metadata_maf	https://ftp.ebi.ac.uk/pub/databases/metabolights/studies/public/MTBLS2501/m_MTBLS2501_LC-MS_negative_reverse-phase_metabolite_profiling_v2_maf.tsv	raw/metabolomics/MetaboLights/MTBLS2501/m_MTBLS2501_LC-MS_negative_reverse-phase_metabolite_profiling_v2_maf.tsv	EMBL-EBI Terms of Use	https://www.ebi.ac.uk/about/terms-of-use/	per_study_terms	conditional_until_reviewed	pending
MTBLS2501	s_MTBLS2501.txt	metadata_sample	https://ftp.ebi.ac.uk/pub/databases/metabolights/studies/public/MTBLS2501/s_MTBLS2501.txt	raw/metabolomics/MetaboLights/MTBLS2501/s_MTBLS2501.txt	EMBL-EBI Terms of Use	https://www.ebi.ac.uk/about/terms-of-use/	per_study_terms	conditional_until_reviewed	pending
MTBLS2630	a_MTBLS2630_Exp1_GCxGC-MS_metabolite_profiling.txt	metadata_assay	https://ftp.ebi.ac.uk/pub/databases/metabolights/studies/public/MTBLS2630/a_MTBLS2630_Exp1_GCxGC-MS_metabolite_profiling.txt	raw/metabolomics/MetaboLights/MTBLS2630/a_MTBLS2630_Exp1_GCxGC-MS_metabolite_profiling.txt	EMBL-EBI Terms of Use	https://www.ebi.ac.uk/about/terms-of-use/	per_study_terms	conditional_until_reviewed	pending
MTBLS2630	a_MTBLS2630_Exp2_GCxGC-MS_metabolite_profiling.txt	metadata_assay	https://ftp.ebi.ac.uk/pub/databases/metabolights/studies/public/MTBLS2630/a_MTBLS2630_Exp2_GCxGC-MS_metabolite_profiling.txt	raw/metabolomics/MetaboLights/MTBLS2630/a_MTBLS2630_Exp2_GCxGC-MS_metabolite_profiling.txt	EMBL-EBI Terms of Use	https://www.ebi.ac.uk/about/terms-of-use/	per_study_terms	conditional_until_reviewed	pending
MTBLS2630	a_MTBLS2630_Exp3_GCxGC-MS_metabolite_profiling.txt	metadata_assay	https://ftp.ebi.ac.uk/pub/databases/metabolights/studies/public/MTBLS2630/a_MTBLS2630_Exp3_GCxGC-MS_metabolite_profiling.txt	raw/metabolomics/MetaboLights/MTBLS2630/a_MTBLS2630_Exp3_GCxGC-MS_metabolite_profiling.txt	EMBL-EBI Terms of Use	https://www.ebi.ac.uk/about/terms-of-use/	per_study_terms	conditional_until_reviewed	pending
MTBLS2630	a_MTBLS2630_Exp4_GCxGC-MS_metabolite_profiling.txt	metadata_assay	https://ftp.ebi.ac.uk/pub/databases/metabolights/studies/public/MTBLS2630/a_MTBLS2630_Exp4_GCxGC-MS_metabolite_profiling.txt	raw/metabolomics/MetaboLights/MTBLS2630/a_MTBLS2630_Exp4_GCxGC-MS_metabolite_profiling.txt	EMBL-EBI Terms of Use	https://www.ebi.ac.uk/about/terms-of-use/	per_study_terms	conditional_until_reviewed	pending
MTBLS2630	a_MTBLS2630_Exp5_GCxGC-MS_metabolite_profiling.txt	metadata_assay	https://ftp.ebi.ac.uk/pub/databases/metabolights/studies/public/MTBLS2630/a_MTBLS2630_Exp5_GCxGC-MS_metabolite_profiling.txt	raw/metabolomics/MetaboLights/MTBLS2630/a_MTBLS2630_Exp5_GCxGC-MS_metabolite_profiling.txt	EMBL-EBI Terms of Use	https://www.ebi.ac.uk/about/terms-of-use/	per_study_terms	conditional_until_reviewed	pending
MTBLS2630	a_MTBLS2630_Exp6_GCxGC-MS_metabolite_profiling.txt	metadata_assay	https://ftp.ebi.ac.uk/pub/databases/metabolights/studies/public/MTBLS2630/a_MTBLS2630_Exp6_GCxGC-MS_metabolite_profiling.txt	raw/metabolomics/MetaboLights/MTBLS2630/a_MTBLS2630_Exp6_GCxGC-MS_metabolite_profiling.txt	EMBL-EBI Terms of Use	https://www.ebi.ac.uk/about/terms-of-use/	per_study_terms	conditional_until_reviewed	pending
MTBLS2630	i_Investigation.txt	metadata_investigation	https://ftp.ebi.ac.uk/pub/databases/metabolights/studies/public/MTBLS2630/i_Investigation.txt	raw/metabolomics/MetaboLights/MTBLS2630/i_Investigation.txt	EMBL-EBI Terms of Use	https://www.ebi.ac.uk/about/terms-of-use/	per_study_terms	conditional_until_reviewed	pending
MTBLS2630	m_MTBLS2630_Exp1_GCxGC-MS_metabolite_profiling_v2_maf.tsv	metadata_maf	https://ftp.ebi.ac.uk/pub/databases/metabolights/studies/public/MTBLS2630/m_MTBLS2630_Exp1_GCxGC-MS_metabolite_profiling_v2_maf.tsv	raw/metabolomics/MetaboLights/MTBLS2630/m_MTBLS2630_Exp1_GCxGC-MS_metabolite_profiling_v2_maf.tsv	EMBL-EBI Terms of Use	https://www.ebi.ac.uk/about/terms-of-use/	per_study_terms	conditional_until_reviewed	pending
MTBLS2630	m_MTBLS2630_Exp2_GCxGC-MS_metabolite_profiling_v2_maf.tsv	metadata_maf	https://ftp.ebi.ac.uk/pub/databases/metabolights/studies/public/MTBLS2630/m_MTBLS2630_Exp2_GCxGC-MS_metabolite_profiling_v2_maf.tsv	raw/metabolomics/MetaboLights/MTBLS2630/m_MTBLS2630_Exp2_GCxGC-MS_metabolite_profiling_v2_maf.tsv	EMBL-EBI Terms of Use	https://www.ebi.ac.uk/about/terms-of-use/	per_study_terms	conditional_until_reviewed	pending
MTBLS2630	m_MTBLS2630_Exp3_GCxGC-MS_metabolite_profiling_v2_maf.tsv	metadata_maf	https://ftp.ebi.ac.uk/pub/databases/metabolights/studies/public/MTBLS2630/m_MTBLS2630_Exp3_GCxGC-MS_metabolite_profiling_v2_maf.tsv	raw/metabolomics/MetaboLights/MTBLS2630/m_MTBLS2630_Exp3_GCxGC-MS_metabolite_profiling_v2_maf.tsv	EMBL-EBI Terms of Use	https://www.ebi.ac.uk/about/terms-of-use/	per_study_terms	conditional_until_reviewed	pending
MTBLS2630	m_MTBLS2630_Exp4_GCxGC-MS_metabolite_profiling_v2_maf.tsv	metadata_maf	https://ftp.ebi.ac.uk/pub/databases/metabolights/studies/public/MTBLS2630/m_MTBLS2630_Exp4_GCxGC-MS_metabolite_profiling_v2_maf.tsv	raw/metabolomics/MetaboLights/MTBLS2630/m_MTBLS2630_Exp4_GCxGC-MS_metabolite_profiling_v2_maf.tsv	EMBL-EBI Terms of Use	https://www.ebi.ac.uk/about/terms-of-use/	per_study_terms	conditional_until_reviewed	pending
MTBLS2630	m_MTBLS2630_Exp5_GCxGC-MS_metabolite_profiling_v2_maf.tsv	metadata_maf	https://ftp.ebi.ac.uk/pub/databases/metabolights/studies/public/MTBLS2630/m_MTBLS2630_Exp5_GCxGC-MS_metabolite_profiling_v2_maf.tsv	raw/metabolomics/MetaboLights/MTBLS2630/m_MTBLS2630_Exp5_GCxGC-MS_metabolite_profiling_v2_maf.tsv	EMBL-EBI Terms of Use	https://www.ebi.ac.uk/about/terms-of-use/	per_study_terms	conditional_until_reviewed	pending
MTBLS2630	m_MTBLS2630_Exp6_GCxGC-MS_metabolite_profiling_v2_maf.tsv	metadata_maf	https://ftp.ebi.ac.uk/pub/databases/metabolights/studies/public/MTBLS2630/m_MTBLS2630_Exp6_GCxGC-MS_metabolite_profiling_v2_maf.tsv	raw/metabolomics/MetaboLights/MTBLS2630/m_MTBLS2630_Exp6_GCxGC-MS_metabolite_profiling_v2_maf.tsv	EMBL-EBI Terms of Use	https://www.ebi.ac.uk/about/terms-of-use/	per_study_terms	conditional_until_reviewed	pending
MTBLS2630	s_MTBLS2630.txt	metadata_sample	https://ftp.ebi.ac.uk/pub/databases/metabolights/studies/public/MTBLS2630/s_MTBLS2630.txt	raw/metabolomics/MetaboLights/MTBLS2630/s_MTBLS2630.txt	EMBL-EBI Terms of Use	https://www.ebi.ac.uk/about/terms-of-use/	per_study_terms	conditional_until_reviewed	pending
MTBLS2712	a_MTBLS2712_LC-MS_negative_reverse-phase_metabolite_profiling.txt	metadata_assay	https://ftp.ebi.ac.uk/pub/databases/metabolights/studies/public/MTBLS2712/a_MTBLS2712_LC-MS_negative_reverse-phase_metabolite_profiling.txt	raw/metabolomics/MetaboLights/MTBLS2712/a_MTBLS2712_LC-MS_negative_reverse-phase_metabolite_profiling.txt	EMBL-EBI Terms of Use	https://www.ebi.ac.uk/about/terms-of-use/	per_study_terms	conditional_until_reviewed	pending
MTBLS2712	a_MTBLS2712_LC-MS_positive_reverse-phase_metabolite_profiling.txt	metadata_assay	https://ftp.ebi.ac.uk/pub/databases/metabolights/studies/public/MTBLS2712/a_MTBLS2712_LC-MS_positive_reverse-phase_metabolite_profiling.txt	raw/metabolomics/MetaboLights/MTBLS2712/a_MTBLS2712_LC-MS_positive_reverse-phase_metabolite_profiling.txt	EMBL-EBI Terms of Use	https://www.ebi.ac.uk/about/terms-of-use/	per_study_terms	conditional_until_reviewed	pending
MTBLS2712	i_Investigation.txt	metadata_investigation	https://ftp.ebi.ac.uk/pub/databases/metabolights/studies/public/MTBLS2712/i_Investigation.txt	raw/metabolomics/MetaboLights/MTBLS2712/i_Investigation.txt	EMBL-EBI Terms of Use	https://www.ebi.ac.uk/about/terms-of-use/	per_study_terms	conditional_until_reviewed	pending
MTBLS2712	m_MTBLS2712_LC-MS_reverse-phase_metabolite_profiling_v2_maf.tsv	metadata_maf	https://ftp.ebi.ac.uk/pub/databases/metabolights/studies/public/MTBLS2712/m_MTBLS2712_LC-MS_reverse-phase_metabolite_profiling_v2_maf.tsv	raw/metabolomics/MetaboLights/MTBLS2712/m_MTBLS2712_LC-MS_reverse-phase_metabolite_profiling_v2_maf.tsv	EMBL-EBI Terms of Use	https://www.ebi.ac.uk/about/terms-of-use/	per_study_terms	conditional_until_reviewed	pending
MTBLS2712	s_MTBLS2712.txt	metadata_sample	https://ftp.ebi.ac.uk/pub/databases/metabolights/studies/public/MTBLS2712/s_MTBLS2712.txt	raw/metabolomics/MetaboLights/MTBLS2712/s_MTBLS2712.txt	EMBL-EBI Terms of Use	https://www.ebi.ac.uk/about/terms-of-use/	per_study_terms	conditional_until_reviewed	pending
MTBLS276	a_MTBLS276_diversity_in_dna_metabolite_profiling_mass_spectrometry.txt	metadata_assay	https://ftp.ebi.ac.uk/pub/databases/metabolights/studies/public/MTBLS276/a_MTBLS276_diversity_in_dna_metabolite_profiling_mass_spectrometry.txt	raw/metabolomics/MetaboLights/MTBLS276/a_MTBLS276_diversity_in_dna_metabolite_profiling_mass_spectrometry.txt	EMBL-EBI Terms of Use	https://www.ebi.ac.uk/about/terms-of-use/	per_study_terms	conditional_until_reviewed	pending
MTBLS276	i_Investigation.txt	metadata_investigation	https://ftp.ebi.ac.uk/pub/databases/metabolights/studies/public/MTBLS276/i_Investigation.txt	raw/metabolomics/MetaboLights/MTBLS276/i_Investigation.txt	EMBL-EBI Terms of Use	https://www.ebi.ac.uk/about/terms-of-use/	per_study_terms	conditional_until_reviewed	pending
MTBLS276	m_MTBLS276_diversity_in_dna_metabolite_profiling_mass_spectrometry-1_v2_maf.tsv	metadata_maf	https://ftp.ebi.ac.uk/pub/databases/metabolights/studies/public/MTBLS276/m_MTBLS276_diversity_in_dna_metabolite_profiling_mass_spectrometry-1_v2_maf.tsv	raw/metabolomics/MetaboLights/MTBLS276/m_MTBLS276_diversity_in_dna_metabolite_profiling_mass_spectrometry-1_v2_maf.tsv	EMBL-EBI Terms of Use	https://www.ebi.ac.uk/about/terms-of-use/	per_study_terms	conditional_until_reviewed	pending
MTBLS276	s_MTBLS276.txt	metadata_sample	https://ftp.ebi.ac.uk/pub/databases/metabolights/studies/public/MTBLS276/s_MTBLS276.txt	raw/metabolomics/MetaboLights/MTBLS276/s_MTBLS276.txt	EMBL-EBI Terms of Use	https://www.ebi.ac.uk/about/terms-of-use/	per_study_terms	conditional_until_reviewed	pending
MTBLS2774	a_MTBLS2774_LC-MS_negative_reverse-phase_metabolite_profiling-1.txt	metadata_assay	https://ftp.ebi.ac.uk/pub/databases/metabolights/studies/public/MTBLS2774/a_MTBLS2774_LC-MS_negative_reverse-phase_metabolite_profiling-1.txt	raw/metabolomics/MetaboLights/MTBLS2774/a_MTBLS2774_LC-MS_negative_reverse-phase_metabolite_profiling-1.txt	EMBL-EBI Terms of Use	https://www.ebi.ac.uk/about/terms-of-use/	per_study_terms	conditional_until_reviewed	pending
MTBLS2774	a_MTBLS2774_LC-MS_negative_reverse-phase_metabolite_profiling.txt	metadata_assay	https://ftp.ebi.ac.uk/pub/databases/metabolights/studies/public/MTBLS2774/a_MTBLS2774_LC-MS_negative_reverse-phase_metabolite_profiling.txt	raw/metabolomics/MetaboLights/MTBLS2774/a_MTBLS2774_LC-MS_negative_reverse-phase_metabolite_profiling.txt	EMBL-EBI Terms of Use	https://www.ebi.ac.uk/about/terms-of-use/	per_study_terms	conditional_until_reviewed	pending
MTBLS2774	a_MTBLS2774_LC-MS_positive_reverse-phase_metabolite_profiling-1.txt	metadata_assay	https://ftp.ebi.ac.uk/pub/databases/metabolights/studies/public/MTBLS2774/a_MTBLS2774_LC-MS_positive_reverse-phase_metabolite_profiling-1.txt	raw/metabolomics/MetaboLights/MTBLS2774/a_MTBLS2774_LC-MS_positive_reverse-phase_metabolite_profiling-1.txt	EMBL-EBI Terms of Use	https://www.ebi.ac.uk/about/terms-of-use/	per_study_terms	conditional_until_reviewed	pending
MTBLS2774	a_MTBLS2774_LC-MS_positive_reverse-phase_metabolite_profiling.txt	metadata_assay	https://ftp.ebi.ac.uk/pub/databases/metabolights/studies/public/MTBLS2774/a_MTBLS2774_LC-MS_positive_reverse-phase_metabolite_profiling.txt	raw/metabolomics/MetaboLights/MTBLS2774/a_MTBLS2774_LC-MS_positive_reverse-phase_metabolite_profiling.txt	EMBL-EBI Terms of Use	https://www.ebi.ac.uk/about/terms-of-use/	per_study_terms	conditional_until_reviewed	pending
MTBLS2774	i_Investigation.txt	metadata_investigation	https://ftp.ebi.ac.uk/pub/databases/metabolights/studies/public/MTBLS2774/i_Investigation.txt	raw/metabolomics/MetaboLights/MTBLS2774/i_Investigation.txt	EMBL-EBI Terms of Use	https://www.ebi.ac.uk/about/terms-of-use/	per_study_terms	conditional_until_reviewed	pending
MTBLS2774	m_MTBLS2774_LC-MS_negative_reverse-phase_metabolite_profiling-1_v2_maf.tsv	metadata_maf	https://ftp.ebi.ac.uk/pub/databases/metabolights/studies/public/MTBLS2774/m_MTBLS2774_LC-MS_negative_reverse-phase_metabolite_profiling-1_v2_maf.tsv	raw/metabolomics/MetaboLights/MTBLS2774/m_MTBLS2774_LC-MS_negative_reverse-phase_metabolite_profiling-1_v2_maf.tsv	EMBL-EBI Terms of Use	https://www.ebi.ac.uk/about/terms-of-use/	per_study_terms	conditional_until_reviewed	pending
MTBLS2774	m_MTBLS2774_LC-MS_negative_reverse-phase_metabolite_profiling_v2_maf.tsv	metadata_maf	https://ftp.ebi.ac.uk/pub/databases/metabolights/studies/public/MTBLS2774/m_MTBLS2774_LC-MS_negative_reverse-phase_metabolite_profiling_v2_maf.tsv	raw/metabolomics/MetaboLights/MTBLS2774/m_MTBLS2774_LC-MS_negative_reverse-phase_metabolite_profiling_v2_maf.tsv	EMBL-EBI Terms of Use	https://www.ebi.ac.uk/about/terms-of-use/	per_study_terms	conditional_until_reviewed	pending
MTBLS2774	m_MTBLS2774_LC-MS_positive_reverse-phase_metabolite_profiling-1_v2_maf.tsv	metadata_maf	https://ftp.ebi.ac.uk/pub/databases/metabolights/studies/public/MTBLS2774/m_MTBLS2774_LC-MS_positive_reverse-phase_metabolite_profiling-1_v2_maf.tsv	raw/metabolomics/MetaboLights/MTBLS2774/m_MTBLS2774_LC-MS_positive_reverse-phase_metabolite_profiling-1_v2_maf.tsv	EMBL-EBI Terms of Use	https://www.ebi.ac.uk/about/terms-of-use/	per_study_terms	conditional_until_reviewed	pending
MTBLS2774	m_MTBLS2774_LC-MS_positive_reverse-phase_metabolite_profiling_v2_maf.tsv	metadata_maf	https://ftp.ebi.ac.uk/pub/databases/metabolights/studies/public/MTBLS2774/m_MTBLS2774_LC-MS_positive_reverse-phase_metabolite_profiling_v2_maf.tsv	raw/metabolomics/MetaboLights/MTBLS2774/m_MTBLS2774_LC-MS_positive_reverse-phase_metabolite_profiling_v2_maf.tsv	EMBL-EBI Terms of Use	https://www.ebi.ac.uk/about/terms-of-use/	per_study_terms	conditional_until_reviewed	pending
MTBLS2774	s_MTBLS2774.txt	metadata_sample	https://ftp.ebi.ac.uk/pub/databases/metabolights/studies/public/MTBLS2774/s_MTBLS2774.txt	raw/metabolomics/MetaboLights/MTBLS2774/s_MTBLS2774.txt	EMBL-EBI Terms of Use	https://www.ebi.ac.uk/about/terms-of-use/	per_study_terms	conditional_until_reviewed	pending
MTBLS2795	a_MTBLS2795_LC-MS_alternating_hilic_metabolite_profiling.txt	metadata_assay	https://ftp.ebi.ac.uk/pub/databases/metabolights/studies/public/MTBLS2795/a_MTBLS2795_LC-MS_alternating_hilic_metabolite_profiling.txt	raw/metabolomics/MetaboLights/MTBLS2795/a_MTBLS2795_LC-MS_alternating_hilic_metabolite_profiling.txt	EMBL-EBI Terms of Use	https://www.ebi.ac.uk/about/terms-of-use/	per_study_terms	conditional_until_reviewed	pending
MTBLS2795	i_Investigation.txt	metadata_investigation	https://ftp.ebi.ac.uk/pub/databases/metabolights/studies/public/MTBLS2795/i_Investigation.txt	raw/metabolomics/MetaboLights/MTBLS2795/i_Investigation.txt	EMBL-EBI Terms of Use	https://www.ebi.ac.uk/about/terms-of-use/	per_study_terms	conditional_until_reviewed	pending
MTBLS2795	m_MTBLS2795_LC-MS_alternating_hilic_metabolite_profiling_v2_maf.tsv	metadata_maf	https://ftp.ebi.ac.uk/pub/databases/metabolights/studies/public/MTBLS2795/m_MTBLS2795_LC-MS_alternating_hilic_metabolite_profiling_v2_maf.tsv	raw/metabolomics/MetaboLights/MTBLS2795/m_MTBLS2795_LC-MS_alternating_hilic_metabolite_profiling_v2_maf.tsv	EMBL-EBI Terms of Use	https://www.ebi.ac.uk/about/terms-of-use/	per_study_terms	conditional_until_reviewed	pending
MTBLS2795	s_MTBLS2795.txt	metadata_sample	https://ftp.ebi.ac.uk/pub/databases/metabolights/studies/public/MTBLS2795/s_MTBLS2795.txt	raw/metabolomics/MetaboLights/MTBLS2795/s_MTBLS2795.txt	EMBL-EBI Terms of Use	https://www.ebi.ac.uk/about/terms-of-use/	per_study_terms	conditional_until_reviewed	pending
MTBLS2825	a_MTBLS2825_LC-MS_negative_reverse-phase_metabolite_profiling.txt	metadata_assay	https://ftp.ebi.ac.uk/pub/databases/metabolights/studies/public/MTBLS2825/a_MTBLS2825_LC-MS_negative_reverse-phase_metabolite_profiling.txt	raw/metabolomics/MetaboLights/MTBLS2825/a_MTBLS2825_LC-MS_negative_reverse-phase_metabolite_profiling.txt	EMBL-EBI Terms of Use	https://www.ebi.ac.uk/about/terms-of-use/	per_study_terms	conditional_until_reviewed	pending
MTBLS2825	a_MTBLS2825_LC-MS_positive_reverse-phase_metabolite_profiling.txt	metadata_assay	https://ftp.ebi.ac.uk/pub/databases/metabolights/studies/public/MTBLS2825/a_MTBLS2825_LC-MS_positive_reverse-phase_metabolite_profiling.txt	raw/metabolomics/MetaboLights/MTBLS2825/a_MTBLS2825_LC-MS_positive_reverse-phase_metabolite_profiling.txt	EMBL-EBI Terms of Use	https://www.ebi.ac.uk/about/terms-of-use/	per_study_terms	conditional_until_reviewed	pending
MTBLS2825	i_Investigation.txt	metadata_investigation	https://ftp.ebi.ac.uk/pub/databases/metabolights/studies/public/MTBLS2825/i_Investigation.txt	raw/metabolomics/MetaboLights/MTBLS2825/i_Investigation.txt	EMBL-EBI Terms of Use	https://www.ebi.ac.uk/about/terms-of-use/	per_study_terms	conditional_until_reviewed	pending
MTBLS2825	m_MTBLS2825_LC-MS_negative_reverse-phase_metabolite_profiling_v2_maf.tsv	metadata_maf	https://ftp.ebi.ac.uk/pub/databases/metabolights/studies/public/MTBLS2825/m_MTBLS2825_LC-MS_negative_reverse-phase_metabolite_profiling_v2_maf.tsv	raw/metabolomics/MetaboLights/MTBLS2825/m_MTBLS2825_LC-MS_negative_reverse-phase_metabolite_profiling_v2_maf.tsv	EMBL-EBI Terms of Use	https://www.ebi.ac.uk/about/terms-of-use/	per_study_terms	conditional_until_reviewed	pending
MTBLS2825	m_MTBLS2825_LC-MS_positive_reverse-phase_metabolite_profiling_v2_maf.tsv	metadata_maf	https://ftp.ebi.ac.uk/pub/databases/metabolights/studies/public/MTBLS2825/m_MTBLS2825_LC-MS_positive_reverse-phase_metabolite_profiling_v2_maf.tsv	raw/metabolomics/MetaboLights/MTBLS2825/m_MTBLS2825_LC-MS_positive_reverse-phase_metabolite_profiling_v2_maf.tsv	EMBL-EBI Terms of Use	https://www.ebi.ac.uk/about/terms-of-use/	per_study_terms	conditional_until_reviewed	pending
MTBLS2825	s_MTBLS2825.txt	metadata_sample	https://ftp.ebi.ac.uk/pub/databases/metabolights/studies/public/MTBLS2825/s_MTBLS2825.txt	raw/metabolomics/MetaboLights/MTBLS2825/s_MTBLS2825.txt	EMBL-EBI Terms of Use	https://www.ebi.ac.uk/about/terms-of-use/	per_study_terms	conditional_until_reviewed	pending
MTBLS2885	a_MTBLS2885_LC-MS_negative_reverse-phase_metabolite_profiling.txt	metadata_assay	https://ftp.ebi.ac.uk/pub/databases/metabolights/studies/public/MTBLS2885/a_MTBLS2885_LC-MS_negative_reverse-phase_metabolite_profiling.txt	raw/metabolomics/MetaboLights/MTBLS2885/a_MTBLS2885_LC-MS_negative_reverse-phase_metabolite_profiling.txt	EMBL-EBI Terms of Use	https://www.ebi.ac.uk/about/terms-of-use/	per_study_terms	conditional_until_reviewed	pending
MTBLS2885	i_Investigation.txt	metadata_investigation	https://ftp.ebi.ac.uk/pub/databases/metabolights/studies/public/MTBLS2885/i_Investigation.txt	raw/metabolomics/MetaboLights/MTBLS2885/i_Investigation.txt	EMBL-EBI Terms of Use	https://www.ebi.ac.uk/about/terms-of-use/	per_study_terms	conditional_until_reviewed	pending
MTBLS2885	m_MTBLS2885_LC-MS_negative_reverse-phase_metabolite_profiling_v2_maf.tsv	metadata_maf	https://ftp.ebi.ac.uk/pub/databases/metabolights/studies/public/MTBLS2885/m_MTBLS2885_LC-MS_negative_reverse-phase_metabolite_profiling_v2_maf.tsv	raw/metabolomics/MetaboLights/MTBLS2885/m_MTBLS2885_LC-MS_negative_reverse-phase_metabolite_profiling_v2_maf.tsv	EMBL-EBI Terms of Use	https://www.ebi.ac.uk/about/terms-of-use/	per_study_terms	conditional_until_reviewed	pending
MTBLS2885	s_MTBLS2885.txt	metadata_sample	https://ftp.ebi.ac.uk/pub/databases/metabolights/studies/public/MTBLS2885/s_MTBLS2885.txt	raw/metabolomics/MetaboLights/MTBLS2885/s_MTBLS2885.txt	EMBL-EBI Terms of Use	https://www.ebi.ac.uk/about/terms-of-use/	per_study_terms	conditional_until_reviewed	pending
MTBLS293	a_MTBLS293_NEG_rione_mass_spectrometry.txt	metadata_assay	https://ftp.ebi.ac.uk/pub/databases/metabolights/studies/public/MTBLS293/a_MTBLS293_NEG_rione_mass_spectrometry.txt	raw/metabolomics/MetaboLights/MTBLS293/a_MTBLS293_NEG_rione_mass_spectrometry.txt	EMBL-EBI Terms of Use	https://www.ebi.ac.uk/about/terms-of-use/	per_study_terms	conditional_until_reviewed	pending
MTBLS293	a_MTBLS293_POS_rione_mass_spectrometry.txt	metadata_assay	https://ftp.ebi.ac.uk/pub/databases/metabolights/studies/public/MTBLS293/a_MTBLS293_POS_rione_mass_spectrometry.txt	raw/metabolomics/MetaboLights/MTBLS293/a_MTBLS293_POS_rione_mass_spectrometry.txt	EMBL-EBI Terms of Use	https://www.ebi.ac.uk/about/terms-of-use/	per_study_terms	conditional_until_reviewed	pending
MTBLS293	a_MTBLS293_TAR_rione_mass_spectrometry.txt	metadata_assay	https://ftp.ebi.ac.uk/pub/databases/metabolights/studies/public/MTBLS293/a_MTBLS293_TAR_rione_mass_spectrometry.txt	raw/metabolomics/MetaboLights/MTBLS293/a_MTBLS293_TAR_rione_mass_spectrometry.txt	EMBL-EBI Terms of Use	https://www.ebi.ac.uk/about/terms-of-use/	per_study_terms	conditional_until_reviewed	pending
MTBLS293	i_Investigation.txt	metadata_investigation	https://ftp.ebi.ac.uk/pub/databases/metabolights/studies/public/MTBLS293/i_Investigation.txt	raw/metabolomics/MetaboLights/MTBLS293/i_Investigation.txt	EMBL-EBI Terms of Use	https://www.ebi.ac.uk/about/terms-of-use/	per_study_terms	conditional_until_reviewed	pending
MTBLS293	m_MTBLS293_NEG_rione_mass_spectrometry_v2_maf.tsv	metadata_maf	https://ftp.ebi.ac.uk/pub/databases/metabolights/studies/public/MTBLS293/m_MTBLS293_NEG_rione_mass_spectrometry_v2_maf.tsv	raw/metabolomics/MetaboLights/MTBLS293/m_MTBLS293_NEG_rione_mass_spectrometry_v2_maf.tsv	EMBL-EBI Terms of Use	https://www.ebi.ac.uk/about/terms-of-use/	per_study_terms	conditional_until_reviewed	pending
MTBLS293	m_MTBLS293_POS_rione_mass_spectrometry_v2_maf.tsv	metadata_maf	https://ftp.ebi.ac.uk/pub/databases/metabolights/studies/public/MTBLS293/m_MTBLS293_POS_rione_mass_spectrometry_v2_maf.tsv	raw/metabolomics/MetaboLights/MTBLS293/m_MTBLS293_POS_rione_mass_spectrometry_v2_maf.tsv	EMBL-EBI Terms of Use	https://www.ebi.ac.uk/about/terms-of-use/	per_study_terms	conditional_until_reviewed	pending
MTBLS293	m_MTBLS293_TAR_rione_mass_spectrometry_v2_maf.tsv	metadata_maf	https://ftp.ebi.ac.uk/pub/databases/metabolights/studies/public/MTBLS293/m_MTBLS293_TAR_rione_mass_spectrometry_v2_maf.tsv	raw/metabolomics/MetaboLights/MTBLS293/m_MTBLS293_TAR_rione_mass_spectrometry_v2_maf.tsv	EMBL-EBI Terms of Use	https://www.ebi.ac.uk/about/terms-of-use/	per_study_terms	conditional_until_reviewed	pending
MTBLS293	s_MTBLS293.txt	metadata_sample	https://ftp.ebi.ac.uk/pub/databases/metabolights/studies/public/MTBLS293/s_MTBLS293.txt	raw/metabolomics/MetaboLights/MTBLS293/s_MTBLS293.txt	EMBL-EBI Terms of Use	https://www.ebi.ac.uk/about/terms-of-use/	per_study_terms	conditional_until_reviewed	pending
MTBLS295	a_MTBLS295_NEG_mp1_mass_spectrometry.txt	metadata_assay	https://ftp.ebi.ac.uk/pub/databases/metabolights/studies/public/MTBLS295/a_MTBLS295_NEG_mp1_mass_spectrometry.txt	raw/metabolomics/MetaboLights/MTBLS295/a_MTBLS295_NEG_mp1_mass_spectrometry.txt	EMBL-EBI Terms of Use	https://www.ebi.ac.uk/about/terms-of-use/	per_study_terms	conditional_until_reviewed	pending
MTBLS295	a_MTBLS295_POS_mp1_mass_spectrometry.txt	metadata_assay	https://ftp.ebi.ac.uk/pub/databases/metabolights/studies/public/MTBLS295/a_MTBLS295_POS_mp1_mass_spectrometry.txt	raw/metabolomics/MetaboLights/MTBLS295/a_MTBLS295_POS_mp1_mass_spectrometry.txt	EMBL-EBI Terms of Use	https://www.ebi.ac.uk/about/terms-of-use/	per_study_terms	conditional_until_reviewed	pending
MTBLS295	a_MTBLS295_TAR_mp1_mass_spectrometry.txt	metadata_assay	https://ftp.ebi.ac.uk/pub/databases/metabolights/studies/public/MTBLS295/a_MTBLS295_TAR_mp1_mass_spectrometry.txt	raw/metabolomics/MetaboLights/MTBLS295/a_MTBLS295_TAR_mp1_mass_spectrometry.txt	EMBL-EBI Terms of Use	https://www.ebi.ac.uk/about/terms-of-use/	per_study_terms	conditional_until_reviewed	pending
MTBLS295	i_Investigation.txt	metadata_investigation	https://ftp.ebi.ac.uk/pub/databases/metabolights/studies/public/MTBLS295/i_Investigation.txt	raw/metabolomics/MetaboLights/MTBLS295/i_Investigation.txt	EMBL-EBI Terms of Use	https://www.ebi.ac.uk/about/terms-of-use/	per_study_terms	conditional_until_reviewed	pending
MTBLS295	m_MTBLS295_NEG_mp1_mass_spectrometry_v2_maf.tsv	metadata_maf	https://ftp.ebi.ac.uk/pub/databases/metabolights/studies/public/MTBLS295/m_MTBLS295_NEG_mp1_mass_spectrometry_v2_maf.tsv	raw/metabolomics/MetaboLights/MTBLS295/m_MTBLS295_NEG_mp1_mass_spectrometry_v2_maf.tsv	EMBL-EBI Terms of Use	https://www.ebi.ac.uk/about/terms-of-use/	per_study_terms	conditional_until_reviewed	pending
MTBLS295	m_MTBLS295_POS_mp1_mass_spectrometry_v2_maf.tsv	metadata_maf	https://ftp.ebi.ac.uk/pub/databases/metabolights/studies/public/MTBLS295/m_MTBLS295_POS_mp1_mass_spectrometry_v2_maf.tsv	raw/metabolomics/MetaboLights/MTBLS295/m_MTBLS295_POS_mp1_mass_spectrometry_v2_maf.tsv	EMBL-EBI Terms of Use	https://www.ebi.ac.uk/about/terms-of-use/	per_study_terms	conditional_until_reviewed	pending
MTBLS295	m_MTBLS295_TAR_mp1_mass_spectrometry_v2_maf.tsv	metadata_maf	https://ftp.ebi.ac.uk/pub/databases/metabolights/studies/public/MTBLS295/m_MTBLS295_TAR_mp1_mass_spectrometry_v2_maf.tsv	raw/metabolomics/MetaboLights/MTBLS295/m_MTBLS295_TAR_mp1_mass_spectrometry_v2_maf.tsv	EMBL-EBI Terms of Use	https://www.ebi.ac.uk/about/terms-of-use/	per_study_terms	conditional_until_reviewed	pending
MTBLS295	s_MTBLS295.txt	metadata_sample	https://ftp.ebi.ac.uk/pub/databases/metabolights/studies/public/MTBLS295/s_MTBLS295.txt	raw/metabolomics/MetaboLights/MTBLS295/s_MTBLS295.txt	EMBL-EBI Terms of Use	https://www.ebi.ac.uk/about/terms-of-use/	per_study_terms	conditional_until_reviewed	pending
MTBLS2959	a_MTBLS2959_LC-MS_positive_reverse-phase_metabolite_profiling.txt	metadata_assay	https://ftp.ebi.ac.uk/pub/databases/metabolights/studies/public/MTBLS2959/a_MTBLS2959_LC-MS_positive_reverse-phase_metabolite_profiling.txt	raw/metabolomics/MetaboLights/MTBLS2959/a_MTBLS2959_LC-MS_positive_reverse-phase_metabolite_profiling.txt	EMBL-EBI Terms of Use	https://www.ebi.ac.uk/about/terms-of-use/	per_study_terms	conditional_until_reviewed	pending
MTBLS2959	i_Investigation.txt	metadata_investigation	https://ftp.ebi.ac.uk/pub/databases/metabolights/studies/public/MTBLS2959/i_Investigation.txt	raw/metabolomics/MetaboLights/MTBLS2959/i_Investigation.txt	EMBL-EBI Terms of Use	https://www.ebi.ac.uk/about/terms-of-use/	per_study_terms	conditional_until_reviewed	pending
MTBLS2959	m_MTBLS2959_LC-MS_positive_reverse-phase_metabolite_profiling_v2_maf.tsv	metadata_maf	https://ftp.ebi.ac.uk/pub/databases/metabolights/studies/public/MTBLS2959/m_MTBLS2959_LC-MS_positive_reverse-phase_metabolite_profiling_v2_maf.tsv	raw/metabolomics/MetaboLights/MTBLS2959/m_MTBLS2959_LC-MS_positive_reverse-phase_metabolite_profiling_v2_maf.tsv	EMBL-EBI Terms of Use	https://www.ebi.ac.uk/about/terms-of-use/	per_study_terms	conditional_until_reviewed	pending
MTBLS2959	s_MTBLS2959.txt	metadata_sample	https://ftp.ebi.ac.uk/pub/databases/metabolights/studies/public/MTBLS2959/s_MTBLS2959.txt	raw/metabolomics/MetaboLights/MTBLS2959/s_MTBLS2959.txt	EMBL-EBI Terms of Use	https://www.ebi.ac.uk/about/terms-of-use/	per_study_terms	conditional_until_reviewed	pending
MTBLS319	a_MTBLS319_toluene_exp_metabolite_profiling_mass_spectrometry.txt	metadata_assay	https://ftp.ebi.ac.uk/pub/databases/metabolights/studies/public/MTBLS319/a_MTBLS319_toluene_exp_metabolite_profiling_mass_spectrometry.txt	raw/metabolomics/MetaboLights/MTBLS319/a_MTBLS319_toluene_exp_metabolite_profiling_mass_spectrometry.txt	EMBL-EBI Terms of Use	https://www.ebi.ac.uk/about/terms-of-use/	per_study_terms	conditional_until_reviewed	pending
MTBLS319	i_Investigation.txt	metadata_investigation	https://ftp.ebi.ac.uk/pub/databases/metabolights/studies/public/MTBLS319/i_Investigation.txt	raw/metabolomics/MetaboLights/MTBLS319/i_Investigation.txt	EMBL-EBI Terms of Use	https://www.ebi.ac.uk/about/terms-of-use/	per_study_terms	conditional_until_reviewed	pending
MTBLS319	m_MTBLS319_toluene_exp_metabolite_profiling_mass_spectrometry_v2_maf.tsv	metadata_maf	https://ftp.ebi.ac.uk/pub/databases/metabolights/studies/public/MTBLS319/m_MTBLS319_toluene_exp_metabolite_profiling_mass_spectrometry_v2_maf.tsv	raw/metabolomics/MetaboLights/MTBLS319/m_MTBLS319_toluene_exp_metabolite_profiling_mass_spectrometry_v2_maf.tsv	EMBL-EBI Terms of Use	https://www.ebi.ac.uk/about/terms-of-use/	per_study_terms	conditional_until_reviewed	pending
MTBLS319	s_MTBLS319.txt	metadata_sample	https://ftp.ebi.ac.uk/pub/databases/metabolights/studies/public/MTBLS319/s_MTBLS319.txt	raw/metabolomics/MetaboLights/MTBLS319/s_MTBLS319.txt	EMBL-EBI Terms of Use	https://www.ebi.ac.uk/about/terms-of-use/	per_study_terms	conditional_until_reviewed	pending
MTBLS3415	a_MTBLS3415_LC-MS_negative_reverse-phase_metabolite_profiling.txt	metadata_assay	https://ftp.ebi.ac.uk/pub/databases/metabolights/studies/public/MTBLS3415/a_MTBLS3415_LC-MS_negative_reverse-phase_metabolite_profiling.txt	raw/metabolomics/MetaboLights/MTBLS3415/a_MTBLS3415_LC-MS_negative_reverse-phase_metabolite_profiling.txt	EMBL-EBI Terms of Use	https://www.ebi.ac.uk/about/terms-of-use/	per_study_terms	conditional_until_reviewed	pending
MTBLS3415	a_MTBLS3415_LC-MS_positive_reverse-phase_metabolite_profiling.txt	metadata_assay	https://ftp.ebi.ac.uk/pub/databases/metabolights/studies/public/MTBLS3415/a_MTBLS3415_LC-MS_positive_reverse-phase_metabolite_profiling.txt	raw/metabolomics/MetaboLights/MTBLS3415/a_MTBLS3415_LC-MS_positive_reverse-phase_metabolite_profiling.txt	EMBL-EBI Terms of Use	https://www.ebi.ac.uk/about/terms-of-use/	per_study_terms	conditional_until_reviewed	pending
MTBLS3415	i_Investigation.txt	metadata_investigation	https://ftp.ebi.ac.uk/pub/databases/metabolights/studies/public/MTBLS3415/i_Investigation.txt	raw/metabolomics/MetaboLights/MTBLS3415/i_Investigation.txt	EMBL-EBI Terms of Use	https://www.ebi.ac.uk/about/terms-of-use/	per_study_terms	conditional_until_reviewed	pending
MTBLS3415	m_MTBLS3415_LC-MS_negative_reverse-phase_metabolite_profiling_v2_maf.tsv	metadata_maf	https://ftp.ebi.ac.uk/pub/databases/metabolights/studies/public/MTBLS3415/m_MTBLS3415_LC-MS_negative_reverse-phase_metabolite_profiling_v2_maf.tsv	raw/metabolomics/MetaboLights/MTBLS3415/m_MTBLS3415_LC-MS_negative_reverse-phase_metabolite_profiling_v2_maf.tsv	EMBL-EBI Terms of Use	https://www.ebi.ac.uk/about/terms-of-use/	per_study_terms	conditional_until_reviewed	pending
MTBLS3415	m_MTBLS3415_LC-MS_positive_reverse-phase_metabolite_profiling_v2_maf.tsv	metadata_maf	https://ftp.ebi.ac.uk/pub/databases/metabolights/studies/public/MTBLS3415/m_MTBLS3415_LC-MS_positive_reverse-phase_metabolite_profiling_v2_maf.tsv	raw/metabolomics/MetaboLights/MTBLS3415/m_MTBLS3415_LC-MS_positive_reverse-phase_metabolite_profiling_v2_maf.tsv	EMBL-EBI Terms of Use	https://www.ebi.ac.uk/about/terms-of-use/	per_study_terms	conditional_until_reviewed	pending
MTBLS3415	s_MTBLS3415.txt	metadata_sample	https://ftp.ebi.ac.uk/pub/databases/metabolights/studies/public/MTBLS3415/s_MTBLS3415.txt	raw/metabolomics/MetaboLights/MTBLS3415/s_MTBLS3415.txt	EMBL-EBI Terms of Use	https://www.ebi.ac.uk/about/terms-of-use/	per_study_terms	conditional_until_reviewed	pending
MTBLS3485	a_MTBLS3485_LC-MS_negative_reverse-phase_metabolite_profiling.txt	metadata_assay	https://ftp.ebi.ac.uk/pub/databases/metabolights/studies/public/MTBLS3485/a_MTBLS3485_LC-MS_negative_reverse-phase_metabolite_profiling.txt	raw/metabolomics/MetaboLights/MTBLS3485/a_MTBLS3485_LC-MS_negative_reverse-phase_metabolite_profiling.txt	EMBL-EBI Terms of Use	https://www.ebi.ac.uk/about/terms-of-use/	per_study_terms	conditional_until_reviewed	pending
MTBLS3485	i_Investigation.txt	metadata_investigation	https://ftp.ebi.ac.uk/pub/databases/metabolights/studies/public/MTBLS3485/i_Investigation.txt	raw/metabolomics/MetaboLights/MTBLS3485/i_Investigation.txt	EMBL-EBI Terms of Use	https://www.ebi.ac.uk/about/terms-of-use/	per_study_terms	conditional_until_reviewed	pending
MTBLS3485	m_MTBLS3485_LC-MS_negative_reverse-phase_metabolite_profiling_v2_maf.tsv	metadata_maf	https://ftp.ebi.ac.uk/pub/databases/metabolights/studies/public/MTBLS3485/m_MTBLS3485_LC-MS_negative_reverse-phase_metabolite_profiling_v2_maf.tsv	raw/metabolomics/MetaboLights/MTBLS3485/m_MTBLS3485_LC-MS_negative_reverse-phase_metabolite_profiling_v2_maf.tsv	EMBL-EBI Terms of Use	https://www.ebi.ac.uk/about/terms-of-use/	per_study_terms	conditional_until_reviewed	pending
MTBLS3485	s_MTBLS3485.txt	metadata_sample	https://ftp.ebi.ac.uk/pub/databases/metabolights/studies/public/MTBLS3485/s_MTBLS3485.txt	raw/metabolomics/MetaboLights/MTBLS3485/s_MTBLS3485.txt	EMBL-EBI Terms of Use	https://www.ebi.ac.uk/about/terms-of-use/	per_study_terms	conditional_until_reviewed	pending
MTBLS3540	a_MTBLS3540_LC-MS_negative_reverse-phase_metabolite_profiling.txt	metadata_assay	https://ftp.ebi.ac.uk/pub/databases/metabolights/studies/public/MTBLS3540/a_MTBLS3540_LC-MS_negative_reverse-phase_metabolite_profiling.txt	raw/metabolomics/MetaboLights/MTBLS3540/a_MTBLS3540_LC-MS_negative_reverse-phase_metabolite_profiling.txt	EMBL-EBI Terms of Use	https://www.ebi.ac.uk/about/terms-of-use/	per_study_terms	conditional_until_reviewed	pending
MTBLS3540	a_MTBLS3540_LC-MS_positive_reverse-phase_metabolite_profiling.txt	metadata_assay	https://ftp.ebi.ac.uk/pub/databases/metabolights/studies/public/MTBLS3540/a_MTBLS3540_LC-MS_positive_reverse-phase_metabolite_profiling.txt	raw/metabolomics/MetaboLights/MTBLS3540/a_MTBLS3540_LC-MS_positive_reverse-phase_metabolite_profiling.txt	EMBL-EBI Terms of Use	https://www.ebi.ac.uk/about/terms-of-use/	per_study_terms	conditional_until_reviewed	pending
MTBLS3540	i_Investigation.txt	metadata_investigation	https://ftp.ebi.ac.uk/pub/databases/metabolights/studies/public/MTBLS3540/i_Investigation.txt	raw/metabolomics/MetaboLights/MTBLS3540/i_Investigation.txt	EMBL-EBI Terms of Use	https://www.ebi.ac.uk/about/terms-of-use/	per_study_terms	conditional_until_reviewed	pending
MTBLS3540	m_MTBLS3540_LC-MS_reverse-phase_metabolite_profiling_v2_maf.tsv	metadata_maf	https://ftp.ebi.ac.uk/pub/databases/metabolights/studies/public/MTBLS3540/m_MTBLS3540_LC-MS_reverse-phase_metabolite_profiling_v2_maf.tsv	raw/metabolomics/MetaboLights/MTBLS3540/m_MTBLS3540_LC-MS_reverse-phase_metabolite_profiling_v2_maf.tsv	EMBL-EBI Terms of Use	https://www.ebi.ac.uk/about/terms-of-use/	per_study_terms	conditional_until_reviewed	pending
MTBLS3540	s_MTBLS3540.txt	metadata_sample	https://ftp.ebi.ac.uk/pub/databases/metabolights/studies/public/MTBLS3540/s_MTBLS3540.txt	raw/metabolomics/MetaboLights/MTBLS3540/s_MTBLS3540.txt	EMBL-EBI Terms of Use	https://www.ebi.ac.uk/about/terms-of-use/	per_study_terms	conditional_until_reviewed	pending
MTBLS3555	a_MTBLS3555_LC-MS_positive_reverse-phase_metabolite_profiling-1.txt	metadata_assay	https://ftp.ebi.ac.uk/pub/databases/metabolights/studies/public/MTBLS3555/a_MTBLS3555_LC-MS_positive_reverse-phase_metabolite_profiling-1.txt	raw/metabolomics/MetaboLights/MTBLS3555/a_MTBLS3555_LC-MS_positive_reverse-phase_metabolite_profiling-1.txt	EMBL-EBI Terms of Use	https://www.ebi.ac.uk/about/terms-of-use/	per_study_terms	conditional_until_reviewed	pending
MTBLS3555	i_Investigation.txt	metadata_investigation	https://ftp.ebi.ac.uk/pub/databases/metabolights/studies/public/MTBLS3555/i_Investigation.txt	raw/metabolomics/MetaboLights/MTBLS3555/i_Investigation.txt	EMBL-EBI Terms of Use	https://www.ebi.ac.uk/about/terms-of-use/	per_study_terms	conditional_until_reviewed	pending
MTBLS3555	m_MTBLS3555_LC-MS_positive_reverse-phase_metabolite_profiling-1_v2_maf.tsv	metadata_maf	https://ftp.ebi.ac.uk/pub/databases/metabolights/studies/public/MTBLS3555/m_MTBLS3555_LC-MS_positive_reverse-phase_metabolite_profiling-1_v2_maf.tsv	raw/metabolomics/MetaboLights/MTBLS3555/m_MTBLS3555_LC-MS_positive_reverse-phase_metabolite_profiling-1_v2_maf.tsv	EMBL-EBI Terms of Use	https://www.ebi.ac.uk/about/terms-of-use/	per_study_terms	conditional_until_reviewed	pending
MTBLS3555	s_MTBLS3555.txt	metadata_sample	https://ftp.ebi.ac.uk/pub/databases/metabolights/studies/public/MTBLS3555/s_MTBLS3555.txt	raw/metabolomics/MetaboLights/MTBLS3555/s_MTBLS3555.txt	EMBL-EBI Terms of Use	https://www.ebi.ac.uk/about/terms-of-use/	per_study_terms	conditional_until_reviewed	pending
MTBLS373	a_MTBLS373_sevinaskascreen_metabolite_profiling_mass_spectrometry.txt	metadata_assay	https://ftp.ebi.ac.uk/pub/databases/metabolights/studies/public/MTBLS373/a_MTBLS373_sevinaskascreen_metabolite_profiling_mass_spectrometry.txt	raw/metabolomics/MetaboLights/MTBLS373/a_MTBLS373_sevinaskascreen_metabolite_profiling_mass_spectrometry.txt	EMBL-EBI Terms of Use	https://www.ebi.ac.uk/about/terms-of-use/	per_study_terms	conditional_until_reviewed	pending
MTBLS373	i_Investigation.txt	metadata_investigation	https://ftp.ebi.ac.uk/pub/databases/metabolights/studies/public/MTBLS373/i_Investigation.txt	raw/metabolomics/MetaboLights/MTBLS373/i_Investigation.txt	EMBL-EBI Terms of Use	https://www.ebi.ac.uk/about/terms-of-use/	per_study_terms	conditional_until_reviewed	pending
MTBLS373	s_MTBLS373.txt	metadata_sample	https://ftp.ebi.ac.uk/pub/databases/metabolights/studies/public/MTBLS373/s_MTBLS373.txt	raw/metabolomics/MetaboLights/MTBLS373/s_MTBLS373.txt	EMBL-EBI Terms of Use	https://www.ebi.ac.uk/about/terms-of-use/	per_study_terms	conditional_until_reviewed	pending
MTBLS3887	a_MTBLS3887_LC-MS__hilic_metabolite_profiling.txt	metadata_assay	https://ftp.ebi.ac.uk/pub/databases/metabolights/studies/public/MTBLS3887/a_MTBLS3887_LC-MS__hilic_metabolite_profiling.txt	raw/metabolomics/MetaboLights/MTBLS3887/a_MTBLS3887_LC-MS__hilic_metabolite_profiling.txt	EMBL-EBI Terms of Use	https://www.ebi.ac.uk/about/terms-of-use/	per_study_terms	conditional_until_reviewed	pending
MTBLS3887	i_Investigation.txt	metadata_investigation	https://ftp.ebi.ac.uk/pub/databases/metabolights/studies/public/MTBLS3887/i_Investigation.txt	raw/metabolomics/MetaboLights/MTBLS3887/i_Investigation.txt	EMBL-EBI Terms of Use	https://www.ebi.ac.uk/about/terms-of-use/	per_study_terms	conditional_until_reviewed	pending
MTBLS3887	m_MTBLS3887_LC-MS__hilic_metabolite_profiling_v2_maf.tsv	metadata_maf	https://ftp.ebi.ac.uk/pub/databases/metabolights/studies/public/MTBLS3887/m_MTBLS3887_LC-MS__hilic_metabolite_profiling_v2_maf.tsv	raw/metabolomics/MetaboLights/MTBLS3887/m_MTBLS3887_LC-MS__hilic_metabolite_profiling_v2_maf.tsv	EMBL-EBI Terms of Use	https://www.ebi.ac.uk/about/terms-of-use/	per_study_terms	conditional_until_reviewed	pending
MTBLS3887	s_MTBLS3887.txt	metadata_sample	https://ftp.ebi.ac.uk/pub/databases/metabolights/studies/public/MTBLS3887/s_MTBLS3887.txt	raw/metabolomics/MetaboLights/MTBLS3887/s_MTBLS3887.txt	EMBL-EBI Terms of Use	https://www.ebi.ac.uk/about/terms-of-use/	per_study_terms	conditional_until_reviewed	pending
MTBLS393	a_MTBLS393_metabolite_profiling_mass_spectrometry.txt	metadata_assay	https://ftp.ebi.ac.uk/pub/databases/metabolights/studies/public/MTBLS393/a_MTBLS393_metabolite_profiling_mass_spectrometry.txt	raw/metabolomics/MetaboLights/MTBLS393/a_MTBLS393_metabolite_profiling_mass_spectrometry.txt	EMBL-EBI Terms of Use	https://www.ebi.ac.uk/about/terms-of-use/	per_study_terms	conditional_until_reviewed	pending
MTBLS393	i_Investigation.txt	metadata_investigation	https://ftp.ebi.ac.uk/pub/databases/metabolights/studies/public/MTBLS393/i_Investigation.txt	raw/metabolomics/MetaboLights/MTBLS393/i_Investigation.txt	EMBL-EBI Terms of Use	https://www.ebi.ac.uk/about/terms-of-use/	per_study_terms	conditional_until_reviewed	pending
MTBLS393	m_MTBLS393_metabolite_profiling_mass_spectrometry_v2_maf.tsv	metadata_maf	https://ftp.ebi.ac.uk/pub/databases/metabolights/studies/public/MTBLS393/m_MTBLS393_metabolite_profiling_mass_spectrometry_v2_maf.tsv	raw/metabolomics/MetaboLights/MTBLS393/m_MTBLS393_metabolite_profiling_mass_spectrometry_v2_maf.tsv	EMBL-EBI Terms of Use	https://www.ebi.ac.uk/about/terms-of-use/	per_study_terms	conditional_until_reviewed	pending
MTBLS393	s_MTBLS393.txt	metadata_sample	https://ftp.ebi.ac.uk/pub/databases/metabolights/studies/public/MTBLS393/s_MTBLS393.txt	raw/metabolomics/MetaboLights/MTBLS393/s_MTBLS393.txt	EMBL-EBI Terms of Use	https://www.ebi.ac.uk/about/terms-of-use/	per_study_terms	conditional_until_reviewed	pending
MTBLS4066	a_MTBLS4066_GC-MS___metabolite_profiling.txt	metadata_assay	https://ftp.ebi.ac.uk/pub/databases/metabolights/studies/public/MTBLS4066/a_MTBLS4066_GC-MS___metabolite_profiling.txt	raw/metabolomics/MetaboLights/MTBLS4066/a_MTBLS4066_GC-MS___metabolite_profiling.txt	EMBL-EBI Terms of Use	https://www.ebi.ac.uk/about/terms-of-use/	per_study_terms	conditional_until_reviewed	pending
MTBLS4066	i_Investigation.txt	metadata_investigation	https://ftp.ebi.ac.uk/pub/databases/metabolights/studies/public/MTBLS4066/i_Investigation.txt	raw/metabolomics/MetaboLights/MTBLS4066/i_Investigation.txt	EMBL-EBI Terms of Use	https://www.ebi.ac.uk/about/terms-of-use/	per_study_terms	conditional_until_reviewed	pending
MTBLS4066	m_MTBLS4066_GC-MS___metabolite_profiling_v2_maf.tsv	metadata_maf	https://ftp.ebi.ac.uk/pub/databases/metabolights/studies/public/MTBLS4066/m_MTBLS4066_GC-MS___metabolite_profiling_v2_maf.tsv	raw/metabolomics/MetaboLights/MTBLS4066/m_MTBLS4066_GC-MS___metabolite_profiling_v2_maf.tsv	EMBL-EBI Terms of Use	https://www.ebi.ac.uk/about/terms-of-use/	per_study_terms	conditional_until_reviewed	pending
MTBLS4066	s_MTBLS4066.txt	metadata_sample	https://ftp.ebi.ac.uk/pub/databases/metabolights/studies/public/MTBLS4066/s_MTBLS4066.txt	raw/metabolomics/MetaboLights/MTBLS4066/s_MTBLS4066.txt	EMBL-EBI Terms of Use	https://www.ebi.ac.uk/about/terms-of-use/	per_study_terms	conditional_until_reviewed	pending
MTBLS4249	a_MTBLS4249_LC-MS_acidic_metabolite_profiling.txt	metadata_assay	https://ftp.ebi.ac.uk/pub/databases/metabolights/studies/public/MTBLS4249/a_MTBLS4249_LC-MS_acidic_metabolite_profiling.txt	raw/metabolomics/MetaboLights/MTBLS4249/a_MTBLS4249_LC-MS_acidic_metabolite_profiling.txt	EMBL-EBI Terms of Use	https://www.ebi.ac.uk/about/terms-of-use/	per_study_terms	conditional_until_reviewed	pending
MTBLS4249	a_MTBLS4249_LC-MS_basic_metabolite_profiling.txt	metadata_assay	https://ftp.ebi.ac.uk/pub/databases/metabolights/studies/public/MTBLS4249/a_MTBLS4249_LC-MS_basic_metabolite_profiling.txt	raw/metabolomics/MetaboLights/MTBLS4249/a_MTBLS4249_LC-MS_basic_metabolite_profiling.txt	EMBL-EBI Terms of Use	https://www.ebi.ac.uk/about/terms-of-use/	per_study_terms	conditional_until_reviewed	pending
MTBLS4249	i_Investigation.txt	metadata_investigation	https://ftp.ebi.ac.uk/pub/databases/metabolights/studies/public/MTBLS4249/i_Investigation.txt	raw/metabolomics/MetaboLights/MTBLS4249/i_Investigation.txt	EMBL-EBI Terms of Use	https://www.ebi.ac.uk/about/terms-of-use/	per_study_terms	conditional_until_reviewed	pending
MTBLS4249	m_MTBLS4249_LC-MS_acidic_metabolite_profiling_v2_maf.tsv	metadata_maf	https://ftp.ebi.ac.uk/pub/databases/metabolights/studies/public/MTBLS4249/m_MTBLS4249_LC-MS_acidic_metabolite_profiling_v2_maf.tsv	raw/metabolomics/MetaboLights/MTBLS4249/m_MTBLS4249_LC-MS_acidic_metabolite_profiling_v2_maf.tsv	EMBL-EBI Terms of Use	https://www.ebi.ac.uk/about/terms-of-use/	per_study_terms	conditional_until_reviewed	pending
MTBLS4249	m_MTBLS4249_LC-MS_basic_metabolite_profiling_v2_maf.tsv	metadata_maf	https://ftp.ebi.ac.uk/pub/databases/metabolights/studies/public/MTBLS4249/m_MTBLS4249_LC-MS_basic_metabolite_profiling_v2_maf.tsv	raw/metabolomics/MetaboLights/MTBLS4249/m_MTBLS4249_LC-MS_basic_metabolite_profiling_v2_maf.tsv	EMBL-EBI Terms of Use	https://www.ebi.ac.uk/about/terms-of-use/	per_study_terms	conditional_until_reviewed	pending
MTBLS4249	s_MTBLS4249.txt	metadata_sample	https://ftp.ebi.ac.uk/pub/databases/metabolights/studies/public/MTBLS4249/s_MTBLS4249.txt	raw/metabolomics/MetaboLights/MTBLS4249/s_MTBLS4249.txt	EMBL-EBI Terms of Use	https://www.ebi.ac.uk/about/terms-of-use/	per_study_terms	conditional_until_reviewed	pending
MTBLS4276	a_MTBLS4276_LC-MS_negative_hilic_metabolite_profiling.txt	metadata_assay	https://ftp.ebi.ac.uk/pub/databases/metabolights/studies/public/MTBLS4276/a_MTBLS4276_LC-MS_negative_hilic_metabolite_profiling.txt	raw/metabolomics/MetaboLights/MTBLS4276/a_MTBLS4276_LC-MS_negative_hilic_metabolite_profiling.txt	EMBL-EBI Terms of Use	https://www.ebi.ac.uk/about/terms-of-use/	per_study_terms	conditional_until_reviewed	pending
MTBLS4276	a_MTBLS4276_LC-MS_positive_hilic_metabolite_profiling.txt	metadata_assay	https://ftp.ebi.ac.uk/pub/databases/metabolights/studies/public/MTBLS4276/a_MTBLS4276_LC-MS_positive_hilic_metabolite_profiling.txt	raw/metabolomics/MetaboLights/MTBLS4276/a_MTBLS4276_LC-MS_positive_hilic_metabolite_profiling.txt	EMBL-EBI Terms of Use	https://www.ebi.ac.uk/about/terms-of-use/	per_study_terms	conditional_until_reviewed	pending
MTBLS4276	i_Investigation.txt	metadata_investigation	https://ftp.ebi.ac.uk/pub/databases/metabolights/studies/public/MTBLS4276/i_Investigation.txt	raw/metabolomics/MetaboLights/MTBLS4276/i_Investigation.txt	EMBL-EBI Terms of Use	https://www.ebi.ac.uk/about/terms-of-use/	per_study_terms	conditional_until_reviewed	pending
MTBLS4276	m_MTBLS4276_LC-MS_negative_hilic_metabolite_profiling_v2_maf.tsv	metadata_maf	https://ftp.ebi.ac.uk/pub/databases/metabolights/studies/public/MTBLS4276/m_MTBLS4276_LC-MS_negative_hilic_metabolite_profiling_v2_maf.tsv	raw/metabolomics/MetaboLights/MTBLS4276/m_MTBLS4276_LC-MS_negative_hilic_metabolite_profiling_v2_maf.tsv	EMBL-EBI Terms of Use	https://www.ebi.ac.uk/about/terms-of-use/	per_study_terms	conditional_until_reviewed	pending
MTBLS4276	m_MTBLS4276_LC-MS_positive_hilic_metabolite_profiling_v2_maf.tsv	metadata_maf	https://ftp.ebi.ac.uk/pub/databases/metabolights/studies/public/MTBLS4276/m_MTBLS4276_LC-MS_positive_hilic_metabolite_profiling_v2_maf.tsv	raw/metabolomics/MetaboLights/MTBLS4276/m_MTBLS4276_LC-MS_positive_hilic_metabolite_profiling_v2_maf.tsv	EMBL-EBI Terms of Use	https://www.ebi.ac.uk/about/terms-of-use/	per_study_terms	conditional_until_reviewed	pending
MTBLS4276	s_MTBLS4276.txt	metadata_sample	https://ftp.ebi.ac.uk/pub/databases/metabolights/studies/public/MTBLS4276/s_MTBLS4276.txt	raw/metabolomics/MetaboLights/MTBLS4276/s_MTBLS4276.txt	EMBL-EBI Terms of Use	https://www.ebi.ac.uk/about/terms-of-use/	per_study_terms	conditional_until_reviewed	pending
MTBLS4415	a_MTBLS4415_LC-MS_negative_hilic_metabolite_profiling.txt	metadata_assay	https://ftp.ebi.ac.uk/pub/databases/metabolights/studies/public/MTBLS4415/a_MTBLS4415_LC-MS_negative_hilic_metabolite_profiling.txt	raw/metabolomics/MetaboLights/MTBLS4415/a_MTBLS4415_LC-MS_negative_hilic_metabolite_profiling.txt	EMBL-EBI Terms of Use	https://www.ebi.ac.uk/about/terms-of-use/	per_study_terms	conditional_until_reviewed	pending
MTBLS4415	a_MTBLS4415_LC-MS_positive_hilic_metabolite_profiling.txt	metadata_assay	https://ftp.ebi.ac.uk/pub/databases/metabolights/studies/public/MTBLS4415/a_MTBLS4415_LC-MS_positive_hilic_metabolite_profiling.txt	raw/metabolomics/MetaboLights/MTBLS4415/a_MTBLS4415_LC-MS_positive_hilic_metabolite_profiling.txt	EMBL-EBI Terms of Use	https://www.ebi.ac.uk/about/terms-of-use/	per_study_terms	conditional_until_reviewed	pending
MTBLS4415	i_Investigation.txt	metadata_investigation	https://ftp.ebi.ac.uk/pub/databases/metabolights/studies/public/MTBLS4415/i_Investigation.txt	raw/metabolomics/MetaboLights/MTBLS4415/i_Investigation.txt	EMBL-EBI Terms of Use	https://www.ebi.ac.uk/about/terms-of-use/	per_study_terms	conditional_until_reviewed	pending
MTBLS4415	m_MTBLS4415_LC-MS_hilic_metabolite_profiling_v2_maf.tsv	metadata_maf	https://ftp.ebi.ac.uk/pub/databases/metabolights/studies/public/MTBLS4415/m_MTBLS4415_LC-MS_hilic_metabolite_profiling_v2_maf.tsv	raw/metabolomics/MetaboLights/MTBLS4415/m_MTBLS4415_LC-MS_hilic_metabolite_profiling_v2_maf.tsv	EMBL-EBI Terms of Use	https://www.ebi.ac.uk/about/terms-of-use/	per_study_terms	conditional_until_reviewed	pending
MTBLS4415	s_MTBLS4415.txt	metadata_sample	https://ftp.ebi.ac.uk/pub/databases/metabolights/studies/public/MTBLS4415/s_MTBLS4415.txt	raw/metabolomics/MetaboLights/MTBLS4415/s_MTBLS4415.txt	EMBL-EBI Terms of Use	https://www.ebi.ac.uk/about/terms-of-use/	per_study_terms	conditional_until_reviewed	pending
MTBLS4495	a_MTBLS4495_LC-MS_alternating_hilic_metabolite_profiling.txt	metadata_assay	https://ftp.ebi.ac.uk/pub/databases/metabolights/studies/public/MTBLS4495/a_MTBLS4495_LC-MS_alternating_hilic_metabolite_profiling.txt	raw/metabolomics/MetaboLights/MTBLS4495/a_MTBLS4495_LC-MS_alternating_hilic_metabolite_profiling.txt	EMBL-EBI Terms of Use	https://www.ebi.ac.uk/about/terms-of-use/	per_study_terms	conditional_until_reviewed	pending
MTBLS4495	i_Investigation.txt	metadata_investigation	https://ftp.ebi.ac.uk/pub/databases/metabolights/studies/public/MTBLS4495/i_Investigation.txt	raw/metabolomics/MetaboLights/MTBLS4495/i_Investigation.txt	EMBL-EBI Terms of Use	https://www.ebi.ac.uk/about/terms-of-use/	per_study_terms	conditional_until_reviewed	pending
MTBLS4495	m_MTBLS4495_LC-MS_alternating_hilic_metabolite_profiling_v2_maf.tsv	metadata_maf	https://ftp.ebi.ac.uk/pub/databases/metabolights/studies/public/MTBLS4495/m_MTBLS4495_LC-MS_alternating_hilic_metabolite_profiling_v2_maf.tsv	raw/metabolomics/MetaboLights/MTBLS4495/m_MTBLS4495_LC-MS_alternating_hilic_metabolite_profiling_v2_maf.tsv	EMBL-EBI Terms of Use	https://www.ebi.ac.uk/about/terms-of-use/	per_study_terms	conditional_until_reviewed	pending
MTBLS4495	s_MTBLS4495.txt	metadata_sample	https://ftp.ebi.ac.uk/pub/databases/metabolights/studies/public/MTBLS4495/s_MTBLS4495.txt	raw/metabolomics/MetaboLights/MTBLS4495/s_MTBLS4495.txt	EMBL-EBI Terms of Use	https://www.ebi.ac.uk/about/terms-of-use/	per_study_terms	conditional_until_reviewed	pending
MTBLS454	a_MTBLS454_isonitrile_lipopeptides_metabolite_profiling_mass_spectrometry.txt	metadata_assay	https://ftp.ebi.ac.uk/pub/databases/metabolights/studies/public/MTBLS454/a_MTBLS454_isonitrile_lipopeptides_metabolite_profiling_mass_spectrometry.txt	raw/metabolomics/MetaboLights/MTBLS454/a_MTBLS454_isonitrile_lipopeptides_metabolite_profiling_mass_spectrometry.txt	EMBL-EBI Terms of Use	https://www.ebi.ac.uk/about/terms-of-use/	per_study_terms	conditional_until_reviewed	pending
MTBLS454	i_Investigation.txt	metadata_investigation	https://ftp.ebi.ac.uk/pub/databases/metabolights/studies/public/MTBLS454/i_Investigation.txt	raw/metabolomics/MetaboLights/MTBLS454/i_Investigation.txt	EMBL-EBI Terms of Use	https://www.ebi.ac.uk/about/terms-of-use/	per_study_terms	conditional_until_reviewed	pending
MTBLS454	m_MTBLS454_isonitrile_lipopeptides_metabolite_profiling_mass_spectrometry_v2_maf.tsv	metadata_maf	https://ftp.ebi.ac.uk/pub/databases/metabolights/studies/public/MTBLS454/m_MTBLS454_isonitrile_lipopeptides_metabolite_profiling_mass_spectrometry_v2_maf.tsv	raw/metabolomics/MetaboLights/MTBLS454/m_MTBLS454_isonitrile_lipopeptides_metabolite_profiling_mass_spectrometry_v2_maf.tsv	EMBL-EBI Terms of Use	https://www.ebi.ac.uk/about/terms-of-use/	per_study_terms	conditional_until_reviewed	pending
MTBLS454	s_MTBLS454.txt	metadata_sample	https://ftp.ebi.ac.uk/pub/databases/metabolights/studies/public/MTBLS454/s_MTBLS454.txt	raw/metabolomics/MetaboLights/MTBLS454/s_MTBLS454.txt	EMBL-EBI Terms of Use	https://www.ebi.ac.uk/about/terms-of-use/	per_study_terms	conditional_until_reviewed	pending
MTBLS461	a_MTBLS461_dilexp_NEG_mass_spectrometry.txt	metadata_assay	https://ftp.ebi.ac.uk/pub/databases/metabolights/studies/public/MTBLS461/a_MTBLS461_dilexp_NEG_mass_spectrometry.txt	raw/metabolomics/MetaboLights/MTBLS461/a_MTBLS461_dilexp_NEG_mass_spectrometry.txt	EMBL-EBI Terms of Use	https://www.ebi.ac.uk/about/terms-of-use/	per_study_terms	conditional_until_reviewed	pending
MTBLS461	a_MTBLS461_dilexp_TAR_mass_spectrometry.txt	metadata_assay	https://ftp.ebi.ac.uk/pub/databases/metabolights/studies/public/MTBLS461/a_MTBLS461_dilexp_TAR_mass_spectrometry.txt	raw/metabolomics/MetaboLights/MTBLS461/a_MTBLS461_dilexp_TAR_mass_spectrometry.txt	EMBL-EBI Terms of Use	https://www.ebi.ac.uk/about/terms-of-use/	per_study_terms	conditional_until_reviewed	pending
MTBLS461	i_Investigation.txt	metadata_investigation	https://ftp.ebi.ac.uk/pub/databases/metabolights/studies/public/MTBLS461/i_Investigation.txt	raw/metabolomics/MetaboLights/MTBLS461/i_Investigation.txt	EMBL-EBI Terms of Use	https://www.ebi.ac.uk/about/terms-of-use/	per_study_terms	conditional_until_reviewed	pending
MTBLS461	m_MTBLS461_dilexp_NEG_mass_spectrometry_v2_maf.tsv	metadata_maf	https://ftp.ebi.ac.uk/pub/databases/metabolights/studies/public/MTBLS461/m_MTBLS461_dilexp_NEG_mass_spectrometry_v2_maf.tsv	raw/metabolomics/MetaboLights/MTBLS461/m_MTBLS461_dilexp_NEG_mass_spectrometry_v2_maf.tsv	EMBL-EBI Terms of Use	https://www.ebi.ac.uk/about/terms-of-use/	per_study_terms	conditional_until_reviewed	pending
MTBLS461	m_MTBLS461_dilexp_TAR_mass_spectrometry_v2_maf.tsv	metadata_maf	https://ftp.ebi.ac.uk/pub/databases/metabolights/studies/public/MTBLS461/m_MTBLS461_dilexp_TAR_mass_spectrometry_v2_maf.tsv	raw/metabolomics/MetaboLights/MTBLS461/m_MTBLS461_dilexp_TAR_mass_spectrometry_v2_maf.tsv	EMBL-EBI Terms of Use	https://www.ebi.ac.uk/about/terms-of-use/	per_study_terms	conditional_until_reviewed	pending
MTBLS461	s_MTBLS461.txt	metadata_sample	https://ftp.ebi.ac.uk/pub/databases/metabolights/studies/public/MTBLS461/s_MTBLS461.txt	raw/metabolomics/MetaboLights/MTBLS461/s_MTBLS461.txt	EMBL-EBI Terms of Use	https://www.ebi.ac.uk/about/terms-of-use/	per_study_terms	conditional_until_reviewed	pending
MTBLS464	a_MTBLS464_8xCAZ_mass_spectrometry.txt	metadata_assay	https://ftp.ebi.ac.uk/pub/databases/metabolights/studies/public/MTBLS464/a_MTBLS464_8xCAZ_mass_spectrometry.txt	raw/metabolomics/MetaboLights/MTBLS464/a_MTBLS464_8xCAZ_mass_spectrometry.txt	EMBL-EBI Terms of Use	https://www.ebi.ac.uk/about/terms-of-use/	per_study_terms	conditional_until_reviewed	pending
MTBLS464	a_MTBLS464_AZ1_CAZ_mass_spectrometry.txt	metadata_assay	https://ftp.ebi.ac.uk/pub/databases/metabolights/studies/public/MTBLS464/a_MTBLS464_AZ1_CAZ_mass_spectrometry.txt	raw/metabolomics/MetaboLights/MTBLS464/a_MTBLS464_AZ1_CAZ_mass_spectrometry.txt	EMBL-EBI Terms of Use	https://www.ebi.ac.uk/about/terms-of-use/	per_study_terms	conditional_until_reviewed	pending
MTBLS464	a_MTBLS464_AZ245_mass_spectrometry.txt	metadata_assay	https://ftp.ebi.ac.uk/pub/databases/metabolights/studies/public/MTBLS464/a_MTBLS464_AZ245_mass_spectrometry.txt	raw/metabolomics/MetaboLights/MTBLS464/a_MTBLS464_AZ245_mass_spectrometry.txt	EMBL-EBI Terms of Use	https://www.ebi.ac.uk/about/terms-of-use/	per_study_terms	conditional_until_reviewed	pending
MTBLS464	a_MTBLS464_AZ24HILIC_mass_spectrometry.txt	metadata_assay	https://ftp.ebi.ac.uk/pub/databases/metabolights/studies/public/MTBLS464/a_MTBLS464_AZ24HILIC_mass_spectrometry.txt	raw/metabolomics/MetaboLights/MTBLS464/a_MTBLS464_AZ24HILIC_mass_spectrometry.txt	EMBL-EBI Terms of Use	https://www.ebi.ac.uk/about/terms-of-use/	per_study_terms	conditional_until_reviewed	pending
MTBLS464	a_MTBLS464_AZ2short_mass_spectrometry.txt	metadata_assay	https://ftp.ebi.ac.uk/pub/databases/metabolights/studies/public/MTBLS464/a_MTBLS464_AZ2short_mass_spectrometry.txt	raw/metabolomics/MetaboLights/MTBLS464/a_MTBLS464_AZ2short_mass_spectrometry.txt	EMBL-EBI Terms of Use	https://www.ebi.ac.uk/about/terms-of-use/	per_study_terms	conditional_until_reviewed	pending
MTBLS464	a_MTBLS464_AZ367_mass_spectrometry.txt	metadata_assay	https://ftp.ebi.ac.uk/pub/databases/metabolights/studies/public/MTBLS464/a_MTBLS464_AZ367_mass_spectrometry.txt	raw/metabolomics/MetaboLights/MTBLS464/a_MTBLS464_AZ367_mass_spectrometry.txt	EMBL-EBI Terms of Use	https://www.ebi.ac.uk/about/terms-of-use/	per_study_terms	conditional_until_reviewed	pending
MTBLS464	a_MTBLS464_AZ5lipids_mass_spectrometry.txt	metadata_assay	https://ftp.ebi.ac.uk/pub/databases/metabolights/studies/public/MTBLS464/a_MTBLS464_AZ5lipids_mass_spectrometry.txt	raw/metabolomics/MetaboLights/MTBLS464/a_MTBLS464_AZ5lipids_mass_spectrometry.txt	EMBL-EBI Terms of Use	https://www.ebi.ac.uk/about/terms-of-use/	per_study_terms	conditional_until_reviewed	pending
MTBLS464	i_Investigation.txt	metadata_investigation	https://ftp.ebi.ac.uk/pub/databases/metabolights/studies/public/MTBLS464/i_Investigation.txt	raw/metabolomics/MetaboLights/MTBLS464/i_Investigation.txt	EMBL-EBI Terms of Use	https://www.ebi.ac.uk/about/terms-of-use/	per_study_terms	conditional_until_reviewed	pending
MTBLS464	m_MTBLS464_8xCAZ_mass_spectrometry_v2_maf.tsv	metadata_maf	https://ftp.ebi.ac.uk/pub/databases/metabolights/studies/public/MTBLS464/m_MTBLS464_8xCAZ_mass_spectrometry_v2_maf.tsv	raw/metabolomics/MetaboLights/MTBLS464/m_MTBLS464_8xCAZ_mass_spectrometry_v2_maf.tsv	EMBL-EBI Terms of Use	https://www.ebi.ac.uk/about/terms-of-use/	per_study_terms	conditional_until_reviewed	pending
MTBLS464	m_MTBLS464_AZ1_CAZ_mass_spectrometry_v2_maf.tsv	metadata_maf	https://ftp.ebi.ac.uk/pub/databases/metabolights/studies/public/MTBLS464/m_MTBLS464_AZ1_CAZ_mass_spectrometry_v2_maf.tsv	raw/metabolomics/MetaboLights/MTBLS464/m_MTBLS464_AZ1_CAZ_mass_spectrometry_v2_maf.tsv	EMBL-EBI Terms of Use	https://www.ebi.ac.uk/about/terms-of-use/	per_study_terms	conditional_until_reviewed	pending
MTBLS464	m_MTBLS464_AZ245_mass_spectrometry_v2_maf.tsv	metadata_maf	https://ftp.ebi.ac.uk/pub/databases/metabolights/studies/public/MTBLS464/m_MTBLS464_AZ245_mass_spectrometry_v2_maf.tsv	raw/metabolomics/MetaboLights/MTBLS464/m_MTBLS464_AZ245_mass_spectrometry_v2_maf.tsv	EMBL-EBI Terms of Use	https://www.ebi.ac.uk/about/terms-of-use/	per_study_terms	conditional_until_reviewed	pending
MTBLS464	m_MTBLS464_AZ2short_mass_spectrometry_v2_maf.tsv	metadata_maf	https://ftp.ebi.ac.uk/pub/databases/metabolights/studies/public/MTBLS464/m_MTBLS464_AZ2short_mass_spectrometry_v2_maf.tsv	raw/metabolomics/MetaboLights/MTBLS464/m_MTBLS464_AZ2short_mass_spectrometry_v2_maf.tsv	EMBL-EBI Terms of Use	https://www.ebi.ac.uk/about/terms-of-use/	per_study_terms	conditional_until_reviewed	pending
MTBLS464	m_MTBLS464_AZ367_mass_spectrometry_v2_maf.tsv	metadata_maf	https://ftp.ebi.ac.uk/pub/databases/metabolights/studies/public/MTBLS464/m_MTBLS464_AZ367_mass_spectrometry_v2_maf.tsv	raw/metabolomics/MetaboLights/MTBLS464/m_MTBLS464_AZ367_mass_spectrometry_v2_maf.tsv	EMBL-EBI Terms of Use	https://www.ebi.ac.uk/about/terms-of-use/	per_study_terms	conditional_until_reviewed	pending
MTBLS464	s_MTBLS464.txt	metadata_sample	https://ftp.ebi.ac.uk/pub/databases/metabolights/studies/public/MTBLS464/s_MTBLS464.txt	raw/metabolomics/MetaboLights/MTBLS464/s_MTBLS464.txt	EMBL-EBI Terms of Use	https://www.ebi.ac.uk/about/terms-of-use/	per_study_terms	conditional_until_reviewed	pending
MTBLS497	a_MTBLS497_metabolite_profiling_mass_spectrometry.txt	metadata_assay	https://ftp.ebi.ac.uk/pub/databases/metabolights/studies/public/MTBLS497/a_MTBLS497_metabolite_profiling_mass_spectrometry.txt	raw/metabolomics/MetaboLights/MTBLS497/a_MTBLS497_metabolite_profiling_mass_spectrometry.txt	EMBL-EBI Terms of Use	https://www.ebi.ac.uk/about/terms-of-use/	per_study_terms	conditional_until_reviewed	pending
MTBLS497	i_Investigation.txt	metadata_investigation	https://ftp.ebi.ac.uk/pub/databases/metabolights/studies/public/MTBLS497/i_Investigation.txt	raw/metabolomics/MetaboLights/MTBLS497/i_Investigation.txt	EMBL-EBI Terms of Use	https://www.ebi.ac.uk/about/terms-of-use/	per_study_terms	conditional_until_reviewed	pending
MTBLS497	m_MTBLS497_metabolite_profiling_mass_spectrometry_v2_maf.tsv	metadata_maf	https://ftp.ebi.ac.uk/pub/databases/metabolights/studies/public/MTBLS497/m_MTBLS497_metabolite_profiling_mass_spectrometry_v2_maf.tsv	raw/metabolomics/MetaboLights/MTBLS497/m_MTBLS497_metabolite_profiling_mass_spectrometry_v2_maf.tsv	EMBL-EBI Terms of Use	https://www.ebi.ac.uk/about/terms-of-use/	per_study_terms	conditional_until_reviewed	pending
MTBLS497	s_MTBLS497.txt	metadata_sample	https://ftp.ebi.ac.uk/pub/databases/metabolights/studies/public/MTBLS497/s_MTBLS497.txt	raw/metabolomics/MetaboLights/MTBLS497/s_MTBLS497.txt	EMBL-EBI Terms of Use	https://www.ebi.ac.uk/about/terms-of-use/	per_study_terms	conditional_until_reviewed	pending
MTBLS5072	a_MTBLS5072_LC-MS_AF_POS.txt	metadata_assay	https://ftp.ebi.ac.uk/pub/databases/metabolights/studies/public/MTBLS5072/a_MTBLS5072_LC-MS_AF_POS.txt	raw/metabolomics/MetaboLights/MTBLS5072/a_MTBLS5072_LC-MS_AF_POS.txt	EMBL-EBI Terms of Use	https://www.ebi.ac.uk/about/terms-of-use/	per_study_terms	conditional_until_reviewed	pending
MTBLS5072	a_MTBLS5072_LC-MS_NC_POS.txt	metadata_assay	https://ftp.ebi.ac.uk/pub/databases/metabolights/studies/public/MTBLS5072/a_MTBLS5072_LC-MS_NC_POS.txt	raw/metabolomics/MetaboLights/MTBLS5072/a_MTBLS5072_LC-MS_NC_POS.txt	EMBL-EBI Terms of Use	https://www.ebi.ac.uk/about/terms-of-use/	per_study_terms	conditional_until_reviewed	pending
MTBLS5072	i_Investigation.txt	metadata_investigation	https://ftp.ebi.ac.uk/pub/databases/metabolights/studies/public/MTBLS5072/i_Investigation.txt	raw/metabolomics/MetaboLights/MTBLS5072/i_Investigation.txt	EMBL-EBI Terms of Use	https://www.ebi.ac.uk/about/terms-of-use/	per_study_terms	conditional_until_reviewed	pending
MTBLS5072	m_MTBLS5072_LC-MS_AF_POS_v2_maf.tsv	metadata_maf	https://ftp.ebi.ac.uk/pub/databases/metabolights/studies/public/MTBLS5072/m_MTBLS5072_LC-MS_AF_POS_v2_maf.tsv	raw/metabolomics/MetaboLights/MTBLS5072/m_MTBLS5072_LC-MS_AF_POS_v2_maf.tsv	EMBL-EBI Terms of Use	https://www.ebi.ac.uk/about/terms-of-use/	per_study_terms	conditional_until_reviewed	pending
MTBLS5072	m_MTBLS5072_LC-MS_NC_POS_v2_maf.tsv	metadata_maf	https://ftp.ebi.ac.uk/pub/databases/metabolights/studies/public/MTBLS5072/m_MTBLS5072_LC-MS_NC_POS_v2_maf.tsv	raw/metabolomics/MetaboLights/MTBLS5072/m_MTBLS5072_LC-MS_NC_POS_v2_maf.tsv	EMBL-EBI Terms of Use	https://www.ebi.ac.uk/about/terms-of-use/	per_study_terms	conditional_until_reviewed	pending
MTBLS5072	s_MTBLS5072.txt	metadata_sample	https://ftp.ebi.ac.uk/pub/databases/metabolights/studies/public/MTBLS5072/s_MTBLS5072.txt	raw/metabolomics/MetaboLights/MTBLS5072/s_MTBLS5072.txt	EMBL-EBI Terms of Use	https://www.ebi.ac.uk/about/terms-of-use/	per_study_terms	conditional_until_reviewed	pending
MTBLS5196	a_MTBLS5196_FIA-MS_NEG_metabolite_profiling.txt	metadata_assay	https://ftp.ebi.ac.uk/pub/databases/metabolights/studies/public/MTBLS5196/a_MTBLS5196_FIA-MS_NEG_metabolite_profiling.txt	raw/metabolomics/MetaboLights/MTBLS5196/a_MTBLS5196_FIA-MS_NEG_metabolite_profiling.txt	EMBL-EBI Terms of Use	https://www.ebi.ac.uk/about/terms-of-use/	per_study_terms	conditional_until_reviewed	pending
MTBLS5196	a_MTBLS5196_FIA-MS_POS_metabolite_profiling.txt	metadata_assay	https://ftp.ebi.ac.uk/pub/databases/metabolights/studies/public/MTBLS5196/a_MTBLS5196_FIA-MS_POS_metabolite_profiling.txt	raw/metabolomics/MetaboLights/MTBLS5196/a_MTBLS5196_FIA-MS_POS_metabolite_profiling.txt	EMBL-EBI Terms of Use	https://www.ebi.ac.uk/about/terms-of-use/	per_study_terms	conditional_until_reviewed	pending
MTBLS5196	a_MTBLS5196_LC-MS_acidic_metabolite_profiling.txt	metadata_assay	https://ftp.ebi.ac.uk/pub/databases/metabolights/studies/public/MTBLS5196/a_MTBLS5196_LC-MS_acidic_metabolite_profiling.txt	raw/metabolomics/MetaboLights/MTBLS5196/a_MTBLS5196_LC-MS_acidic_metabolite_profiling.txt	EMBL-EBI Terms of Use	https://www.ebi.ac.uk/about/terms-of-use/	per_study_terms	conditional_until_reviewed	pending
MTBLS5196	a_MTBLS5196_LC-MS_basic_metabolite_profiling.txt	metadata_assay	https://ftp.ebi.ac.uk/pub/databases/metabolights/studies/public/MTBLS5196/a_MTBLS5196_LC-MS_basic_metabolite_profiling.txt	raw/metabolomics/MetaboLights/MTBLS5196/a_MTBLS5196_LC-MS_basic_metabolite_profiling.txt	EMBL-EBI Terms of Use	https://www.ebi.ac.uk/about/terms-of-use/	per_study_terms	conditional_until_reviewed	pending
MTBLS5196	i_Investigation.txt	metadata_investigation	https://ftp.ebi.ac.uk/pub/databases/metabolights/studies/public/MTBLS5196/i_Investigation.txt	raw/metabolomics/MetaboLights/MTBLS5196/i_Investigation.txt	EMBL-EBI Terms of Use	https://www.ebi.ac.uk/about/terms-of-use/	per_study_terms	conditional_until_reviewed	pending
MTBLS5196	m_MTBLS5196_FIA-MS_NEG_metabolite_profiling_v2_maf.tsv	metadata_maf	https://ftp.ebi.ac.uk/pub/databases/metabolights/studies/public/MTBLS5196/m_MTBLS5196_FIA-MS_NEG_metabolite_profiling_v2_maf.tsv	raw/metabolomics/MetaboLights/MTBLS5196/m_MTBLS5196_FIA-MS_NEG_metabolite_profiling_v2_maf.tsv	EMBL-EBI Terms of Use	https://www.ebi.ac.uk/about/terms-of-use/	per_study_terms	conditional_until_reviewed	pending
MTBLS5196	m_MTBLS5196_FIA-MS_POS_metabolite_profiling_v2_maf.tsv	metadata_maf	https://ftp.ebi.ac.uk/pub/databases/metabolights/studies/public/MTBLS5196/m_MTBLS5196_FIA-MS_POS_metabolite_profiling_v2_maf.tsv	raw/metabolomics/MetaboLights/MTBLS5196/m_MTBLS5196_FIA-MS_POS_metabolite_profiling_v2_maf.tsv	EMBL-EBI Terms of Use	https://www.ebi.ac.uk/about/terms-of-use/	per_study_terms	conditional_until_reviewed	pending
MTBLS5196	m_MTBLS5196_LC-MS_metabolite_profiling_v2_maf.tsv	metadata_maf	https://ftp.ebi.ac.uk/pub/databases/metabolights/studies/public/MTBLS5196/m_MTBLS5196_LC-MS_metabolite_profiling_v2_maf.tsv	raw/metabolomics/MetaboLights/MTBLS5196/m_MTBLS5196_LC-MS_metabolite_profiling_v2_maf.tsv	EMBL-EBI Terms of Use	https://www.ebi.ac.uk/about/terms-of-use/	per_study_terms	conditional_until_reviewed	pending
MTBLS5196	s_MTBLS5196.txt	metadata_sample	https://ftp.ebi.ac.uk/pub/databases/metabolights/studies/public/MTBLS5196/s_MTBLS5196.txt	raw/metabolomics/MetaboLights/MTBLS5196/s_MTBLS5196.txt	EMBL-EBI Terms of Use	https://www.ebi.ac.uk/about/terms-of-use/	per_study_terms	conditional_until_reviewed	pending
MTBLS5197	a_MTBLS5197_FIA-MS_alternating_metabolite_profiling.txt	metadata_assay	https://ftp.ebi.ac.uk/pub/databases/metabolights/studies/public/MTBLS5197/a_MTBLS5197_FIA-MS_alternating_metabolite_profiling.txt	raw/metabolomics/MetaboLights/MTBLS5197/a_MTBLS5197_FIA-MS_alternating_metabolite_profiling.txt	EMBL-EBI Terms of Use	https://www.ebi.ac.uk/about/terms-of-use/	per_study_terms	conditional_until_reviewed	pending
MTBLS5197	i_Investigation.txt	metadata_investigation	https://ftp.ebi.ac.uk/pub/databases/metabolights/studies/public/MTBLS5197/i_Investigation.txt	raw/metabolomics/MetaboLights/MTBLS5197/i_Investigation.txt	EMBL-EBI Terms of Use	https://www.ebi.ac.uk/about/terms-of-use/	per_study_terms	conditional_until_reviewed	pending
MTBLS5197	m_MTBLS5197_FIA-MS_alternating_metabolite_profiling_v2_maf.tsv	metadata_maf	https://ftp.ebi.ac.uk/pub/databases/metabolights/studies/public/MTBLS5197/m_MTBLS5197_FIA-MS_alternating_metabolite_profiling_v2_maf.tsv	raw/metabolomics/MetaboLights/MTBLS5197/m_MTBLS5197_FIA-MS_alternating_metabolite_profiling_v2_maf.tsv	EMBL-EBI Terms of Use	https://www.ebi.ac.uk/about/terms-of-use/	per_study_terms	conditional_until_reviewed	pending
MTBLS5197	s_MTBLS5197.txt	metadata_sample	https://ftp.ebi.ac.uk/pub/databases/metabolights/studies/public/MTBLS5197/s_MTBLS5197.txt	raw/metabolomics/MetaboLights/MTBLS5197/s_MTBLS5197.txt	EMBL-EBI Terms of Use	https://www.ebi.ac.uk/about/terms-of-use/	per_study_terms	conditional_until_reviewed	pending
MTBLS5229	a_MTBLS5229_LC-MS_negative_hilic_metabolite_profiling.txt	metadata_assay	https://ftp.ebi.ac.uk/pub/databases/metabolights/studies/public/MTBLS5229/a_MTBLS5229_LC-MS_negative_hilic_metabolite_profiling.txt	raw/metabolomics/MetaboLights/MTBLS5229/a_MTBLS5229_LC-MS_negative_hilic_metabolite_profiling.txt	EMBL-EBI Terms of Use	https://www.ebi.ac.uk/about/terms-of-use/	per_study_terms	conditional_until_reviewed	pending
MTBLS5229	a_MTBLS5229_LC-MS_positive_hilic_metabolite_profiling.txt	metadata_assay	https://ftp.ebi.ac.uk/pub/databases/metabolights/studies/public/MTBLS5229/a_MTBLS5229_LC-MS_positive_hilic_metabolite_profiling.txt	raw/metabolomics/MetaboLights/MTBLS5229/a_MTBLS5229_LC-MS_positive_hilic_metabolite_profiling.txt	EMBL-EBI Terms of Use	https://www.ebi.ac.uk/about/terms-of-use/	per_study_terms	conditional_until_reviewed	pending
MTBLS5229	i_Investigation.txt	metadata_investigation	https://ftp.ebi.ac.uk/pub/databases/metabolights/studies/public/MTBLS5229/i_Investigation.txt	raw/metabolomics/MetaboLights/MTBLS5229/i_Investigation.txt	EMBL-EBI Terms of Use	https://www.ebi.ac.uk/about/terms-of-use/	per_study_terms	conditional_until_reviewed	pending
MTBLS5229	m_MTBLS5229_LC-MS_negative_hilic_metabolite_profiling_v2_maf.tsv	metadata_maf	https://ftp.ebi.ac.uk/pub/databases/metabolights/studies/public/MTBLS5229/m_MTBLS5229_LC-MS_negative_hilic_metabolite_profiling_v2_maf.tsv	raw/metabolomics/MetaboLights/MTBLS5229/m_MTBLS5229_LC-MS_negative_hilic_metabolite_profiling_v2_maf.tsv	EMBL-EBI Terms of Use	https://www.ebi.ac.uk/about/terms-of-use/	per_study_terms	conditional_until_reviewed	pending
MTBLS5229	m_MTBLS5229_LC-MS_positive_hilic_metabolite_profiling_v2_maf.tsv	metadata_maf	https://ftp.ebi.ac.uk/pub/databases/metabolights/studies/public/MTBLS5229/m_MTBLS5229_LC-MS_positive_hilic_metabolite_profiling_v2_maf.tsv	raw/metabolomics/MetaboLights/MTBLS5229/m_MTBLS5229_LC-MS_positive_hilic_metabolite_profiling_v2_maf.tsv	EMBL-EBI Terms of Use	https://www.ebi.ac.uk/about/terms-of-use/	per_study_terms	conditional_until_reviewed	pending
MTBLS5229	s_MTBLS5229.txt	metadata_sample	https://ftp.ebi.ac.uk/pub/databases/metabolights/studies/public/MTBLS5229/s_MTBLS5229.txt	raw/metabolomics/MetaboLights/MTBLS5229/s_MTBLS5229.txt	EMBL-EBI Terms of Use	https://www.ebi.ac.uk/about/terms-of-use/	per_study_terms	conditional_until_reviewed	pending
MTBLS5297	a_MTBLS5297_LC-MS_negative_hilic_metabolite_profiling.txt	metadata_assay	https://ftp.ebi.ac.uk/pub/databases/metabolights/studies/public/MTBLS5297/a_MTBLS5297_LC-MS_negative_hilic_metabolite_profiling.txt	raw/metabolomics/MetaboLights/MTBLS5297/a_MTBLS5297_LC-MS_negative_hilic_metabolite_profiling.txt	EMBL-EBI Terms of Use	https://www.ebi.ac.uk/about/terms-of-use/	per_study_terms	conditional_until_reviewed	pending
MTBLS5297	a_MTBLS5297_LC-MS_positive_hilic_metabolite_profiling.txt	metadata_assay	https://ftp.ebi.ac.uk/pub/databases/metabolights/studies/public/MTBLS5297/a_MTBLS5297_LC-MS_positive_hilic_metabolite_profiling.txt	raw/metabolomics/MetaboLights/MTBLS5297/a_MTBLS5297_LC-MS_positive_hilic_metabolite_profiling.txt	EMBL-EBI Terms of Use	https://www.ebi.ac.uk/about/terms-of-use/	per_study_terms	conditional_until_reviewed	pending
MTBLS5297	i_Investigation.txt	metadata_investigation	https://ftp.ebi.ac.uk/pub/databases/metabolights/studies/public/MTBLS5297/i_Investigation.txt	raw/metabolomics/MetaboLights/MTBLS5297/i_Investigation.txt	EMBL-EBI Terms of Use	https://www.ebi.ac.uk/about/terms-of-use/	per_study_terms	conditional_until_reviewed	pending
MTBLS5297	m_MTBLS5297_LC-MS_negative_hilic_metabolite_profiling_v2_maf.tsv	metadata_maf	https://ftp.ebi.ac.uk/pub/databases/metabolights/studies/public/MTBLS5297/m_MTBLS5297_LC-MS_negative_hilic_metabolite_profiling_v2_maf.tsv	raw/metabolomics/MetaboLights/MTBLS5297/m_MTBLS5297_LC-MS_negative_hilic_metabolite_profiling_v2_maf.tsv	EMBL-EBI Terms of Use	https://www.ebi.ac.uk/about/terms-of-use/	per_study_terms	conditional_until_reviewed	pending
MTBLS5297	m_MTBLS5297_LC-MS_positive_hilic_metabolite_profiling_v2_maf.tsv	metadata_maf	https://ftp.ebi.ac.uk/pub/databases/metabolights/studies/public/MTBLS5297/m_MTBLS5297_LC-MS_positive_hilic_metabolite_profiling_v2_maf.tsv	raw/metabolomics/MetaboLights/MTBLS5297/m_MTBLS5297_LC-MS_positive_hilic_metabolite_profiling_v2_maf.tsv	EMBL-EBI Terms of Use	https://www.ebi.ac.uk/about/terms-of-use/	per_study_terms	conditional_until_reviewed	pending
MTBLS5297	s_MTBLS5297.txt	metadata_sample	https://ftp.ebi.ac.uk/pub/databases/metabolights/studies/public/MTBLS5297/s_MTBLS5297.txt	raw/metabolomics/MetaboLights/MTBLS5297/s_MTBLS5297.txt	EMBL-EBI Terms of Use	https://www.ebi.ac.uk/about/terms-of-use/	per_study_terms	conditional_until_reviewed	pending
MTBLS555	a_MTBLS555_test_131017_metabolite_profiling_mass_spectrometry.txt	metadata_assay	https://ftp.ebi.ac.uk/pub/databases/metabolights/studies/public/MTBLS555/a_MTBLS555_test_131017_metabolite_profiling_mass_spectrometry.txt	raw/metabolomics/MetaboLights/MTBLS555/a_MTBLS555_test_131017_metabolite_profiling_mass_spectrometry.txt	EMBL-EBI Terms of Use	https://www.ebi.ac.uk/about/terms-of-use/	per_study_terms	conditional_until_reviewed	pending
MTBLS555	i_Investigation.txt	metadata_investigation	https://ftp.ebi.ac.uk/pub/databases/metabolights/studies/public/MTBLS555/i_Investigation.txt	raw/metabolomics/MetaboLights/MTBLS555/i_Investigation.txt	EMBL-EBI Terms of Use	https://www.ebi.ac.uk/about/terms-of-use/	per_study_terms	conditional_until_reviewed	pending
MTBLS555	m_MTBLS555_test_131017_metabolite_profiling_mass_spectrometry_v2_maf.tsv	metadata_maf	https://ftp.ebi.ac.uk/pub/databases/metabolights/studies/public/MTBLS555/m_MTBLS555_test_131017_metabolite_profiling_mass_spectrometry_v2_maf.tsv	raw/metabolomics/MetaboLights/MTBLS555/m_MTBLS555_test_131017_metabolite_profiling_mass_spectrometry_v2_maf.tsv	EMBL-EBI Terms of Use	https://www.ebi.ac.uk/about/terms-of-use/	per_study_terms	conditional_until_reviewed	pending
MTBLS555	s_MTBLS555.txt	metadata_sample	https://ftp.ebi.ac.uk/pub/databases/metabolights/studies/public/MTBLS555/s_MTBLS555.txt	raw/metabolomics/MetaboLights/MTBLS555/s_MTBLS555.txt	EMBL-EBI Terms of Use	https://www.ebi.ac.uk/about/terms-of-use/	per_study_terms	conditional_until_reviewed	pending
MTBLS5572	a_MTBLS5572_GC-MS_positive_metabolite_profiling.txt	metadata_assay	https://ftp.ebi.ac.uk/pub/databases/metabolights/studies/public/MTBLS5572/a_MTBLS5572_GC-MS_positive_metabolite_profiling.txt	raw/metabolomics/MetaboLights/MTBLS5572/a_MTBLS5572_GC-MS_positive_metabolite_profiling.txt	EMBL-EBI Terms of Use	https://www.ebi.ac.uk/about/terms-of-use/	per_study_terms	conditional_until_reviewed	pending
MTBLS5572	a_MTBLS5572_LC-MS_negative_reverse-phase_metabolite_profiling.txt	metadata_assay	https://ftp.ebi.ac.uk/pub/databases/metabolights/studies/public/MTBLS5572/a_MTBLS5572_LC-MS_negative_reverse-phase_metabolite_profiling.txt	raw/metabolomics/MetaboLights/MTBLS5572/a_MTBLS5572_LC-MS_negative_reverse-phase_metabolite_profiling.txt	EMBL-EBI Terms of Use	https://www.ebi.ac.uk/about/terms-of-use/	per_study_terms	conditional_until_reviewed	pending
MTBLS5572	a_MTBLS5572_LC-MS_positive_reverse-phase_metabolite_profiling.txt	metadata_assay	https://ftp.ebi.ac.uk/pub/databases/metabolights/studies/public/MTBLS5572/a_MTBLS5572_LC-MS_positive_reverse-phase_metabolite_profiling.txt	raw/metabolomics/MetaboLights/MTBLS5572/a_MTBLS5572_LC-MS_positive_reverse-phase_metabolite_profiling.txt	EMBL-EBI Terms of Use	https://www.ebi.ac.uk/about/terms-of-use/	per_study_terms	conditional_until_reviewed	pending
MTBLS5572	i_Investigation.txt	metadata_investigation	https://ftp.ebi.ac.uk/pub/databases/metabolights/studies/public/MTBLS5572/i_Investigation.txt	raw/metabolomics/MetaboLights/MTBLS5572/i_Investigation.txt	EMBL-EBI Terms of Use	https://www.ebi.ac.uk/about/terms-of-use/	per_study_terms	conditional_until_reviewed	pending
MTBLS5572	m_MTBLS5572_GC-MS_positive__metabolite_profiling_v2_maf.tsv	metadata_maf	https://ftp.ebi.ac.uk/pub/databases/metabolights/studies/public/MTBLS5572/m_MTBLS5572_GC-MS_positive__metabolite_profiling_v2_maf.tsv	raw/metabolomics/MetaboLights/MTBLS5572/m_MTBLS5572_GC-MS_positive__metabolite_profiling_v2_maf.tsv	EMBL-EBI Terms of Use	https://www.ebi.ac.uk/about/terms-of-use/	per_study_terms	conditional_until_reviewed	pending
MTBLS5572	m_MTBLS5572_LC-MS_negative_reverse-phase_metabolite_profiling_v2_maf.tsv	metadata_maf	https://ftp.ebi.ac.uk/pub/databases/metabolights/studies/public/MTBLS5572/m_MTBLS5572_LC-MS_negative_reverse-phase_metabolite_profiling_v2_maf.tsv	raw/metabolomics/MetaboLights/MTBLS5572/m_MTBLS5572_LC-MS_negative_reverse-phase_metabolite_profiling_v2_maf.tsv	EMBL-EBI Terms of Use	https://www.ebi.ac.uk/about/terms-of-use/	per_study_terms	conditional_until_reviewed	pending
MTBLS5572	m_MTBLS5572_LC-MS_positive_reverse-phase_metabolite_profiling_v2_maf.tsv	metadata_maf	https://ftp.ebi.ac.uk/pub/databases/metabolights/studies/public/MTBLS5572/m_MTBLS5572_LC-MS_positive_reverse-phase_metabolite_profiling_v2_maf.tsv	raw/metabolomics/MetaboLights/MTBLS5572/m_MTBLS5572_LC-MS_positive_reverse-phase_metabolite_profiling_v2_maf.tsv	EMBL-EBI Terms of Use	https://www.ebi.ac.uk/about/terms-of-use/	per_study_terms	conditional_until_reviewed	pending
MTBLS5572	s_MTBLS5572.txt	metadata_sample	https://ftp.ebi.ac.uk/pub/databases/metabolights/studies/public/MTBLS5572/s_MTBLS5572.txt	raw/metabolomics/MetaboLights/MTBLS5572/s_MTBLS5572.txt	EMBL-EBI Terms of Use	https://www.ebi.ac.uk/about/terms-of-use/	per_study_terms	conditional_until_reviewed	pending
MTBLS567	a_MTBLS567_NEG_LC_mass_spectrometry.txt	metadata_assay	https://ftp.ebi.ac.uk/pub/databases/metabolights/studies/public/MTBLS567/a_MTBLS567_NEG_LC_mass_spectrometry.txt	raw/metabolomics/MetaboLights/MTBLS567/a_MTBLS567_NEG_LC_mass_spectrometry.txt	EMBL-EBI Terms of Use	https://www.ebi.ac.uk/about/terms-of-use/	per_study_terms	conditional_until_reviewed	pending
MTBLS567	a_MTBLS567_POS_LC_mass_spectrometry.txt	metadata_assay	https://ftp.ebi.ac.uk/pub/databases/metabolights/studies/public/MTBLS567/a_MTBLS567_POS_LC_mass_spectrometry.txt	raw/metabolomics/MetaboLights/MTBLS567/a_MTBLS567_POS_LC_mass_spectrometry.txt	EMBL-EBI Terms of Use	https://www.ebi.ac.uk/about/terms-of-use/	per_study_terms	conditional_until_reviewed	pending
MTBLS567	i_Investigation.txt	metadata_investigation	https://ftp.ebi.ac.uk/pub/databases/metabolights/studies/public/MTBLS567/i_Investigation.txt	raw/metabolomics/MetaboLights/MTBLS567/i_Investigation.txt	EMBL-EBI Terms of Use	https://www.ebi.ac.uk/about/terms-of-use/	per_study_terms	conditional_until_reviewed	pending
MTBLS567	m_MTBLS567_NEG_LC_mass_spectrometry_v2_maf.tsv	metadata_maf	https://ftp.ebi.ac.uk/pub/databases/metabolights/studies/public/MTBLS567/m_MTBLS567_NEG_LC_mass_spectrometry_v2_maf.tsv	raw/metabolomics/MetaboLights/MTBLS567/m_MTBLS567_NEG_LC_mass_spectrometry_v2_maf.tsv	EMBL-EBI Terms of Use	https://www.ebi.ac.uk/about/terms-of-use/	per_study_terms	conditional_until_reviewed	pending
MTBLS567	m_MTBLS567_POS_LC_mass_spectrometry_v2_maf.tsv	metadata_maf	https://ftp.ebi.ac.uk/pub/databases/metabolights/studies/public/MTBLS567/m_MTBLS567_POS_LC_mass_spectrometry_v2_maf.tsv	raw/metabolomics/MetaboLights/MTBLS567/m_MTBLS567_POS_LC_mass_spectrometry_v2_maf.tsv	EMBL-EBI Terms of Use	https://www.ebi.ac.uk/about/terms-of-use/	per_study_terms	conditional_until_reviewed	pending
MTBLS567	s_MTBLS567.txt	metadata_sample	https://ftp.ebi.ac.uk/pub/databases/metabolights/studies/public/MTBLS567/s_MTBLS567.txt	raw/metabolomics/MetaboLights/MTBLS567/s_MTBLS567.txt	EMBL-EBI Terms of Use	https://www.ebi.ac.uk/about/terms-of-use/	per_study_terms	conditional_until_reviewed	pending
MTBLS570	a_MTBLS570_data1_NEG_LCMS.txt	metadata_assay	https://ftp.ebi.ac.uk/pub/databases/metabolights/studies/public/MTBLS570/a_MTBLS570_data1_NEG_LCMS.txt	raw/metabolomics/MetaboLights/MTBLS570/a_MTBLS570_data1_NEG_LCMS.txt	EMBL-EBI Terms of Use	https://www.ebi.ac.uk/about/terms-of-use/	per_study_terms	conditional_until_reviewed	pending
MTBLS570	a_MTBLS570_data1_POS_LCMS.txt	metadata_assay	https://ftp.ebi.ac.uk/pub/databases/metabolights/studies/public/MTBLS570/a_MTBLS570_data1_POS_LCMS.txt	raw/metabolomics/MetaboLights/MTBLS570/a_MTBLS570_data1_POS_LCMS.txt	EMBL-EBI Terms of Use	https://www.ebi.ac.uk/about/terms-of-use/	per_study_terms	conditional_until_reviewed	pending
MTBLS570	a_MTBLS570_data2_NEG_LCMS.txt	metadata_assay	https://ftp.ebi.ac.uk/pub/databases/metabolights/studies/public/MTBLS570/a_MTBLS570_data2_NEG_LCMS.txt	raw/metabolomics/MetaboLights/MTBLS570/a_MTBLS570_data2_NEG_LCMS.txt	EMBL-EBI Terms of Use	https://www.ebi.ac.uk/about/terms-of-use/	per_study_terms	conditional_until_reviewed	pending
MTBLS570	a_MTBLS570_data2_POS_LCMS.txt	metadata_assay	https://ftp.ebi.ac.uk/pub/databases/metabolights/studies/public/MTBLS570/a_MTBLS570_data2_POS_LCMS.txt	raw/metabolomics/MetaboLights/MTBLS570/a_MTBLS570_data2_POS_LCMS.txt	EMBL-EBI Terms of Use	https://www.ebi.ac.uk/about/terms-of-use/	per_study_terms	conditional_until_reviewed	pending
MTBLS570	i_Investigation.txt	metadata_investigation	https://ftp.ebi.ac.uk/pub/databases/metabolights/studies/public/MTBLS570/i_Investigation.txt	raw/metabolomics/MetaboLights/MTBLS570/i_Investigation.txt	EMBL-EBI Terms of Use	https://www.ebi.ac.uk/about/terms-of-use/	per_study_terms	conditional_until_reviewed	pending
MTBLS570	m_MTBLS570_data1_NEG_LCMS_v2_maf.tsv	metadata_maf	https://ftp.ebi.ac.uk/pub/databases/metabolights/studies/public/MTBLS570/m_MTBLS570_data1_NEG_LCMS_v2_maf.tsv	raw/metabolomics/MetaboLights/MTBLS570/m_MTBLS570_data1_NEG_LCMS_v2_maf.tsv	EMBL-EBI Terms of Use	https://www.ebi.ac.uk/about/terms-of-use/	per_study_terms	conditional_until_reviewed	pending
MTBLS570	m_MTBLS570_data1_POS_LCMS_v2_maf.tsv	metadata_maf	https://ftp.ebi.ac.uk/pub/databases/metabolights/studies/public/MTBLS570/m_MTBLS570_data1_POS_LCMS_v2_maf.tsv	raw/metabolomics/MetaboLights/MTBLS570/m_MTBLS570_data1_POS_LCMS_v2_maf.tsv	EMBL-EBI Terms of Use	https://www.ebi.ac.uk/about/terms-of-use/	per_study_terms	conditional_until_reviewed	pending
MTBLS570	m_MTBLS570_data2_NEG_LCMS_v2_maf.tsv	metadata_maf	https://ftp.ebi.ac.uk/pub/databases/metabolights/studies/public/MTBLS570/m_MTBLS570_data2_NEG_LCMS_v2_maf.tsv	raw/metabolomics/MetaboLights/MTBLS570/m_MTBLS570_data2_NEG_LCMS_v2_maf.tsv	EMBL-EBI Terms of Use	https://www.ebi.ac.uk/about/terms-of-use/	per_study_terms	conditional_until_reviewed	pending
MTBLS570	m_MTBLS570_data2_POS_LCMS_v2_maf.tsv	metadata_maf	https://ftp.ebi.ac.uk/pub/databases/metabolights/studies/public/MTBLS570/m_MTBLS570_data2_POS_LCMS_v2_maf.tsv	raw/metabolomics/MetaboLights/MTBLS570/m_MTBLS570_data2_POS_LCMS_v2_maf.tsv	EMBL-EBI Terms of Use	https://www.ebi.ac.uk/about/terms-of-use/	per_study_terms	conditional_until_reviewed	pending
MTBLS570	s_MTBLS570.txt	metadata_sample	https://ftp.ebi.ac.uk/pub/databases/metabolights/studies/public/MTBLS570/s_MTBLS570.txt	raw/metabolomics/MetaboLights/MTBLS570/s_MTBLS570.txt	EMBL-EBI Terms of Use	https://www.ebi.ac.uk/about/terms-of-use/	per_study_terms	conditional_until_reviewed	pending
MTBLS572	a_MTBLS572_ecoli_glucose-vs-adenosine_metabolite_profiling_mass_spectrometry.txt	metadata_assay	https://ftp.ebi.ac.uk/pub/databases/metabolights/studies/public/MTBLS572/a_MTBLS572_ecoli_glucose-vs-adenosine_metabolite_profiling_mass_spectrometry.txt	raw/metabolomics/MetaboLights/MTBLS572/a_MTBLS572_ecoli_glucose-vs-adenosine_metabolite_profiling_mass_spectrometry.txt	EMBL-EBI Terms of Use	https://www.ebi.ac.uk/about/terms-of-use/	per_study_terms	conditional_until_reviewed	pending
MTBLS572	i_Investigation.txt	metadata_investigation	https://ftp.ebi.ac.uk/pub/databases/metabolights/studies/public/MTBLS572/i_Investigation.txt	raw/metabolomics/MetaboLights/MTBLS572/i_Investigation.txt	EMBL-EBI Terms of Use	https://www.ebi.ac.uk/about/terms-of-use/	per_study_terms	conditional_until_reviewed	pending
MTBLS572	m_MTBLS572_ecoli_glucose-vs-adenosine_metabolite_profiling_mass_spectrometry_v2_maf.tsv	metadata_maf	https://ftp.ebi.ac.uk/pub/databases/metabolights/studies/public/MTBLS572/m_MTBLS572_ecoli_glucose-vs-adenosine_metabolite_profiling_mass_spectrometry_v2_maf.tsv	raw/metabolomics/MetaboLights/MTBLS572/m_MTBLS572_ecoli_glucose-vs-adenosine_metabolite_profiling_mass_spectrometry_v2_maf.tsv	EMBL-EBI Terms of Use	https://www.ebi.ac.uk/about/terms-of-use/	per_study_terms	conditional_until_reviewed	pending
MTBLS572	s_MTBLS572.txt	metadata_sample	https://ftp.ebi.ac.uk/pub/databases/metabolights/studies/public/MTBLS572/s_MTBLS572.txt	raw/metabolomics/MetaboLights/MTBLS572/s_MTBLS572.txt	EMBL-EBI Terms of Use	https://www.ebi.ac.uk/about/terms-of-use/	per_study_terms	conditional_until_reviewed	pending
MTBLS576	a_MTBLS576_LYSATE_NMR_spectroscopy.txt	metadata_assay	https://ftp.ebi.ac.uk/pub/databases/metabolights/studies/public/MTBLS576/a_MTBLS576_LYSATE_NMR_spectroscopy.txt	raw/metabolomics/MetaboLights/MTBLS576/a_MTBLS576_LYSATE_NMR_spectroscopy.txt	EMBL-EBI Terms of Use	https://www.ebi.ac.uk/about/terms-of-use/	per_study_terms	conditional_until_reviewed	pending
MTBLS576	a_MTBLS576_MEDIA_NMR_spectroscopy.txt	metadata_assay	https://ftp.ebi.ac.uk/pub/databases/metabolights/studies/public/MTBLS576/a_MTBLS576_MEDIA_NMR_spectroscopy.txt	raw/metabolomics/MetaboLights/MTBLS576/a_MTBLS576_MEDIA_NMR_spectroscopy.txt	EMBL-EBI Terms of Use	https://www.ebi.ac.uk/about/terms-of-use/	per_study_terms	conditional_until_reviewed	pending
MTBLS576	i_Investigation.txt	metadata_investigation	https://ftp.ebi.ac.uk/pub/databases/metabolights/studies/public/MTBLS576/i_Investigation.txt	raw/metabolomics/MetaboLights/MTBLS576/i_Investigation.txt	EMBL-EBI Terms of Use	https://www.ebi.ac.uk/about/terms-of-use/	per_study_terms	conditional_until_reviewed	pending
MTBLS576	m_MTBLS576_LYSATE_NMR_spectroscopy_v2_maf.tsv	metadata_maf	https://ftp.ebi.ac.uk/pub/databases/metabolights/studies/public/MTBLS576/m_MTBLS576_LYSATE_NMR_spectroscopy_v2_maf.tsv	raw/metabolomics/MetaboLights/MTBLS576/m_MTBLS576_LYSATE_NMR_spectroscopy_v2_maf.tsv	EMBL-EBI Terms of Use	https://www.ebi.ac.uk/about/terms-of-use/	per_study_terms	conditional_until_reviewed	pending
MTBLS576	m_MTBLS576_MEDIA_NMR_spectroscopy_v2_maf.tsv	metadata_maf	https://ftp.ebi.ac.uk/pub/databases/metabolights/studies/public/MTBLS576/m_MTBLS576_MEDIA_NMR_spectroscopy_v2_maf.tsv	raw/metabolomics/MetaboLights/MTBLS576/m_MTBLS576_MEDIA_NMR_spectroscopy_v2_maf.tsv	EMBL-EBI Terms of Use	https://www.ebi.ac.uk/about/terms-of-use/	per_study_terms	conditional_until_reviewed	pending
MTBLS576	s_MTBLS576.txt	metadata_sample	https://ftp.ebi.ac.uk/pub/databases/metabolights/studies/public/MTBLS576/s_MTBLS576.txt	raw/metabolomics/MetaboLights/MTBLS576/s_MTBLS576.txt	EMBL-EBI Terms of Use	https://www.ebi.ac.uk/about/terms-of-use/	per_study_terms	conditional_until_reviewed	pending
MTBLS584	a_MTBLS584_GC-MS_metabolite_profiling.txt	metadata_assay	https://ftp.ebi.ac.uk/pub/databases/metabolights/studies/public/MTBLS584/a_MTBLS584_GC-MS_metabolite_profiling.txt	raw/metabolomics/MetaboLights/MTBLS584/a_MTBLS584_GC-MS_metabolite_profiling.txt	EMBL-EBI Terms of Use	https://www.ebi.ac.uk/about/terms-of-use/	per_study_terms	conditional_until_reviewed	pending
MTBLS584	i_Investigation.txt	metadata_investigation	https://ftp.ebi.ac.uk/pub/databases/metabolights/studies/public/MTBLS584/i_Investigation.txt	raw/metabolomics/MetaboLights/MTBLS584/i_Investigation.txt	EMBL-EBI Terms of Use	https://www.ebi.ac.uk/about/terms-of-use/	per_study_terms	conditional_until_reviewed	pending
MTBLS584	m_MTBLS584_GC-MS_metabolite_profiling_v2_maf.tsv	metadata_maf	https://ftp.ebi.ac.uk/pub/databases/metabolights/studies/public/MTBLS584/m_MTBLS584_GC-MS_metabolite_profiling_v2_maf.tsv	raw/metabolomics/MetaboLights/MTBLS584/m_MTBLS584_GC-MS_metabolite_profiling_v2_maf.tsv	EMBL-EBI Terms of Use	https://www.ebi.ac.uk/about/terms-of-use/	per_study_terms	conditional_until_reviewed	pending
MTBLS584	s_MTBLS584.txt	metadata_sample	https://ftp.ebi.ac.uk/pub/databases/metabolights/studies/public/MTBLS584/s_MTBLS584.txt	raw/metabolomics/MetaboLights/MTBLS584/s_MTBLS584.txt	EMBL-EBI Terms of Use	https://www.ebi.ac.uk/about/terms-of-use/	per_study_terms	conditional_until_reviewed	pending
MTBLS606	a_MTBLS606_aging_mouse_liver_neg_metabolite_profiling_mass_spectrometry.txt	metadata_assay	https://ftp.ebi.ac.uk/pub/databases/metabolights/studies/public/MTBLS606/a_MTBLS606_aging_mouse_liver_neg_metabolite_profiling_mass_spectrometry.txt	raw/metabolomics/MetaboLights/MTBLS606/a_MTBLS606_aging_mouse_liver_neg_metabolite_profiling_mass_spectrometry.txt	EMBL-EBI Terms of Use	https://www.ebi.ac.uk/about/terms-of-use/	per_study_terms	conditional_until_reviewed	pending
MTBLS606	i_Investigation.txt	metadata_investigation	https://ftp.ebi.ac.uk/pub/databases/metabolights/studies/public/MTBLS606/i_Investigation.txt	raw/metabolomics/MetaboLights/MTBLS606/i_Investigation.txt	EMBL-EBI Terms of Use	https://www.ebi.ac.uk/about/terms-of-use/	per_study_terms	conditional_until_reviewed	pending
MTBLS606	m_MTBLS606_aging_mouse_liver_neg_metabolite_profiling_mass_spectrometry_v2_maf.tsv	metadata_maf	https://ftp.ebi.ac.uk/pub/databases/metabolights/studies/public/MTBLS606/m_MTBLS606_aging_mouse_liver_neg_metabolite_profiling_mass_spectrometry_v2_maf.tsv	raw/metabolomics/MetaboLights/MTBLS606/m_MTBLS606_aging_mouse_liver_neg_metabolite_profiling_mass_spectrometry_v2_maf.tsv	EMBL-EBI Terms of Use	https://www.ebi.ac.uk/about/terms-of-use/	per_study_terms	conditional_until_reviewed	pending
MTBLS606	s_MTBLS606.txt	metadata_sample	https://ftp.ebi.ac.uk/pub/databases/metabolights/studies/public/MTBLS606/s_MTBLS606.txt	raw/metabolomics/MetaboLights/MTBLS606/s_MTBLS606.txt	EMBL-EBI Terms of Use	https://www.ebi.ac.uk/about/terms-of-use/	per_study_terms	conditional_until_reviewed	pending
MTBLS6081	a_MTBLS6081_LC-MS_negative_reverse-phase_metabolite_profiling.txt	metadata_assay	https://ftp.ebi.ac.uk/pub/databases/metabolights/studies/public/MTBLS6081/a_MTBLS6081_LC-MS_negative_reverse-phase_metabolite_profiling.txt	raw/metabolomics/MetaboLights/MTBLS6081/a_MTBLS6081_LC-MS_negative_reverse-phase_metabolite_profiling.txt	EMBL-EBI Terms of Use	https://www.ebi.ac.uk/about/terms-of-use/	per_study_terms	conditional_until_reviewed	pending
MTBLS6081	i_Investigation.txt	metadata_investigation	https://ftp.ebi.ac.uk/pub/databases/metabolights/studies/public/MTBLS6081/i_Investigation.txt	raw/metabolomics/MetaboLights/MTBLS6081/i_Investigation.txt	EMBL-EBI Terms of Use	https://www.ebi.ac.uk/about/terms-of-use/	per_study_terms	conditional_until_reviewed	pending
MTBLS6081	m_MTBLS6081_LC-MS_negative_reverse-phase_metabolite_profiling_v2_maf.tsv	metadata_maf	https://ftp.ebi.ac.uk/pub/databases/metabolights/studies/public/MTBLS6081/m_MTBLS6081_LC-MS_negative_reverse-phase_metabolite_profiling_v2_maf.tsv	raw/metabolomics/MetaboLights/MTBLS6081/m_MTBLS6081_LC-MS_negative_reverse-phase_metabolite_profiling_v2_maf.tsv	EMBL-EBI Terms of Use	https://www.ebi.ac.uk/about/terms-of-use/	per_study_terms	conditional_until_reviewed	pending
MTBLS6081	s_MTBLS6081.txt	metadata_sample	https://ftp.ebi.ac.uk/pub/databases/metabolights/studies/public/MTBLS6081/s_MTBLS6081.txt	raw/metabolomics/MetaboLights/MTBLS6081/s_MTBLS6081.txt	EMBL-EBI Terms of Use	https://www.ebi.ac.uk/about/terms-of-use/	per_study_terms	conditional_until_reviewed	pending
MTBLS6334	a_MTBLS6334_LC-MS_negative_reverse-phase_metabolite_profiling.txt	metadata_assay	https://ftp.ebi.ac.uk/pub/databases/metabolights/studies/public/MTBLS6334/a_MTBLS6334_LC-MS_negative_reverse-phase_metabolite_profiling.txt	raw/metabolomics/MetaboLights/MTBLS6334/a_MTBLS6334_LC-MS_negative_reverse-phase_metabolite_profiling.txt	EMBL-EBI Terms of Use	https://www.ebi.ac.uk/about/terms-of-use/	per_study_terms	conditional_until_reviewed	pending
MTBLS6334	a_MTBLS6334_LC-MS_positive_reverse-phase_metabolite_profiling.txt	metadata_assay	https://ftp.ebi.ac.uk/pub/databases/metabolights/studies/public/MTBLS6334/a_MTBLS6334_LC-MS_positive_reverse-phase_metabolite_profiling.txt	raw/metabolomics/MetaboLights/MTBLS6334/a_MTBLS6334_LC-MS_positive_reverse-phase_metabolite_profiling.txt	EMBL-EBI Terms of Use	https://www.ebi.ac.uk/about/terms-of-use/	per_study_terms	conditional_until_reviewed	pending
MTBLS6334	i_Investigation.txt	metadata_investigation	https://ftp.ebi.ac.uk/pub/databases/metabolights/studies/public/MTBLS6334/i_Investigation.txt	raw/metabolomics/MetaboLights/MTBLS6334/i_Investigation.txt	EMBL-EBI Terms of Use	https://www.ebi.ac.uk/about/terms-of-use/	per_study_terms	conditional_until_reviewed	pending
MTBLS6334	m_MTBLS6334_LC-MS_negative_reverse-phase_metabolite_profiling_v2_maf.tsv	metadata_maf	https://ftp.ebi.ac.uk/pub/databases/metabolights/studies/public/MTBLS6334/m_MTBLS6334_LC-MS_negative_reverse-phase_metabolite_profiling_v2_maf.tsv	raw/metabolomics/MetaboLights/MTBLS6334/m_MTBLS6334_LC-MS_negative_reverse-phase_metabolite_profiling_v2_maf.tsv	EMBL-EBI Terms of Use	https://www.ebi.ac.uk/about/terms-of-use/	per_study_terms	conditional_until_reviewed	pending
MTBLS6334	m_MTBLS6334_LC-MS_positive_reverse-phase_metabolite_profiling_v2_maf.tsv	metadata_maf	https://ftp.ebi.ac.uk/pub/databases/metabolights/studies/public/MTBLS6334/m_MTBLS6334_LC-MS_positive_reverse-phase_metabolite_profiling_v2_maf.tsv	raw/metabolomics/MetaboLights/MTBLS6334/m_MTBLS6334_LC-MS_positive_reverse-phase_metabolite_profiling_v2_maf.tsv	EMBL-EBI Terms of Use	https://www.ebi.ac.uk/about/terms-of-use/	per_study_terms	conditional_until_reviewed	pending
MTBLS6334	s_MTBLS6334.txt	metadata_sample	https://ftp.ebi.ac.uk/pub/databases/metabolights/studies/public/MTBLS6334/s_MTBLS6334.txt	raw/metabolomics/MetaboLights/MTBLS6334/s_MTBLS6334.txt	EMBL-EBI Terms of Use	https://www.ebi.ac.uk/about/terms-of-use/	per_study_terms	conditional_until_reviewed	pending
MTBLS640	a_MTBLS640_metabolite_profiling_NMR_spectroscopy.txt	metadata_assay	https://ftp.ebi.ac.uk/pub/databases/metabolights/studies/public/MTBLS640/a_MTBLS640_metabolite_profiling_NMR_spectroscopy.txt	raw/metabolomics/MetaboLights/MTBLS640/a_MTBLS640_metabolite_profiling_NMR_spectroscopy.txt	EMBL-EBI Terms of Use	https://www.ebi.ac.uk/about/terms-of-use/	per_study_terms	conditional_until_reviewed	pending
MTBLS640	i_Investigation.txt	metadata_investigation	https://ftp.ebi.ac.uk/pub/databases/metabolights/studies/public/MTBLS640/i_Investigation.txt	raw/metabolomics/MetaboLights/MTBLS640/i_Investigation.txt	EMBL-EBI Terms of Use	https://www.ebi.ac.uk/about/terms-of-use/	per_study_terms	conditional_until_reviewed	pending
MTBLS640	m_MTBLS640_metabolite_profiling_NMR_spectroscopy_v2_maf.tsv	metadata_maf	https://ftp.ebi.ac.uk/pub/databases/metabolights/studies/public/MTBLS640/m_MTBLS640_metabolite_profiling_NMR_spectroscopy_v2_maf.tsv	raw/metabolomics/MetaboLights/MTBLS640/m_MTBLS640_metabolite_profiling_NMR_spectroscopy_v2_maf.tsv	EMBL-EBI Terms of Use	https://www.ebi.ac.uk/about/terms-of-use/	per_study_terms	conditional_until_reviewed	pending
MTBLS640	s_MTBLS640.txt	metadata_sample	https://ftp.ebi.ac.uk/pub/databases/metabolights/studies/public/MTBLS640/s_MTBLS640.txt	raw/metabolomics/MetaboLights/MTBLS640/s_MTBLS640.txt	EMBL-EBI Terms of Use	https://www.ebi.ac.uk/about/terms-of-use/	per_study_terms	conditional_until_reviewed	pending
MTBLS642	a_MTBLS642_metabolomics_of_lycopene_producing_e._coli_metabolite_profiling_mass_spectrometry.txt	metadata_assay	https://ftp.ebi.ac.uk/pub/databases/metabolights/studies/public/MTBLS642/a_MTBLS642_metabolomics_of_lycopene_producing_e._coli_metabolite_profiling_mass_spectrometry.txt	raw/metabolomics/MetaboLights/MTBLS642/a_MTBLS642_metabolomics_of_lycopene_producing_e._coli_metabolite_profiling_mass_spectrometry.txt	EMBL-EBI Terms of Use	https://www.ebi.ac.uk/about/terms-of-use/	per_study_terms	conditional_until_reviewed	pending
MTBLS642	i_Investigation.txt	metadata_investigation	https://ftp.ebi.ac.uk/pub/databases/metabolights/studies/public/MTBLS642/i_Investigation.txt	raw/metabolomics/MetaboLights/MTBLS642/i_Investigation.txt	EMBL-EBI Terms of Use	https://www.ebi.ac.uk/about/terms-of-use/	per_study_terms	conditional_until_reviewed	pending
MTBLS642	m_MTBLS642_metabolomics_of_lycopene_producing_e._coli_metabolite_profiling_mass_spectrometry_v2_maf.tsv	metadata_maf	https://ftp.ebi.ac.uk/pub/databases/metabolights/studies/public/MTBLS642/m_MTBLS642_metabolomics_of_lycopene_producing_e._coli_metabolite_profiling_mass_spectrometry_v2_maf.tsv	raw/metabolomics/MetaboLights/MTBLS642/m_MTBLS642_metabolomics_of_lycopene_producing_e._coli_metabolite_profiling_mass_spectrometry_v2_maf.tsv	EMBL-EBI Terms of Use	https://www.ebi.ac.uk/about/terms-of-use/	per_study_terms	conditional_until_reviewed	pending
MTBLS642	s_MTBLS642.txt	metadata_sample	https://ftp.ebi.ac.uk/pub/databases/metabolights/studies/public/MTBLS642/s_MTBLS642.txt	raw/metabolomics/MetaboLights/MTBLS642/s_MTBLS642.txt	EMBL-EBI Terms of Use	https://www.ebi.ac.uk/about/terms-of-use/	per_study_terms	conditional_until_reviewed	pending
MTBLS6667	a_MTBLS6667_Extra_LC-MS_alternating_hilic_metabolite_profiling.txt	metadata_assay	https://ftp.ebi.ac.uk/pub/databases/metabolights/studies/public/MTBLS6667/a_MTBLS6667_Extra_LC-MS_alternating_hilic_metabolite_profiling.txt	raw/metabolomics/MetaboLights/MTBLS6667/a_MTBLS6667_Extra_LC-MS_alternating_hilic_metabolite_profiling.txt	EMBL-EBI Terms of Use	https://www.ebi.ac.uk/about/terms-of-use/	per_study_terms	conditional_until_reviewed	pending
MTBLS6667	a_MTBLS6667_Intra_LC-MS_alternating_hilic_metabolite_profiling.txt	metadata_assay	https://ftp.ebi.ac.uk/pub/databases/metabolights/studies/public/MTBLS6667/a_MTBLS6667_Intra_LC-MS_alternating_hilic_metabolite_profiling.txt	raw/metabolomics/MetaboLights/MTBLS6667/a_MTBLS6667_Intra_LC-MS_alternating_hilic_metabolite_profiling.txt	EMBL-EBI Terms of Use	https://www.ebi.ac.uk/about/terms-of-use/	per_study_terms	conditional_until_reviewed	pending
MTBLS6667	i_Investigation.txt	metadata_investigation	https://ftp.ebi.ac.uk/pub/databases/metabolights/studies/public/MTBLS6667/i_Investigation.txt	raw/metabolomics/MetaboLights/MTBLS6667/i_Investigation.txt	EMBL-EBI Terms of Use	https://www.ebi.ac.uk/about/terms-of-use/	per_study_terms	conditional_until_reviewed	pending
MTBLS6667	m_MTBLS6667_Extra_LC-MS_alternating_hilic_metabolite_profiling_v2_maf.tsv	metadata_maf	https://ftp.ebi.ac.uk/pub/databases/metabolights/studies/public/MTBLS6667/m_MTBLS6667_Extra_LC-MS_alternating_hilic_metabolite_profiling_v2_maf.tsv	raw/metabolomics/MetaboLights/MTBLS6667/m_MTBLS6667_Extra_LC-MS_alternating_hilic_metabolite_profiling_v2_maf.tsv	EMBL-EBI Terms of Use	https://www.ebi.ac.uk/about/terms-of-use/	per_study_terms	conditional_until_reviewed	pending
MTBLS6667	m_MTBLS6667_Intra_LC-MS_alternating_hilic_metabolite_profiling_v2_maf.tsv	metadata_maf	https://ftp.ebi.ac.uk/pub/databases/metabolights/studies/public/MTBLS6667/m_MTBLS6667_Intra_LC-MS_alternating_hilic_metabolite_profiling_v2_maf.tsv	raw/metabolomics/MetaboLights/MTBLS6667/m_MTBLS6667_Intra_LC-MS_alternating_hilic_metabolite_profiling_v2_maf.tsv	EMBL-EBI Terms of Use	https://www.ebi.ac.uk/about/terms-of-use/	per_study_terms	conditional_until_reviewed	pending
MTBLS6667	s_MTBLS6667.txt	metadata_sample	https://ftp.ebi.ac.uk/pub/databases/metabolights/studies/public/MTBLS6667/s_MTBLS6667.txt	raw/metabolomics/MetaboLights/MTBLS6667/s_MTBLS6667.txt	EMBL-EBI Terms of Use	https://www.ebi.ac.uk/about/terms-of-use/	per_study_terms	conditional_until_reviewed	pending
MTBLS674	a_MTBLS674_DI_mass_spectrometry.txt	metadata_assay	https://ftp.ebi.ac.uk/pub/databases/metabolights/studies/public/MTBLS674/a_MTBLS674_DI_mass_spectrometry.txt	raw/metabolomics/MetaboLights/MTBLS674/a_MTBLS674_DI_mass_spectrometry.txt	EMBL-EBI Terms of Use	https://www.ebi.ac.uk/about/terms-of-use/	per_study_terms	conditional_until_reviewed	pending
MTBLS674	a_MTBLS674_UPLC_mass_spectrometry.txt	metadata_assay	https://ftp.ebi.ac.uk/pub/databases/metabolights/studies/public/MTBLS674/a_MTBLS674_UPLC_mass_spectrometry.txt	raw/metabolomics/MetaboLights/MTBLS674/a_MTBLS674_UPLC_mass_spectrometry.txt	EMBL-EBI Terms of Use	https://www.ebi.ac.uk/about/terms-of-use/	per_study_terms	conditional_until_reviewed	pending
MTBLS674	i_Investigation.txt	metadata_investigation	https://ftp.ebi.ac.uk/pub/databases/metabolights/studies/public/MTBLS674/i_Investigation.txt	raw/metabolomics/MetaboLights/MTBLS674/i_Investigation.txt	EMBL-EBI Terms of Use	https://www.ebi.ac.uk/about/terms-of-use/	per_study_terms	conditional_until_reviewed	pending
MTBLS674	m_MTBLS674_mass_spectrometry_v2_maf.tsv	metadata_maf	https://ftp.ebi.ac.uk/pub/databases/metabolights/studies/public/MTBLS674/m_MTBLS674_mass_spectrometry_v2_maf.tsv	raw/metabolomics/MetaboLights/MTBLS674/m_MTBLS674_mass_spectrometry_v2_maf.tsv	EMBL-EBI Terms of Use	https://www.ebi.ac.uk/about/terms-of-use/	per_study_terms	conditional_until_reviewed	pending
MTBLS674	s_MTBLS674.txt	metadata_sample	https://ftp.ebi.ac.uk/pub/databases/metabolights/studies/public/MTBLS674/s_MTBLS674.txt	raw/metabolomics/MetaboLights/MTBLS674/s_MTBLS674.txt	EMBL-EBI Terms of Use	https://www.ebi.ac.uk/about/terms-of-use/	per_study_terms	conditional_until_reviewed	pending
MTBLS6847	a_MTBLS6847_LC-MS_negative_reverse-phase_metabolite_profiling.txt	metadata_assay	https://ftp.ebi.ac.uk/pub/databases/metabolights/studies/public/MTBLS6847/a_MTBLS6847_LC-MS_negative_reverse-phase_metabolite_profiling.txt	raw/metabolomics/MetaboLights/MTBLS6847/a_MTBLS6847_LC-MS_negative_reverse-phase_metabolite_profiling.txt	EMBL-EBI Terms of Use	https://www.ebi.ac.uk/about/terms-of-use/	per_study_terms	conditional_until_reviewed	pending
MTBLS6847	i_Investigation.txt	metadata_investigation	https://ftp.ebi.ac.uk/pub/databases/metabolights/studies/public/MTBLS6847/i_Investigation.txt	raw/metabolomics/MetaboLights/MTBLS6847/i_Investigation.txt	EMBL-EBI Terms of Use	https://www.ebi.ac.uk/about/terms-of-use/	per_study_terms	conditional_until_reviewed	pending
MTBLS6847	m_MTBLS6847_LC-MS_negative_reverse-phase_metabolite_profiling_v2_maf.tsv	metadata_maf	https://ftp.ebi.ac.uk/pub/databases/metabolights/studies/public/MTBLS6847/m_MTBLS6847_LC-MS_negative_reverse-phase_metabolite_profiling_v2_maf.tsv	raw/metabolomics/MetaboLights/MTBLS6847/m_MTBLS6847_LC-MS_negative_reverse-phase_metabolite_profiling_v2_maf.tsv	EMBL-EBI Terms of Use	https://www.ebi.ac.uk/about/terms-of-use/	per_study_terms	conditional_until_reviewed	pending
MTBLS6847	s_MTBLS6847.txt	metadata_sample	https://ftp.ebi.ac.uk/pub/databases/metabolights/studies/public/MTBLS6847/s_MTBLS6847.txt	raw/metabolomics/MetaboLights/MTBLS6847/s_MTBLS6847.txt	EMBL-EBI Terms of Use	https://www.ebi.ac.uk/about/terms-of-use/	per_study_terms	conditional_until_reviewed	pending
MTBLS6991	a_MTBLS6991_LC-MS_alternating_reverse-phase_metabolite_profiling.txt	metadata_assay	https://ftp.ebi.ac.uk/pub/databases/metabolights/studies/public/MTBLS6991/a_MTBLS6991_LC-MS_alternating_reverse-phase_metabolite_profiling.txt	raw/metabolomics/MetaboLights/MTBLS6991/a_MTBLS6991_LC-MS_alternating_reverse-phase_metabolite_profiling.txt	EMBL-EBI Terms of Use	https://www.ebi.ac.uk/about/terms-of-use/	per_study_terms	conditional_until_reviewed	pending
MTBLS6991	i_Investigation.txt	metadata_investigation	https://ftp.ebi.ac.uk/pub/databases/metabolights/studies/public/MTBLS6991/i_Investigation.txt	raw/metabolomics/MetaboLights/MTBLS6991/i_Investigation.txt	EMBL-EBI Terms of Use	https://www.ebi.ac.uk/about/terms-of-use/	per_study_terms	conditional_until_reviewed	pending
MTBLS6991	m_MTBLS6991_LC-MS_alternating_reverse-phase_metabolite_profiling_v2_maf.tsv	metadata_maf	https://ftp.ebi.ac.uk/pub/databases/metabolights/studies/public/MTBLS6991/m_MTBLS6991_LC-MS_alternating_reverse-phase_metabolite_profiling_v2_maf.tsv	raw/metabolomics/MetaboLights/MTBLS6991/m_MTBLS6991_LC-MS_alternating_reverse-phase_metabolite_profiling_v2_maf.tsv	EMBL-EBI Terms of Use	https://www.ebi.ac.uk/about/terms-of-use/	per_study_terms	conditional_until_reviewed	pending
MTBLS6991	s_MTBLS6991.txt	metadata_sample	https://ftp.ebi.ac.uk/pub/databases/metabolights/studies/public/MTBLS6991/s_MTBLS6991.txt	raw/metabolomics/MetaboLights/MTBLS6991/s_MTBLS6991.txt	EMBL-EBI Terms of Use	https://www.ebi.ac.uk/about/terms-of-use/	per_study_terms	conditional_until_reviewed	pending
MTBLS7127	a_MTBLS7127_GC-MS___metabolite_profiling.txt	metadata_assay	https://ftp.ebi.ac.uk/pub/databases/metabolights/studies/public/MTBLS7127/a_MTBLS7127_GC-MS___metabolite_profiling.txt	raw/metabolomics/MetaboLights/MTBLS7127/a_MTBLS7127_GC-MS___metabolite_profiling.txt	EMBL-EBI Terms of Use	https://www.ebi.ac.uk/about/terms-of-use/	per_study_terms	conditional_until_reviewed	pending
MTBLS7127	a_MTBLS7127_LC-MS_positive_reverse-phase_metabolite_profiling.txt	metadata_assay	https://ftp.ebi.ac.uk/pub/databases/metabolights/studies/public/MTBLS7127/a_MTBLS7127_LC-MS_positive_reverse-phase_metabolite_profiling.txt	raw/metabolomics/MetaboLights/MTBLS7127/a_MTBLS7127_LC-MS_positive_reverse-phase_metabolite_profiling.txt	EMBL-EBI Terms of Use	https://www.ebi.ac.uk/about/terms-of-use/	per_study_terms	conditional_until_reviewed	pending
MTBLS7127	i_Investigation.txt	metadata_investigation	https://ftp.ebi.ac.uk/pub/databases/metabolights/studies/public/MTBLS7127/i_Investigation.txt	raw/metabolomics/MetaboLights/MTBLS7127/i_Investigation.txt	EMBL-EBI Terms of Use	https://www.ebi.ac.uk/about/terms-of-use/	per_study_terms	conditional_until_reviewed	pending
MTBLS7127	m_MTBLS7127_GC-MS___metabolite_profiling_v2_maf.tsv	metadata_maf	https://ftp.ebi.ac.uk/pub/databases/metabolights/studies/public/MTBLS7127/m_MTBLS7127_GC-MS___metabolite_profiling_v2_maf.tsv	raw/metabolomics/MetaboLights/MTBLS7127/m_MTBLS7127_GC-MS___metabolite_profiling_v2_maf.tsv	EMBL-EBI Terms of Use	https://www.ebi.ac.uk/about/terms-of-use/	per_study_terms	conditional_until_reviewed	pending
MTBLS7127	m_MTBLS7127_LC-MS_positive_reverse-phase_metabolite_profiling_v2_maf.tsv	metadata_maf	https://ftp.ebi.ac.uk/pub/databases/metabolights/studies/public/MTBLS7127/m_MTBLS7127_LC-MS_positive_reverse-phase_metabolite_profiling_v2_maf.tsv	raw/metabolomics/MetaboLights/MTBLS7127/m_MTBLS7127_LC-MS_positive_reverse-phase_metabolite_profiling_v2_maf.tsv	EMBL-EBI Terms of Use	https://www.ebi.ac.uk/about/terms-of-use/	per_study_terms	conditional_until_reviewed	pending
MTBLS7127	s_MTBLS7127.txt	metadata_sample	https://ftp.ebi.ac.uk/pub/databases/metabolights/studies/public/MTBLS7127/s_MTBLS7127.txt	raw/metabolomics/MetaboLights/MTBLS7127/s_MTBLS7127.txt	EMBL-EBI Terms of Use	https://www.ebi.ac.uk/about/terms-of-use/	per_study_terms	conditional_until_reviewed	pending
MTBLS718	a_MTBLS718_LC-MS_HPOS_positive_hilic_metabolite_profiling.txt	metadata_assay	https://ftp.ebi.ac.uk/pub/databases/metabolights/studies/public/MTBLS718/a_MTBLS718_LC-MS_HPOS_positive_hilic_metabolite_profiling.txt	raw/metabolomics/MetaboLights/MTBLS718/a_MTBLS718_LC-MS_HPOS_positive_hilic_metabolite_profiling.txt	EMBL-EBI Terms of Use	https://www.ebi.ac.uk/about/terms-of-use/	per_study_terms	conditional_until_reviewed	pending
MTBLS718	a_MTBLS718_LC-MS_LNEG_negative_reverse-phase_metabolite_profiling.txt	metadata_assay	https://ftp.ebi.ac.uk/pub/databases/metabolights/studies/public/MTBLS718/a_MTBLS718_LC-MS_LNEG_negative_reverse-phase_metabolite_profiling.txt	raw/metabolomics/MetaboLights/MTBLS718/a_MTBLS718_LC-MS_LNEG_negative_reverse-phase_metabolite_profiling.txt	EMBL-EBI Terms of Use	https://www.ebi.ac.uk/about/terms-of-use/	per_study_terms	conditional_until_reviewed	pending
MTBLS718	a_MTBLS718_LC-MS_LPOS_positive_reverse-phase_metabolite_profiling.txt	metadata_assay	https://ftp.ebi.ac.uk/pub/databases/metabolights/studies/public/MTBLS718/a_MTBLS718_LC-MS_LPOS_positive_reverse-phase_metabolite_profiling.txt	raw/metabolomics/MetaboLights/MTBLS718/a_MTBLS718_LC-MS_LPOS_positive_reverse-phase_metabolite_profiling.txt	EMBL-EBI Terms of Use	https://www.ebi.ac.uk/about/terms-of-use/	per_study_terms	conditional_until_reviewed	pending
MTBLS718	i_Investigation.txt	metadata_investigation	https://ftp.ebi.ac.uk/pub/databases/metabolights/studies/public/MTBLS718/i_Investigation.txt	raw/metabolomics/MetaboLights/MTBLS718/i_Investigation.txt	EMBL-EBI Terms of Use	https://www.ebi.ac.uk/about/terms-of-use/	per_study_terms	conditional_until_reviewed	pending
MTBLS718	m_MTBLS718_LC-MS_HPOS_positive_reverse-phase_metabolite_profiling_v2_maf.tsv	metadata_maf	https://ftp.ebi.ac.uk/pub/databases/metabolights/studies/public/MTBLS718/m_MTBLS718_LC-MS_HPOS_positive_reverse-phase_metabolite_profiling_v2_maf.tsv	raw/metabolomics/MetaboLights/MTBLS718/m_MTBLS718_LC-MS_HPOS_positive_reverse-phase_metabolite_profiling_v2_maf.tsv	EMBL-EBI Terms of Use	https://www.ebi.ac.uk/about/terms-of-use/	per_study_terms	conditional_until_reviewed	pending
MTBLS718	m_MTBLS718_LC-MS_LNEG_negative_reverse-phase_metabolite_profiling_v2_maf.tsv	metadata_maf	https://ftp.ebi.ac.uk/pub/databases/metabolights/studies/public/MTBLS718/m_MTBLS718_LC-MS_LNEG_negative_reverse-phase_metabolite_profiling_v2_maf.tsv	raw/metabolomics/MetaboLights/MTBLS718/m_MTBLS718_LC-MS_LNEG_negative_reverse-phase_metabolite_profiling_v2_maf.tsv	EMBL-EBI Terms of Use	https://www.ebi.ac.uk/about/terms-of-use/	per_study_terms	conditional_until_reviewed	pending
MTBLS718	m_MTBLS718_LC-MS_LPOS_positive_reverse-phase_metabolite_profiling_v2_maf.tsv	metadata_maf	https://ftp.ebi.ac.uk/pub/databases/metabolights/studies/public/MTBLS718/m_MTBLS718_LC-MS_LPOS_positive_reverse-phase_metabolite_profiling_v2_maf.tsv	raw/metabolomics/MetaboLights/MTBLS718/m_MTBLS718_LC-MS_LPOS_positive_reverse-phase_metabolite_profiling_v2_maf.tsv	EMBL-EBI Terms of Use	https://www.ebi.ac.uk/about/terms-of-use/	per_study_terms	conditional_until_reviewed	pending
MTBLS718	s_MTBLS718.txt	metadata_sample	https://ftp.ebi.ac.uk/pub/databases/metabolights/studies/public/MTBLS718/s_MTBLS718.txt	raw/metabolomics/MetaboLights/MTBLS718/s_MTBLS718.txt	EMBL-EBI Terms of Use	https://www.ebi.ac.uk/about/terms-of-use/	per_study_terms	conditional_until_reviewed	pending
MTBLS7385	a_MTBLS7385_LC-MS_negative_reverse-phase_metabolite_profiling.txt	metadata_assay	https://ftp.ebi.ac.uk/pub/databases/metabolights/studies/public/MTBLS7385/a_MTBLS7385_LC-MS_negative_reverse-phase_metabolite_profiling.txt	raw/metabolomics/MetaboLights/MTBLS7385/a_MTBLS7385_LC-MS_negative_reverse-phase_metabolite_profiling.txt	EMBL-EBI Terms of Use	https://www.ebi.ac.uk/about/terms-of-use/	per_study_terms	conditional_until_reviewed	pending
MTBLS7385	i_Investigation.txt	metadata_investigation	https://ftp.ebi.ac.uk/pub/databases/metabolights/studies/public/MTBLS7385/i_Investigation.txt	raw/metabolomics/MetaboLights/MTBLS7385/i_Investigation.txt	EMBL-EBI Terms of Use	https://www.ebi.ac.uk/about/terms-of-use/	per_study_terms	conditional_until_reviewed	pending
MTBLS7385	m_MTBLS7385_LC-MS_negative_reverse-phase_metabolite_profiling_v2_maf.tsv	metadata_maf	https://ftp.ebi.ac.uk/pub/databases/metabolights/studies/public/MTBLS7385/m_MTBLS7385_LC-MS_negative_reverse-phase_metabolite_profiling_v2_maf.tsv	raw/metabolomics/MetaboLights/MTBLS7385/m_MTBLS7385_LC-MS_negative_reverse-phase_metabolite_profiling_v2_maf.tsv	EMBL-EBI Terms of Use	https://www.ebi.ac.uk/about/terms-of-use/	per_study_terms	conditional_until_reviewed	pending
MTBLS7385	s_MTBLS7385.txt	metadata_sample	https://ftp.ebi.ac.uk/pub/databases/metabolights/studies/public/MTBLS7385/s_MTBLS7385.txt	raw/metabolomics/MetaboLights/MTBLS7385/s_MTBLS7385.txt	EMBL-EBI Terms of Use	https://www.ebi.ac.uk/about/terms-of-use/	per_study_terms	conditional_until_reviewed	pending
MTBLS7425	a_MTBLS7425_LC-MS_positive_reverse-phase_metabolite_profiling.txt	metadata_assay	https://ftp.ebi.ac.uk/pub/databases/metabolights/studies/public/MTBLS7425/a_MTBLS7425_LC-MS_positive_reverse-phase_metabolite_profiling.txt	raw/metabolomics/MetaboLights/MTBLS7425/a_MTBLS7425_LC-MS_positive_reverse-phase_metabolite_profiling.txt	EMBL-EBI Terms of Use	https://www.ebi.ac.uk/about/terms-of-use/	per_study_terms	conditional_until_reviewed	pending
MTBLS7425	i_Investigation.txt	metadata_investigation	https://ftp.ebi.ac.uk/pub/databases/metabolights/studies/public/MTBLS7425/i_Investigation.txt	raw/metabolomics/MetaboLights/MTBLS7425/i_Investigation.txt	EMBL-EBI Terms of Use	https://www.ebi.ac.uk/about/terms-of-use/	per_study_terms	conditional_until_reviewed	pending
MTBLS7425	m_MTBLS7425_LC-MS_positive_reverse-phase_metabolite_profiling_v2_maf.tsv	metadata_maf	https://ftp.ebi.ac.uk/pub/databases/metabolights/studies/public/MTBLS7425/m_MTBLS7425_LC-MS_positive_reverse-phase_metabolite_profiling_v2_maf.tsv	raw/metabolomics/MetaboLights/MTBLS7425/m_MTBLS7425_LC-MS_positive_reverse-phase_metabolite_profiling_v2_maf.tsv	EMBL-EBI Terms of Use	https://www.ebi.ac.uk/about/terms-of-use/	per_study_terms	conditional_until_reviewed	pending
MTBLS7425	s_MTBLS7425.txt	metadata_sample	https://ftp.ebi.ac.uk/pub/databases/metabolights/studies/public/MTBLS7425/s_MTBLS7425.txt	raw/metabolomics/MetaboLights/MTBLS7425/s_MTBLS7425.txt	EMBL-EBI Terms of Use	https://www.ebi.ac.uk/about/terms-of-use/	per_study_terms	conditional_until_reviewed	pending
MTBLS7764	a_MTBLS7764_NMR___metabolite_profiling.txt	metadata_assay	https://ftp.ebi.ac.uk/pub/databases/metabolights/studies/public/MTBLS7764/a_MTBLS7764_NMR___metabolite_profiling.txt	raw/metabolomics/MetaboLights/MTBLS7764/a_MTBLS7764_NMR___metabolite_profiling.txt	EMBL-EBI Terms of Use	https://www.ebi.ac.uk/about/terms-of-use/	per_study_terms	conditional_until_reviewed	pending
MTBLS7764	i_Investigation.txt	metadata_investigation	https://ftp.ebi.ac.uk/pub/databases/metabolights/studies/public/MTBLS7764/i_Investigation.txt	raw/metabolomics/MetaboLights/MTBLS7764/i_Investigation.txt	EMBL-EBI Terms of Use	https://www.ebi.ac.uk/about/terms-of-use/	per_study_terms	conditional_until_reviewed	pending
MTBLS7764	m_MTBLS7764_NMR___metabolite_profiling_v2_maf.tsv	metadata_maf	https://ftp.ebi.ac.uk/pub/databases/metabolights/studies/public/MTBLS7764/m_MTBLS7764_NMR___metabolite_profiling_v2_maf.tsv	raw/metabolomics/MetaboLights/MTBLS7764/m_MTBLS7764_NMR___metabolite_profiling_v2_maf.tsv	EMBL-EBI Terms of Use	https://www.ebi.ac.uk/about/terms-of-use/	per_study_terms	conditional_until_reviewed	pending
MTBLS7764	s_MTBLS7764.txt	metadata_sample	https://ftp.ebi.ac.uk/pub/databases/metabolights/studies/public/MTBLS7764/s_MTBLS7764.txt	raw/metabolomics/MetaboLights/MTBLS7764/s_MTBLS7764.txt	EMBL-EBI Terms of Use	https://www.ebi.ac.uk/about/terms-of-use/	per_study_terms	conditional_until_reviewed	pending
MTBLS7889	a_MTBLS7889_FIA-MS_negative__metabolite_profiling.txt	metadata_assay	https://ftp.ebi.ac.uk/pub/databases/metabolights/studies/public/MTBLS7889/a_MTBLS7889_FIA-MS_negative__metabolite_profiling.txt	raw/metabolomics/MetaboLights/MTBLS7889/a_MTBLS7889_FIA-MS_negative__metabolite_profiling.txt	EMBL-EBI Terms of Use	https://www.ebi.ac.uk/about/terms-of-use/	per_study_terms	conditional_until_reviewed	pending
MTBLS7889	a_MTBLS7889_FIA-MS_positive__metabolite_profiling.txt	metadata_assay	https://ftp.ebi.ac.uk/pub/databases/metabolights/studies/public/MTBLS7889/a_MTBLS7889_FIA-MS_positive__metabolite_profiling.txt	raw/metabolomics/MetaboLights/MTBLS7889/a_MTBLS7889_FIA-MS_positive__metabolite_profiling.txt	EMBL-EBI Terms of Use	https://www.ebi.ac.uk/about/terms-of-use/	per_study_terms	conditional_until_reviewed	pending
MTBLS7889	i_Investigation.txt	metadata_investigation	https://ftp.ebi.ac.uk/pub/databases/metabolights/studies/public/MTBLS7889/i_Investigation.txt	raw/metabolomics/MetaboLights/MTBLS7889/i_Investigation.txt	EMBL-EBI Terms of Use	https://www.ebi.ac.uk/about/terms-of-use/	per_study_terms	conditional_until_reviewed	pending
MTBLS7889	m_MTBLS7889_FIA-MS_negative__metabolite_profiling_v2_maf.tsv	metadata_maf	https://ftp.ebi.ac.uk/pub/databases/metabolights/studies/public/MTBLS7889/m_MTBLS7889_FIA-MS_negative__metabolite_profiling_v2_maf.tsv	raw/metabolomics/MetaboLights/MTBLS7889/m_MTBLS7889_FIA-MS_negative__metabolite_profiling_v2_maf.tsv	EMBL-EBI Terms of Use	https://www.ebi.ac.uk/about/terms-of-use/	per_study_terms	conditional_until_reviewed	pending
MTBLS7889	m_MTBLS7889_FIA-MS_positive__metabolite_profiling_v2_maf.tsv	metadata_maf	https://ftp.ebi.ac.uk/pub/databases/metabolights/studies/public/MTBLS7889/m_MTBLS7889_FIA-MS_positive__metabolite_profiling_v2_maf.tsv	raw/metabolomics/MetaboLights/MTBLS7889/m_MTBLS7889_FIA-MS_positive__metabolite_profiling_v2_maf.tsv	EMBL-EBI Terms of Use	https://www.ebi.ac.uk/about/terms-of-use/	per_study_terms	conditional_until_reviewed	pending
MTBLS7889	s_MTBLS7889.txt	metadata_sample	https://ftp.ebi.ac.uk/pub/databases/metabolights/studies/public/MTBLS7889/s_MTBLS7889.txt	raw/metabolomics/MetaboLights/MTBLS7889/s_MTBLS7889.txt	EMBL-EBI Terms of Use	https://www.ebi.ac.uk/about/terms-of-use/	per_study_terms	conditional_until_reviewed	pending
MTBLS7986	a_MTBLS7986_GC-MS___metabolite_profiling.txt	metadata_assay	https://ftp.ebi.ac.uk/pub/databases/metabolights/studies/public/MTBLS7986/a_MTBLS7986_GC-MS___metabolite_profiling.txt	raw/metabolomics/MetaboLights/MTBLS7986/a_MTBLS7986_GC-MS___metabolite_profiling.txt	EMBL-EBI Terms of Use	https://www.ebi.ac.uk/about/terms-of-use/	per_study_terms	conditional_until_reviewed	pending
MTBLS7986	i_Investigation.txt	metadata_investigation	https://ftp.ebi.ac.uk/pub/databases/metabolights/studies/public/MTBLS7986/i_Investigation.txt	raw/metabolomics/MetaboLights/MTBLS7986/i_Investigation.txt	EMBL-EBI Terms of Use	https://www.ebi.ac.uk/about/terms-of-use/	per_study_terms	conditional_until_reviewed	pending
MTBLS7986	m_MTBLS7986_GC-MS___metabolite_profiling_v2_maf.tsv	metadata_maf	https://ftp.ebi.ac.uk/pub/databases/metabolights/studies/public/MTBLS7986/m_MTBLS7986_GC-MS___metabolite_profiling_v2_maf.tsv	raw/metabolomics/MetaboLights/MTBLS7986/m_MTBLS7986_GC-MS___metabolite_profiling_v2_maf.tsv	EMBL-EBI Terms of Use	https://www.ebi.ac.uk/about/terms-of-use/	per_study_terms	conditional_until_reviewed	pending
MTBLS7986	s_MTBLS7986.txt	metadata_sample	https://ftp.ebi.ac.uk/pub/databases/metabolights/studies/public/MTBLS7986/s_MTBLS7986.txt	raw/metabolomics/MetaboLights/MTBLS7986/s_MTBLS7986.txt	EMBL-EBI Terms of Use	https://www.ebi.ac.uk/about/terms-of-use/	per_study_terms	conditional_until_reviewed	pending
MTBLS7996	a_MTBLS7996_GC-MS___metabolite_profiling.txt	metadata_assay	https://ftp.ebi.ac.uk/pub/databases/metabolights/studies/public/MTBLS7996/a_MTBLS7996_GC-MS___metabolite_profiling.txt	raw/metabolomics/MetaboLights/MTBLS7996/a_MTBLS7996_GC-MS___metabolite_profiling.txt	EMBL-EBI Terms of Use	https://www.ebi.ac.uk/about/terms-of-use/	per_study_terms	conditional_until_reviewed	pending
MTBLS7996	i_Investigation.txt	metadata_investigation	https://ftp.ebi.ac.uk/pub/databases/metabolights/studies/public/MTBLS7996/i_Investigation.txt	raw/metabolomics/MetaboLights/MTBLS7996/i_Investigation.txt	EMBL-EBI Terms of Use	https://www.ebi.ac.uk/about/terms-of-use/	per_study_terms	conditional_until_reviewed	pending
MTBLS7996	m_MTBLS7996_GC-MS___metabolite_profiling_v2_maf.tsv	metadata_maf	https://ftp.ebi.ac.uk/pub/databases/metabolights/studies/public/MTBLS7996/m_MTBLS7996_GC-MS___metabolite_profiling_v2_maf.tsv	raw/metabolomics/MetaboLights/MTBLS7996/m_MTBLS7996_GC-MS___metabolite_profiling_v2_maf.tsv	EMBL-EBI Terms of Use	https://www.ebi.ac.uk/about/terms-of-use/	per_study_terms	conditional_until_reviewed	pending
MTBLS7996	s_MTBLS7996.txt	metadata_sample	https://ftp.ebi.ac.uk/pub/databases/metabolights/studies/public/MTBLS7996/s_MTBLS7996.txt	raw/metabolomics/MetaboLights/MTBLS7996/s_MTBLS7996.txt	EMBL-EBI Terms of Use	https://www.ebi.ac.uk/about/terms-of-use/	per_study_terms	conditional_until_reviewed	pending
MTBLS8030	a_MTBLS8030_LC-MS_negative_reverse-phase.txt	metadata_assay	https://ftp.ebi.ac.uk/pub/databases/metabolights/studies/public/MTBLS8030/a_MTBLS8030_LC-MS_negative_reverse-phase.txt	raw/metabolomics/MetaboLights/MTBLS8030/a_MTBLS8030_LC-MS_negative_reverse-phase.txt	EMBL-EBI Terms of Use	https://www.ebi.ac.uk/about/terms-of-use/	per_study_terms	conditional_until_reviewed	pending
MTBLS8030	a_MTBLS8030_LC-MS_positive_reverse-phase.txt	metadata_assay	https://ftp.ebi.ac.uk/pub/databases/metabolights/studies/public/MTBLS8030/a_MTBLS8030_LC-MS_positive_reverse-phase.txt	raw/metabolomics/MetaboLights/MTBLS8030/a_MTBLS8030_LC-MS_positive_reverse-phase.txt	EMBL-EBI Terms of Use	https://www.ebi.ac.uk/about/terms-of-use/	per_study_terms	conditional_until_reviewed	pending
MTBLS8030	i_Investigation.txt	metadata_investigation	https://ftp.ebi.ac.uk/pub/databases/metabolights/studies/public/MTBLS8030/i_Investigation.txt	raw/metabolomics/MetaboLights/MTBLS8030/i_Investigation.txt	EMBL-EBI Terms of Use	https://www.ebi.ac.uk/about/terms-of-use/	per_study_terms	conditional_until_reviewed	pending
MTBLS8030	m_MTBLS8030_LC-MS_negative_reverse-phase_v2_maf.tsv	metadata_maf	https://ftp.ebi.ac.uk/pub/databases/metabolights/studies/public/MTBLS8030/m_MTBLS8030_LC-MS_negative_reverse-phase_v2_maf.tsv	raw/metabolomics/MetaboLights/MTBLS8030/m_MTBLS8030_LC-MS_negative_reverse-phase_v2_maf.tsv	EMBL-EBI Terms of Use	https://www.ebi.ac.uk/about/terms-of-use/	per_study_terms	conditional_until_reviewed	pending
MTBLS8030	m_MTBLS8030_LC-MS_positive_reverse-phase_v2_maf.tsv	metadata_maf	https://ftp.ebi.ac.uk/pub/databases/metabolights/studies/public/MTBLS8030/m_MTBLS8030_LC-MS_positive_reverse-phase_v2_maf.tsv	raw/metabolomics/MetaboLights/MTBLS8030/m_MTBLS8030_LC-MS_positive_reverse-phase_v2_maf.tsv	EMBL-EBI Terms of Use	https://www.ebi.ac.uk/about/terms-of-use/	per_study_terms	conditional_until_reviewed	pending
MTBLS8030	s_MTBLS8030.txt	metadata_sample	https://ftp.ebi.ac.uk/pub/databases/metabolights/studies/public/MTBLS8030/s_MTBLS8030.txt	raw/metabolomics/MetaboLights/MTBLS8030/s_MTBLS8030.txt	EMBL-EBI Terms of Use	https://www.ebi.ac.uk/about/terms-of-use/	per_study_terms	conditional_until_reviewed	pending
MTBLS8336	a_MTBLS8336_GC-MS_positive_metabolite_profiling.txt	metadata_assay	https://ftp.ebi.ac.uk/pub/databases/metabolights/studies/public/MTBLS8336/a_MTBLS8336_GC-MS_positive_metabolite_profiling.txt	raw/metabolomics/MetaboLights/MTBLS8336/a_MTBLS8336_GC-MS_positive_metabolite_profiling.txt	EMBL-EBI Terms of Use	https://www.ebi.ac.uk/about/terms-of-use/	per_study_terms	conditional_until_reviewed	pending
MTBLS8336	a_MTBLS8336_LC-MS_positive_hilic_metabolite_profiling.txt	metadata_assay	https://ftp.ebi.ac.uk/pub/databases/metabolights/studies/public/MTBLS8336/a_MTBLS8336_LC-MS_positive_hilic_metabolite_profiling.txt	raw/metabolomics/MetaboLights/MTBLS8336/a_MTBLS8336_LC-MS_positive_hilic_metabolite_profiling.txt	EMBL-EBI Terms of Use	https://www.ebi.ac.uk/about/terms-of-use/	per_study_terms	conditional_until_reviewed	pending
MTBLS8336	i_Investigation.txt	metadata_investigation	https://ftp.ebi.ac.uk/pub/databases/metabolights/studies/public/MTBLS8336/i_Investigation.txt	raw/metabolomics/MetaboLights/MTBLS8336/i_Investigation.txt	EMBL-EBI Terms of Use	https://www.ebi.ac.uk/about/terms-of-use/	per_study_terms	conditional_until_reviewed	pending
MTBLS8336	m_MTBLS8336__positive__metabolite_profiling_v2_maf.tsv	metadata_maf	https://ftp.ebi.ac.uk/pub/databases/metabolights/studies/public/MTBLS8336/m_MTBLS8336__positive__metabolite_profiling_v2_maf.tsv	raw/metabolomics/MetaboLights/MTBLS8336/m_MTBLS8336__positive__metabolite_profiling_v2_maf.tsv	EMBL-EBI Terms of Use	https://www.ebi.ac.uk/about/terms-of-use/	per_study_terms	conditional_until_reviewed	pending
MTBLS8336	s_MTBLS8336.txt	metadata_sample	https://ftp.ebi.ac.uk/pub/databases/metabolights/studies/public/MTBLS8336/s_MTBLS8336.txt	raw/metabolomics/MetaboLights/MTBLS8336/s_MTBLS8336.txt	EMBL-EBI Terms of Use	https://www.ebi.ac.uk/about/terms-of-use/	per_study_terms	conditional_until_reviewed	pending
MTBLS8439	a_MTBLS8439_LC-MS_negative_hilic_metabolite_profiling.txt	metadata_assay	https://ftp.ebi.ac.uk/pub/databases/metabolights/studies/public/MTBLS8439/a_MTBLS8439_LC-MS_negative_hilic_metabolite_profiling.txt	raw/metabolomics/MetaboLights/MTBLS8439/a_MTBLS8439_LC-MS_negative_hilic_metabolite_profiling.txt	EMBL-EBI Terms of Use	https://www.ebi.ac.uk/about/terms-of-use/	per_study_terms	conditional_until_reviewed	pending
MTBLS8439	a_MTBLS8439_LC-MS_positive_hilic_metabolite_profiling.txt	metadata_assay	https://ftp.ebi.ac.uk/pub/databases/metabolights/studies/public/MTBLS8439/a_MTBLS8439_LC-MS_positive_hilic_metabolite_profiling.txt	raw/metabolomics/MetaboLights/MTBLS8439/a_MTBLS8439_LC-MS_positive_hilic_metabolite_profiling.txt	EMBL-EBI Terms of Use	https://www.ebi.ac.uk/about/terms-of-use/	per_study_terms	conditional_until_reviewed	pending
MTBLS8439	i_Investigation.txt	metadata_investigation	https://ftp.ebi.ac.uk/pub/databases/metabolights/studies/public/MTBLS8439/i_Investigation.txt	raw/metabolomics/MetaboLights/MTBLS8439/i_Investigation.txt	EMBL-EBI Terms of Use	https://www.ebi.ac.uk/about/terms-of-use/	per_study_terms	conditional_until_reviewed	pending
MTBLS8439	m_MTBLS8439_LC-MS_negative_hilic_metabolite_profiling_v2_maf.tsv	metadata_maf	https://ftp.ebi.ac.uk/pub/databases/metabolights/studies/public/MTBLS8439/m_MTBLS8439_LC-MS_negative_hilic_metabolite_profiling_v2_maf.tsv	raw/metabolomics/MetaboLights/MTBLS8439/m_MTBLS8439_LC-MS_negative_hilic_metabolite_profiling_v2_maf.tsv	EMBL-EBI Terms of Use	https://www.ebi.ac.uk/about/terms-of-use/	per_study_terms	conditional_until_reviewed	pending
MTBLS8439	m_MTBLS8439_LC-MS_positive_hilic_metabolite_profiling_v2_maf.tsv	metadata_maf	https://ftp.ebi.ac.uk/pub/databases/metabolights/studies/public/MTBLS8439/m_MTBLS8439_LC-MS_positive_hilic_metabolite_profiling_v2_maf.tsv	raw/metabolomics/MetaboLights/MTBLS8439/m_MTBLS8439_LC-MS_positive_hilic_metabolite_profiling_v2_maf.tsv	EMBL-EBI Terms of Use	https://www.ebi.ac.uk/about/terms-of-use/	per_study_terms	conditional_until_reviewed	pending
MTBLS8439	s_MTBLS8439.txt	metadata_sample	https://ftp.ebi.ac.uk/pub/databases/metabolights/studies/public/MTBLS8439/s_MTBLS8439.txt	raw/metabolomics/MetaboLights/MTBLS8439/s_MTBLS8439.txt	EMBL-EBI Terms of Use	https://www.ebi.ac.uk/about/terms-of-use/	per_study_terms	conditional_until_reviewed	pending
MTBLS9001	a_MTBLS9001_LC-MS_positive_reverse-phase_metabolite_profiling.txt	metadata_assay	https://ftp.ebi.ac.uk/pub/databases/metabolights/studies/public/MTBLS9001/a_MTBLS9001_LC-MS_positive_reverse-phase_metabolite_profiling.txt	raw/metabolomics/MetaboLights/MTBLS9001/a_MTBLS9001_LC-MS_positive_reverse-phase_metabolite_profiling.txt	EMBL-EBI Terms of Use	https://www.ebi.ac.uk/about/terms-of-use/	per_study_terms	conditional_until_reviewed	pending
MTBLS9001	i_Investigation.txt	metadata_investigation	https://ftp.ebi.ac.uk/pub/databases/metabolights/studies/public/MTBLS9001/i_Investigation.txt	raw/metabolomics/MetaboLights/MTBLS9001/i_Investigation.txt	EMBL-EBI Terms of Use	https://www.ebi.ac.uk/about/terms-of-use/	per_study_terms	conditional_until_reviewed	pending
MTBLS9001	m_MTBLS9001_LC-MS_positive_reverse-phase_metabolite_profiling_v2_maf.tsv	metadata_maf	https://ftp.ebi.ac.uk/pub/databases/metabolights/studies/public/MTBLS9001/m_MTBLS9001_LC-MS_positive_reverse-phase_metabolite_profiling_v2_maf.tsv	raw/metabolomics/MetaboLights/MTBLS9001/m_MTBLS9001_LC-MS_positive_reverse-phase_metabolite_profiling_v2_maf.tsv	EMBL-EBI Terms of Use	https://www.ebi.ac.uk/about/terms-of-use/	per_study_terms	conditional_until_reviewed	pending
MTBLS9001	s_MTBLS9001.txt	metadata_sample	https://ftp.ebi.ac.uk/pub/databases/metabolights/studies/public/MTBLS9001/s_MTBLS9001.txt	raw/metabolomics/MetaboLights/MTBLS9001/s_MTBLS9001.txt	EMBL-EBI Terms of Use	https://www.ebi.ac.uk/about/terms-of-use/	per_study_terms	conditional_until_reviewed	pending
MTBLS9098	a_MTBLS9098_LC-MS_negative_reverse-phase_metabolite_profiling.txt	metadata_assay	https://ftp.ebi.ac.uk/pub/databases/metabolights/studies/public/MTBLS9098/a_MTBLS9098_LC-MS_negative_reverse-phase_metabolite_profiling.txt	raw/metabolomics/MetaboLights/MTBLS9098/a_MTBLS9098_LC-MS_negative_reverse-phase_metabolite_profiling.txt	EMBL-EBI Terms of Use	https://www.ebi.ac.uk/about/terms-of-use/	per_study_terms	conditional_until_reviewed	pending
MTBLS9098	a_MTBLS9098_LC-MS_positive_reverse-phase_metabolite_profiling.txt	metadata_assay	https://ftp.ebi.ac.uk/pub/databases/metabolights/studies/public/MTBLS9098/a_MTBLS9098_LC-MS_positive_reverse-phase_metabolite_profiling.txt	raw/metabolomics/MetaboLights/MTBLS9098/a_MTBLS9098_LC-MS_positive_reverse-phase_metabolite_profiling.txt	EMBL-EBI Terms of Use	https://www.ebi.ac.uk/about/terms-of-use/	per_study_terms	conditional_until_reviewed	pending
MTBLS9098	i_Investigation.txt	metadata_investigation	https://ftp.ebi.ac.uk/pub/databases/metabolights/studies/public/MTBLS9098/i_Investigation.txt	raw/metabolomics/MetaboLights/MTBLS9098/i_Investigation.txt	EMBL-EBI Terms of Use	https://www.ebi.ac.uk/about/terms-of-use/	per_study_terms	conditional_until_reviewed	pending
MTBLS9098	m_MTBLS9098_LC-MS_negative_reverse-phase_metabolite_profiling_v2_maf.tsv	metadata_maf	https://ftp.ebi.ac.uk/pub/databases/metabolights/studies/public/MTBLS9098/m_MTBLS9098_LC-MS_negative_reverse-phase_metabolite_profiling_v2_maf.tsv	raw/metabolomics/MetaboLights/MTBLS9098/m_MTBLS9098_LC-MS_negative_reverse-phase_metabolite_profiling_v2_maf.tsv	EMBL-EBI Terms of Use	https://www.ebi.ac.uk/about/terms-of-use/	per_study_terms	conditional_until_reviewed	pending
MTBLS9098	m_MTBLS9098_LC-MS_positive_reverse-phase_metabolite_profiling_v2_maf.tsv	metadata_maf	https://ftp.ebi.ac.uk/pub/databases/metabolights/studies/public/MTBLS9098/m_MTBLS9098_LC-MS_positive_reverse-phase_metabolite_profiling_v2_maf.tsv	raw/metabolomics/MetaboLights/MTBLS9098/m_MTBLS9098_LC-MS_positive_reverse-phase_metabolite_profiling_v2_maf.tsv	EMBL-EBI Terms of Use	https://www.ebi.ac.uk/about/terms-of-use/	per_study_terms	conditional_until_reviewed	pending
MTBLS9098	s_MTBLS9098.txt	metadata_sample	https://ftp.ebi.ac.uk/pub/databases/metabolights/studies/public/MTBLS9098/s_MTBLS9098.txt	raw/metabolomics/MetaboLights/MTBLS9098/s_MTBLS9098.txt	EMBL-EBI Terms of Use	https://www.ebi.ac.uk/about/terms-of-use/	per_study_terms	conditional_until_reviewed	pending
MTBLS9131	a_MTBLS9131_NMR___metabolite_profiling.txt	metadata_assay	https://ftp.ebi.ac.uk/pub/databases/metabolights/studies/public/MTBLS9131/a_MTBLS9131_NMR___metabolite_profiling.txt	raw/metabolomics/MetaboLights/MTBLS9131/a_MTBLS9131_NMR___metabolite_profiling.txt	EMBL-EBI Terms of Use	https://www.ebi.ac.uk/about/terms-of-use/	per_study_terms	conditional_until_reviewed	pending
MTBLS9131	i_Investigation.txt	metadata_investigation	https://ftp.ebi.ac.uk/pub/databases/metabolights/studies/public/MTBLS9131/i_Investigation.txt	raw/metabolomics/MetaboLights/MTBLS9131/i_Investigation.txt	EMBL-EBI Terms of Use	https://www.ebi.ac.uk/about/terms-of-use/	per_study_terms	conditional_until_reviewed	pending
MTBLS9131	m_MTBLS9131_NMR___metabolite_profiling_v2_maf.tsv	metadata_maf	https://ftp.ebi.ac.uk/pub/databases/metabolights/studies/public/MTBLS9131/m_MTBLS9131_NMR___metabolite_profiling_v2_maf.tsv	raw/metabolomics/MetaboLights/MTBLS9131/m_MTBLS9131_NMR___metabolite_profiling_v2_maf.tsv	EMBL-EBI Terms of Use	https://www.ebi.ac.uk/about/terms-of-use/	per_study_terms	conditional_until_reviewed	pending
MTBLS9131	s_MTBLS9131.txt	metadata_sample	https://ftp.ebi.ac.uk/pub/databases/metabolights/studies/public/MTBLS9131/s_MTBLS9131.txt	raw/metabolomics/MetaboLights/MTBLS9131/s_MTBLS9131.txt	EMBL-EBI Terms of Use	https://www.ebi.ac.uk/about/terms-of-use/	per_study_terms	conditional_until_reviewed	pending
MTBLS923	a_MTBLS923_LC-MS_negative_reverse-phase_metabolite_profiling.txt	metadata_assay	https://ftp.ebi.ac.uk/pub/databases/metabolights/studies/public/MTBLS923/a_MTBLS923_LC-MS_negative_reverse-phase_metabolite_profiling.txt	raw/metabolomics/MetaboLights/MTBLS923/a_MTBLS923_LC-MS_negative_reverse-phase_metabolite_profiling.txt	EMBL-EBI Terms of Use	https://www.ebi.ac.uk/about/terms-of-use/	per_study_terms	conditional_until_reviewed	pending
MTBLS923	i_Investigation.txt	metadata_investigation	https://ftp.ebi.ac.uk/pub/databases/metabolights/studies/public/MTBLS923/i_Investigation.txt	raw/metabolomics/MetaboLights/MTBLS923/i_Investigation.txt	EMBL-EBI Terms of Use	https://www.ebi.ac.uk/about/terms-of-use/	per_study_terms	conditional_until_reviewed	pending
MTBLS923	m_MTBLS923_LC-MS_negative_reverse-phase_metabolite_profiling_v2_maf.tsv	metadata_maf	https://ftp.ebi.ac.uk/pub/databases/metabolights/studies/public/MTBLS923/m_MTBLS923_LC-MS_negative_reverse-phase_metabolite_profiling_v2_maf.tsv	raw/metabolomics/MetaboLights/MTBLS923/m_MTBLS923_LC-MS_negative_reverse-phase_metabolite_profiling_v2_maf.tsv	EMBL-EBI Terms of Use	https://www.ebi.ac.uk/about/terms-of-use/	per_study_terms	conditional_until_reviewed	pending
MTBLS923	s_MTBLS923.txt	metadata_sample	https://ftp.ebi.ac.uk/pub/databases/metabolights/studies/public/MTBLS923/s_MTBLS923.txt	raw/metabolomics/MetaboLights/MTBLS923/s_MTBLS923.txt	EMBL-EBI Terms of Use	https://www.ebi.ac.uk/about/terms-of-use/	per_study_terms	conditional_until_reviewed	pending
MTBLS9357	a_MTBLS9357_GC-MS_Enzyme_positive__metabolite_profiling.txt	metadata_assay	https://ftp.ebi.ac.uk/pub/databases/metabolights/studies/public/MTBLS9357/a_MTBLS9357_GC-MS_Enzyme_positive__metabolite_profiling.txt	raw/metabolomics/MetaboLights/MTBLS9357/a_MTBLS9357_GC-MS_Enzyme_positive__metabolite_profiling.txt	EMBL-EBI Terms of Use	https://www.ebi.ac.uk/about/terms-of-use/	per_study_terms	conditional_until_reviewed	pending
MTBLS9357	a_MTBLS9357_GC-MS_Tissue_positive__metabolite_profiling.txt	metadata_assay	https://ftp.ebi.ac.uk/pub/databases/metabolights/studies/public/MTBLS9357/a_MTBLS9357_GC-MS_Tissue_positive__metabolite_profiling.txt	raw/metabolomics/MetaboLights/MTBLS9357/a_MTBLS9357_GC-MS_Tissue_positive__metabolite_profiling.txt	EMBL-EBI Terms of Use	https://www.ebi.ac.uk/about/terms-of-use/	per_study_terms	conditional_until_reviewed	pending
MTBLS9357	a_MTBLS9357_LC-MS_Leaf-discs_positive_reverse-phase_metabolite_profiling.txt	metadata_assay	https://ftp.ebi.ac.uk/pub/databases/metabolights/studies/public/MTBLS9357/a_MTBLS9357_LC-MS_Leaf-discs_positive_reverse-phase_metabolite_profiling.txt	raw/metabolomics/MetaboLights/MTBLS9357/a_MTBLS9357_LC-MS_Leaf-discs_positive_reverse-phase_metabolite_profiling.txt	EMBL-EBI Terms of Use	https://www.ebi.ac.uk/about/terms-of-use/	per_study_terms	conditional_until_reviewed	pending
MTBLS9357	a_MTBLS9357_LC-MS_Tissue_negative_reverse-phase_metabolite_profiling.txt	metadata_assay	https://ftp.ebi.ac.uk/pub/databases/metabolights/studies/public/MTBLS9357/a_MTBLS9357_LC-MS_Tissue_negative_reverse-phase_metabolite_profiling.txt	raw/metabolomics/MetaboLights/MTBLS9357/a_MTBLS9357_LC-MS_Tissue_negative_reverse-phase_metabolite_profiling.txt	EMBL-EBI Terms of Use	https://www.ebi.ac.uk/about/terms-of-use/	per_study_terms	conditional_until_reviewed	pending
MTBLS9357	i_Investigation.txt	metadata_investigation	https://ftp.ebi.ac.uk/pub/databases/metabolights/studies/public/MTBLS9357/i_Investigation.txt	raw/metabolomics/MetaboLights/MTBLS9357/i_Investigation.txt	EMBL-EBI Terms of Use	https://www.ebi.ac.uk/about/terms-of-use/	per_study_terms	conditional_until_reviewed	pending
MTBLS9357	m_MTBLS9357_GC-MS_positive__metabolite_profiling_v2_maf.tsv	metadata_maf	https://ftp.ebi.ac.uk/pub/databases/metabolights/studies/public/MTBLS9357/m_MTBLS9357_GC-MS_positive__metabolite_profiling_v2_maf.tsv	raw/metabolomics/MetaboLights/MTBLS9357/m_MTBLS9357_GC-MS_positive__metabolite_profiling_v2_maf.tsv	EMBL-EBI Terms of Use	https://www.ebi.ac.uk/about/terms-of-use/	per_study_terms	conditional_until_reviewed	pending
MTBLS9357	m_MTBLS9357_LC-MS_Leaf-discs_positive_reverse-phase_metabolite_profiling_v2_maf.tsv	metadata_maf	https://ftp.ebi.ac.uk/pub/databases/metabolights/studies/public/MTBLS9357/m_MTBLS9357_LC-MS_Leaf-discs_positive_reverse-phase_metabolite_profiling_v2_maf.tsv	raw/metabolomics/MetaboLights/MTBLS9357/m_MTBLS9357_LC-MS_Leaf-discs_positive_reverse-phase_metabolite_profiling_v2_maf.tsv	EMBL-EBI Terms of Use	https://www.ebi.ac.uk/about/terms-of-use/	per_study_terms	conditional_until_reviewed	pending
MTBLS9357	m_MTBLS9357_LC-MS_Tissue_negative_reverse-phase_metabolite_profiling_v2_maf.tsv	metadata_maf	https://ftp.ebi.ac.uk/pub/databases/metabolights/studies/public/MTBLS9357/m_MTBLS9357_LC-MS_Tissue_negative_reverse-phase_metabolite_profiling_v2_maf.tsv	raw/metabolomics/MetaboLights/MTBLS9357/m_MTBLS9357_LC-MS_Tissue_negative_reverse-phase_metabolite_profiling_v2_maf.tsv	EMBL-EBI Terms of Use	https://www.ebi.ac.uk/about/terms-of-use/	per_study_terms	conditional_until_reviewed	pending
MTBLS9357	s_MTBLS9357.txt	metadata_sample	https://ftp.ebi.ac.uk/pub/databases/metabolights/studies/public/MTBLS9357/s_MTBLS9357.txt	raw/metabolomics/MetaboLights/MTBLS9357/s_MTBLS9357.txt	EMBL-EBI Terms of Use	https://www.ebi.ac.uk/about/terms-of-use/	per_study_terms	conditional_until_reviewed	pending
MTBLS9567	a_MTBLS9567_LC-MS_negative_reverse-phase_metabolite_profiling.txt	metadata_assay	https://ftp.ebi.ac.uk/pub/databases/metabolights/studies/public/MTBLS9567/a_MTBLS9567_LC-MS_negative_reverse-phase_metabolite_profiling.txt	raw/metabolomics/MetaboLights/MTBLS9567/a_MTBLS9567_LC-MS_negative_reverse-phase_metabolite_profiling.txt	EMBL-EBI Terms of Use	https://www.ebi.ac.uk/about/terms-of-use/	per_study_terms	conditional_until_reviewed	pending
MTBLS9567	a_MTBLS9567_LC-MS_positive_reverse-phase_metabolite_profiling.txt	metadata_assay	https://ftp.ebi.ac.uk/pub/databases/metabolights/studies/public/MTBLS9567/a_MTBLS9567_LC-MS_positive_reverse-phase_metabolite_profiling.txt	raw/metabolomics/MetaboLights/MTBLS9567/a_MTBLS9567_LC-MS_positive_reverse-phase_metabolite_profiling.txt	EMBL-EBI Terms of Use	https://www.ebi.ac.uk/about/terms-of-use/	per_study_terms	conditional_until_reviewed	pending
MTBLS9567	i_Investigation.txt	metadata_investigation	https://ftp.ebi.ac.uk/pub/databases/metabolights/studies/public/MTBLS9567/i_Investigation.txt	raw/metabolomics/MetaboLights/MTBLS9567/i_Investigation.txt	EMBL-EBI Terms of Use	https://www.ebi.ac.uk/about/terms-of-use/	per_study_terms	conditional_until_reviewed	pending
MTBLS9567	m_MTBLS9567_LC-MS_negative__metabolite_profiling_v2_maf.tsv	metadata_maf	https://ftp.ebi.ac.uk/pub/databases/metabolights/studies/public/MTBLS9567/m_MTBLS9567_LC-MS_negative__metabolite_profiling_v2_maf.tsv	raw/metabolomics/MetaboLights/MTBLS9567/m_MTBLS9567_LC-MS_negative__metabolite_profiling_v2_maf.tsv	EMBL-EBI Terms of Use	https://www.ebi.ac.uk/about/terms-of-use/	per_study_terms	conditional_until_reviewed	pending
MTBLS9567	m_MTBLS9567_LC-MS_positive__metabolite_profiling_v2_maf.tsv	metadata_maf	https://ftp.ebi.ac.uk/pub/databases/metabolights/studies/public/MTBLS9567/m_MTBLS9567_LC-MS_positive__metabolite_profiling_v2_maf.tsv	raw/metabolomics/MetaboLights/MTBLS9567/m_MTBLS9567_LC-MS_positive__metabolite_profiling_v2_maf.tsv	EMBL-EBI Terms of Use	https://www.ebi.ac.uk/about/terms-of-use/	per_study_terms	conditional_until_reviewed	pending
MTBLS9567	s_MTBLS9567.txt	metadata_sample	https://ftp.ebi.ac.uk/pub/databases/metabolights/studies/public/MTBLS9567/s_MTBLS9567.txt	raw/metabolomics/MetaboLights/MTBLS9567/s_MTBLS9567.txt	EMBL-EBI Terms of Use	https://www.ebi.ac.uk/about/terms-of-use/	per_study_terms	conditional_until_reviewed	pending
MTBLS957	a_MTBLS957_Neg_DI-MS_Effects_Of_Induction.txt	metadata_assay	https://ftp.ebi.ac.uk/pub/databases/metabolights/studies/public/MTBLS957/a_MTBLS957_Neg_DI-MS_Effects_Of_Induction.txt	raw/metabolomics/MetaboLights/MTBLS957/a_MTBLS957_Neg_DI-MS_Effects_Of_Induction.txt	EMBL-EBI Terms of Use	https://www.ebi.ac.uk/about/terms-of-use/	per_study_terms	conditional_until_reviewed	pending
MTBLS957	a_MTBLS957_Neg_DI-MS_Expression_Timecourse.txt	metadata_assay	https://ftp.ebi.ac.uk/pub/databases/metabolights/studies/public/MTBLS957/a_MTBLS957_Neg_DI-MS_Expression_Timecourse.txt	raw/metabolomics/MetaboLights/MTBLS957/a_MTBLS957_Neg_DI-MS_Expression_Timecourse.txt	EMBL-EBI Terms of Use	https://www.ebi.ac.uk/about/terms-of-use/	per_study_terms	conditional_until_reviewed	pending
MTBLS957	a_MTBLS957_Neg_DI-MS_Expressors_vs_NonExpressors.txt	metadata_assay	https://ftp.ebi.ac.uk/pub/databases/metabolights/studies/public/MTBLS957/a_MTBLS957_Neg_DI-MS_Expressors_vs_NonExpressors.txt	raw/metabolomics/MetaboLights/MTBLS957/a_MTBLS957_Neg_DI-MS_Expressors_vs_NonExpressors.txt	EMBL-EBI Terms of Use	https://www.ebi.ac.uk/about/terms-of-use/	per_study_terms	conditional_until_reviewed	pending
MTBLS957	i_Investigation.txt	metadata_investigation	https://ftp.ebi.ac.uk/pub/databases/metabolights/studies/public/MTBLS957/i_Investigation.txt	raw/metabolomics/MetaboLights/MTBLS957/i_Investigation.txt	EMBL-EBI Terms of Use	https://www.ebi.ac.uk/about/terms-of-use/	per_study_terms	conditional_until_reviewed	pending
MTBLS957	s_MTBLS957.txt	metadata_sample	https://ftp.ebi.ac.uk/pub/databases/metabolights/studies/public/MTBLS957/s_MTBLS957.txt	raw/metabolomics/MetaboLights/MTBLS957/s_MTBLS957.txt	EMBL-EBI Terms of Use	https://www.ebi.ac.uk/about/terms-of-use/	per_study_terms	conditional_until_reviewed	pending
MTBLS963	a_MTBLS963_LC-MS_positive_reverse-phase_metabolite_profiling.txt	metadata_assay	https://ftp.ebi.ac.uk/pub/databases/metabolights/studies/public/MTBLS963/a_MTBLS963_LC-MS_positive_reverse-phase_metabolite_profiling.txt	raw/metabolomics/MetaboLights/MTBLS963/a_MTBLS963_LC-MS_positive_reverse-phase_metabolite_profiling.txt	EMBL-EBI Terms of Use	https://www.ebi.ac.uk/about/terms-of-use/	per_study_terms	conditional_until_reviewed	pending
MTBLS963	i_Investigation.txt	metadata_investigation	https://ftp.ebi.ac.uk/pub/databases/metabolights/studies/public/MTBLS963/i_Investigation.txt	raw/metabolomics/MetaboLights/MTBLS963/i_Investigation.txt	EMBL-EBI Terms of Use	https://www.ebi.ac.uk/about/terms-of-use/	per_study_terms	conditional_until_reviewed	pending
MTBLS963	m_MTBLS963_LC-MS_positive_reverse-phase_metabolite_profiling_v2_maf.tsv	metadata_maf	https://ftp.ebi.ac.uk/pub/databases/metabolights/studies/public/MTBLS963/m_MTBLS963_LC-MS_positive_reverse-phase_metabolite_profiling_v2_maf.tsv	raw/metabolomics/MetaboLights/MTBLS963/m_MTBLS963_LC-MS_positive_reverse-phase_metabolite_profiling_v2_maf.tsv	EMBL-EBI Terms of Use	https://www.ebi.ac.uk/about/terms-of-use/	per_study_terms	conditional_until_reviewed	pending
MTBLS963	s_MTBLS963.txt	metadata_sample	https://ftp.ebi.ac.uk/pub/databases/metabolights/studies/public/MTBLS963/s_MTBLS963.txt	raw/metabolomics/MetaboLights/MTBLS963/s_MTBLS963.txt	EMBL-EBI Terms of Use	https://www.ebi.ac.uk/about/terms-of-use/	per_study_terms	conditional_until_reviewed	pending
MTBLS9803	a_MTBLS9803_LC-MS_negative_reverse-phase_metabolite_profiling.txt	metadata_assay	https://ftp.ebi.ac.uk/pub/databases/metabolights/studies/public/MTBLS9803/a_MTBLS9803_LC-MS_negative_reverse-phase_metabolite_profiling.txt	raw/metabolomics/MetaboLights/MTBLS9803/a_MTBLS9803_LC-MS_negative_reverse-phase_metabolite_profiling.txt	EMBL-EBI Terms of Use	https://www.ebi.ac.uk/about/terms-of-use/	per_study_terms	conditional_until_reviewed	pending
MTBLS9803	a_MTBLS9803_LC-MS_positive_reverse-phase_metabolite_profiling.txt	metadata_assay	https://ftp.ebi.ac.uk/pub/databases/metabolights/studies/public/MTBLS9803/a_MTBLS9803_LC-MS_positive_reverse-phase_metabolite_profiling.txt	raw/metabolomics/MetaboLights/MTBLS9803/a_MTBLS9803_LC-MS_positive_reverse-phase_metabolite_profiling.txt	EMBL-EBI Terms of Use	https://www.ebi.ac.uk/about/terms-of-use/	per_study_terms	conditional_until_reviewed	pending
MTBLS9803	i_Investigation.txt	metadata_investigation	https://ftp.ebi.ac.uk/pub/databases/metabolights/studies/public/MTBLS9803/i_Investigation.txt	raw/metabolomics/MetaboLights/MTBLS9803/i_Investigation.txt	EMBL-EBI Terms of Use	https://www.ebi.ac.uk/about/terms-of-use/	per_study_terms	conditional_until_reviewed	pending
MTBLS9803	m_MTBLS9803_LC-MS_negative_reverse-phase_metabolite_profiling_v2_maf.tsv	metadata_maf	https://ftp.ebi.ac.uk/pub/databases/metabolights/studies/public/MTBLS9803/m_MTBLS9803_LC-MS_negative_reverse-phase_metabolite_profiling_v2_maf.tsv	raw/metabolomics/MetaboLights/MTBLS9803/m_MTBLS9803_LC-MS_negative_reverse-phase_metabolite_profiling_v2_maf.tsv	EMBL-EBI Terms of Use	https://www.ebi.ac.uk/about/terms-of-use/	per_study_terms	conditional_until_reviewed	pending
MTBLS9803	m_MTBLS9803_LC-MS_positive_reverse-phase_metabolite_profiling_v2_maf.tsv	metadata_maf	https://ftp.ebi.ac.uk/pub/databases/metabolights/studies/public/MTBLS9803/m_MTBLS9803_LC-MS_positive_reverse-phase_metabolite_profiling_v2_maf.tsv	raw/metabolomics/MetaboLights/MTBLS9803/m_MTBLS9803_LC-MS_positive_reverse-phase_metabolite_profiling_v2_maf.tsv	EMBL-EBI Terms of Use	https://www.ebi.ac.uk/about/terms-of-use/	per_study_terms	conditional_until_reviewed	pending
MTBLS9803	s_MTBLS9803.txt	metadata_sample	https://ftp.ebi.ac.uk/pub/databases/metabolights/studies/public/MTBLS9803/s_MTBLS9803.txt	raw/metabolomics/MetaboLights/MTBLS9803/s_MTBLS9803.txt	EMBL-EBI Terms of Use	https://www.ebi.ac.uk/about/terms-of-use/	per_study_terms	conditional_until_reviewed	pending
MTBLS9991	a_MTBLS9991_LC-MS_negative_hilic_metabolite_profiling.txt	metadata_assay	https://ftp.ebi.ac.uk/pub/databases/metabolights/studies/public/MTBLS9991/a_MTBLS9991_LC-MS_negative_hilic_metabolite_profiling.txt	raw/metabolomics/MetaboLights/MTBLS9991/a_MTBLS9991_LC-MS_negative_hilic_metabolite_profiling.txt	EMBL-EBI Terms of Use	https://www.ebi.ac.uk/about/terms-of-use/	per_study_terms	conditional_until_reviewed	pending
MTBLS9991	i_Investigation.txt	metadata_investigation	https://ftp.ebi.ac.uk/pub/databases/metabolights/studies/public/MTBLS9991/i_Investigation.txt	raw/metabolomics/MetaboLights/MTBLS9991/i_Investigation.txt	EMBL-EBI Terms of Use	https://www.ebi.ac.uk/about/terms-of-use/	per_study_terms	conditional_until_reviewed	pending
MTBLS9991	m_MTBLS9991_LC-MS_negative_hilic_metabolite_profiling_v2_maf.tsv	metadata_maf	https://ftp.ebi.ac.uk/pub/databases/metabolights/studies/public/MTBLS9991/m_MTBLS9991_LC-MS_negative_hilic_metabolite_profiling_v2_maf.tsv	raw/metabolomics/MetaboLights/MTBLS9991/m_MTBLS9991_LC-MS_negative_hilic_metabolite_profiling_v2_maf.tsv	EMBL-EBI Terms of Use	https://www.ebi.ac.uk/about/terms-of-use/	per_study_terms	conditional_until_reviewed	pending
MTBLS9991	s_MTBLS9991.txt	metadata_sample	https://ftp.ebi.ac.uk/pub/databases/metabolights/studies/public/MTBLS9991/s_MTBLS9991.txt	raw/metabolomics/MetaboLights/MTBLS9991/s_MTBLS9991.txt	EMBL-EBI Terms of Use	https://www.ebi.ac.uk/about/terms-of-use/	per_study_terms	conditional_until_reviewed	pending
